PMCID,Parameter,Reported numerical value,Unit,Evidence,Tested Isolate,Bacterial species name(s) in that isolate,Bacterial strain(s) in that isolate,Source of biological entities in that isolate,Wild-type or mutant status / genotype name in that isolate,Biofilm / planktonic / mixed in that isolate,Drug or chemical compound name(s),Title,Citation
PMC2613227,growth rate,twice,NaN,"The growth rate of P. aeruginosa in YPD at 30 °C was twice that in RPMI at 37 °C (data not shown); yet the viable population of C. albicans yeast cells, grown with or without the bacterium, increased 60–100-fold within 48 h.",Isolate 1,P. aeruginosa,NaN,NaN,NaN,NaN,NaN,Cell wall glycans and soluble factors determine the interactions between the hyphae of Candida albicans and Pseudomonas aeruginosa,"Brand A, Barnes JD, Mackenzie KS, Odds FC, Gow NA. Cell wall glycans and soluble factors determine the interactions between the hyphae of Candida albicans and Pseudomonas aeruginosa. FEMS Microbiol Lett. 2008 Oct;287(1):48-55. doi: 10.1111/j.1574-6968.2008.01301.x. Epub 2008 Aug 2. PMID: 18680523; PMCID: PMC2613227."
PMC10174691,growth rate,0.40 +/- 0.19,NaN,"For simulations where growth rate (μ) was not varied, we estimated the growth rate of both bacterial species using the average growth rate found in the study (Figure 1B, Figure 3A, Figure 3F and S. aureus = 0.40 +/- 0.19; P. aeruginosa = 0.3 +/- 0.045).",Isolate 1,S. aureus,RN4220,BEI resources,Wildtype strain,NaN,NaN,Interactions between metabolism and growth can determine the co-existence of Staphylococcus aureus and Pseudomonas aeruginosa,"Pajon C, Fortoul MC, Diaz-Tang G, Marin Meneses E, Kalifa AR, Sevy E, Mariah T, Toscan B, Marcelin M, Hernandez DM, Marzouk MM, Lopatkin AJ, Eldakar OT, Smith RP. Interactions between metabolism and growth can determine the co-existence of Staphylococcus aureus and Pseudomonas aeruginosa. Elife. 2023 Apr 20;12:e83664. doi: 10.7554/eLife.83664. PMID: 37078696; PMCID: PMC10174691."
PMC10174691,growth rate,0.3 +/- 0.045,NaN,"For simulations where growth rate (μ) was not varied, we estimated the growth rate of both bacterial species using the average growth rate found in the study (Figure 1B, Figure 3A, Figure 3F and S. aureus = 0.40 +/- 0.19; P. aeruginosa = 0.3 +/- 0.045).",Isolate 2,P. aeruginosa,PA14,Lingchong You,Wildtype strain,NaN,NaN,Interactions between metabolism and growth can determine the co-existence of Staphylococcus aureus and Pseudomonas aeruginosa,"Pajon C, Fortoul MC, Diaz-Tang G, Marin Meneses E, Kalifa AR, Sevy E, Mariah T, Toscan B, Marcelin M, Hernandez DM, Marzouk MM, Lopatkin AJ, Eldakar OT, Smith RP. Interactions between metabolism and growth can determine the co-existence of Staphylococcus aureus and Pseudomonas aeruginosa. Elife. 2023 Apr 20;12:e83664. doi: 10.7554/eLife.83664. PMID: 37078696; PMCID: PMC10174691."
PMC10060419,MIC,3,mg/ml,"Therefore, these results demonstrate that the MIC and MBC of ZnO NPs for all PA strains were successful at concentrations of 3 and 6 mg/ml, respectively.",Isolate 1,PA,PA 27853,PA 27853 was obtained from the international PA panel; these whole genome sequence is available.,NaN,NaN,ZnO NPs,The impact of biosynthesized ZnO nanoparticles from Olea europaea (Common Olive) on Pseudomonas aeruginosa growth and biofilm formation,"Al-Momani H, Al Balawi D, Hamed S, Albiss BA, Almasri M, AlGhawrie H, Ibrahim L, Al Balawi H, Al Haj Mahmoud S, Pearson J, Ward C. The impact of biosynthesized ZnO nanoparticles from Olea europaea (Common Olive) on Pseudomonas aeruginosa growth and biofilm formation. Sci Rep. 2023 Mar 29;13(1):5096. doi: 10.1038/s41598-023-32366-1. PMID: 36991258; PMCID: PMC10060419."
PMC10060419,MBC,6,mg/ml,"Therefore, these results demonstrate that the MIC and MBC of ZnO NPs for all PA strains were successful at concentrations of 3 and 6 mg/ml, respectively.",Isolate 1,PA,PA 27853,PA 27853 was obtained from the international PA panel; these whole genome sequence is available.,NaN,NaN,ZnO NPs,The impact of biosynthesized ZnO nanoparticles from Olea europaea (Common Olive) on Pseudomonas aeruginosa growth and biofilm formation,"Al-Momani H, Al Balawi D, Hamed S, Albiss BA, Almasri M, AlGhawrie H, Ibrahim L, Al Balawi H, Al Haj Mahmoud S, Pearson J, Ward C. The impact of biosynthesized ZnO nanoparticles from Olea europaea (Common Olive) on Pseudomonas aeruginosa growth and biofilm formation. Sci Rep. 2023 Mar 29;13(1):5096. doi: 10.1038/s41598-023-32366-1. PMID: 36991258; PMCID: PMC10060419."
PMC10060419,MIC,3,mg/ml,"Therefore, these results demonstrate that the MIC and MBC of ZnO NPs for all PA strains were successful at concentrations of 3 and 6 mg/ml, respectively.",Isolate 2,PA,PA1,"The microbiology department at Prince Hamza Hospital, Jordan, and the microbiology laboratory at Jordan University provided the clinical isolates. Samples were obtained from the sputum of CF patients.",no multi-drug resistant (MDR) PA,NaN,ZnO NPs,The impact of biosynthesized ZnO nanoparticles from Olea europaea (Common Olive) on Pseudomonas aeruginosa growth and biofilm formation,"Al-Momani H, Al Balawi D, Hamed S, Albiss BA, Almasri M, AlGhawrie H, Ibrahim L, Al Balawi H, Al Haj Mahmoud S, Pearson J, Ward C. The impact of biosynthesized ZnO nanoparticles from Olea europaea (Common Olive) on Pseudomonas aeruginosa growth and biofilm formation. Sci Rep. 2023 Mar 29;13(1):5096. doi: 10.1038/s41598-023-32366-1. PMID: 36991258; PMCID: PMC10060419."
PMC10060419,MBC,6,mg/ml,"Therefore, these results demonstrate that the MIC and MBC of ZnO NPs for all PA strains were successful at concentrations of 3 and 6 mg/ml, respectively.",Isolate 2,PA,PA1,"The microbiology department at Prince Hamza Hospital, Jordan, and the microbiology laboratory at Jordan University provided the clinical isolates. Samples were obtained from the sputum of CF patients.",no multi-drug resistant (MDR) PA,NaN,ZnO NPs,The impact of biosynthesized ZnO nanoparticles from Olea europaea (Common Olive) on Pseudomonas aeruginosa growth and biofilm formation,"Al-Momani H, Al Balawi D, Hamed S, Albiss BA, Almasri M, AlGhawrie H, Ibrahim L, Al Balawi H, Al Haj Mahmoud S, Pearson J, Ward C. The impact of biosynthesized ZnO nanoparticles from Olea europaea (Common Olive) on Pseudomonas aeruginosa growth and biofilm formation. Sci Rep. 2023 Mar 29;13(1):5096. doi: 10.1038/s41598-023-32366-1. PMID: 36991258; PMCID: PMC10060419."
PMC10060419,MIC,3,mg/ml,"Therefore, these results demonstrate that the MIC and MBC of ZnO NPs for all PA strains were successful at concentrations of 3 and 6 mg/ml, respectively.",Isolate 3,PA,PA2,"The microbiology department at Prince Hamza Hospital, Jordan, and the microbiology laboratory at Jordan University provided the clinical isolates. Samples were obtained from the sputum of CF patients.",no multi-drug resistant (MDR) PA,NaN,ZnO NPs,The impact of biosynthesized ZnO nanoparticles from Olea europaea (Common Olive) on Pseudomonas aeruginosa growth and biofilm formation,"Al-Momani H, Al Balawi D, Hamed S, Albiss BA, Almasri M, AlGhawrie H, Ibrahim L, Al Balawi H, Al Haj Mahmoud S, Pearson J, Ward C. The impact of biosynthesized ZnO nanoparticles from Olea europaea (Common Olive) on Pseudomonas aeruginosa growth and biofilm formation. Sci Rep. 2023 Mar 29;13(1):5096. doi: 10.1038/s41598-023-32366-1. PMID: 36991258; PMCID: PMC10060419."
PMC10060419,MBC,6,mg/ml,"Therefore, these results demonstrate that the MIC and MBC of ZnO NPs for all PA strains were successful at concentrations of 3 and 6 mg/ml, respectively.",Isolate 3,PA,PA2,"The microbiology department at Prince Hamza Hospital, Jordan, and the microbiology laboratory at Jordan University provided the clinical isolates. Samples were obtained from the sputum of CF patients.",no multi-drug resistant (MDR) PA,NaN,ZnO NPs,The impact of biosynthesized ZnO nanoparticles from Olea europaea (Common Olive) on Pseudomonas aeruginosa growth and biofilm formation,"Al-Momani H, Al Balawi D, Hamed S, Albiss BA, Almasri M, AlGhawrie H, Ibrahim L, Al Balawi H, Al Haj Mahmoud S, Pearson J, Ward C. The impact of biosynthesized ZnO nanoparticles from Olea europaea (Common Olive) on Pseudomonas aeruginosa growth and biofilm formation. Sci Rep. 2023 Mar 29;13(1):5096. doi: 10.1038/s41598-023-32366-1. PMID: 36991258; PMCID: PMC10060419."
PMC10060419,MIC,3,mg/ml,"Therefore, these results demonstrate that the MIC and MBC of ZnO NPs for all PA strains were successful at concentrations of 3 and 6 mg/ml, respectively.",Isolate 4,PA,PA3,"The microbiology department at Prince Hamza Hospital, Jordan, and the microbiology laboratory at Jordan University provided the clinical isolates. Samples were obtained from the sputum of CF patients.",no multi-drug resistant (MDR) PA,NaN,ZnO NPs,The impact of biosynthesized ZnO nanoparticles from Olea europaea (Common Olive) on Pseudomonas aeruginosa growth and biofilm formation,"Al-Momani H, Al Balawi D, Hamed S, Albiss BA, Almasri M, AlGhawrie H, Ibrahim L, Al Balawi H, Al Haj Mahmoud S, Pearson J, Ward C. The impact of biosynthesized ZnO nanoparticles from Olea europaea (Common Olive) on Pseudomonas aeruginosa growth and biofilm formation. Sci Rep. 2023 Mar 29;13(1):5096. doi: 10.1038/s41598-023-32366-1. PMID: 36991258; PMCID: PMC10060419."
PMC10060419,MBC,6,mg/ml,"Therefore, these results demonstrate that the MIC and MBC of ZnO NPs for all PA strains were successful at concentrations of 3 and 6 mg/ml, respectively.",Isolate 4,PA,PA3,"The microbiology department at Prince Hamza Hospital, Jordan, and the microbiology laboratory at Jordan University provided the clinical isolates. Samples were obtained from the sputum of CF patients.",no multi-drug resistant (MDR) PA,NaN,ZnO NPs,The impact of biosynthesized ZnO nanoparticles from Olea europaea (Common Olive) on Pseudomonas aeruginosa growth and biofilm formation,"Al-Momani H, Al Balawi D, Hamed S, Albiss BA, Almasri M, AlGhawrie H, Ibrahim L, Al Balawi H, Al Haj Mahmoud S, Pearson J, Ward C. The impact of biosynthesized ZnO nanoparticles from Olea europaea (Common Olive) on Pseudomonas aeruginosa growth and biofilm formation. Sci Rep. 2023 Mar 29;13(1):5096. doi: 10.1038/s41598-023-32366-1. PMID: 36991258; PMCID: PMC10060419."
PMC10060419,MIC,3,mg/ml,"Therefore, these results demonstrate that the MIC and MBC of ZnO NPs for all PA strains were successful at concentrations of 3 and 6 mg/ml, respectively.",Isolate 5,PA,PA4,"The microbiology department at Prince Hamza Hospital, Jordan, and the microbiology laboratory at Jordan University provided the clinical isolates. Samples were obtained from the sputum of CF patients.",no multi-drug resistant (MDR) PA,NaN,ZnO NPs,The impact of biosynthesized ZnO nanoparticles from Olea europaea (Common Olive) on Pseudomonas aeruginosa growth and biofilm formation,"Al-Momani H, Al Balawi D, Hamed S, Albiss BA, Almasri M, AlGhawrie H, Ibrahim L, Al Balawi H, Al Haj Mahmoud S, Pearson J, Ward C. The impact of biosynthesized ZnO nanoparticles from Olea europaea (Common Olive) on Pseudomonas aeruginosa growth and biofilm formation. Sci Rep. 2023 Mar 29;13(1):5096. doi: 10.1038/s41598-023-32366-1. PMID: 36991258; PMCID: PMC10060419."
PMC10060419,MBC,6,mg/ml,"Therefore, these results demonstrate that the MIC and MBC of ZnO NPs for all PA strains were successful at concentrations of 3 and 6 mg/ml, respectively.",Isolate 5,PA,PA4,"The microbiology department at Prince Hamza Hospital, Jordan, and the microbiology laboratory at Jordan University provided the clinical isolates. Samples were obtained from the sputum of CF patients.",no multi-drug resistant (MDR) PA,NaN,ZnO NPs,The impact of biosynthesized ZnO nanoparticles from Olea europaea (Common Olive) on Pseudomonas aeruginosa growth and biofilm formation,"Al-Momani H, Al Balawi D, Hamed S, Albiss BA, Almasri M, AlGhawrie H, Ibrahim L, Al Balawi H, Al Haj Mahmoud S, Pearson J, Ward C. The impact of biosynthesized ZnO nanoparticles from Olea europaea (Common Olive) on Pseudomonas aeruginosa growth and biofilm formation. Sci Rep. 2023 Mar 29;13(1):5096. doi: 10.1038/s41598-023-32366-1. PMID: 36991258; PMCID: PMC10060419."
PMC10060419,MIC,3,mg/ml,"Therefore, these results demonstrate that the MIC and MBC of ZnO NPs for all PA strains were successful at concentrations of 3 and 6 mg/ml, respectively.",Isolate 6,PA,PA5,"The microbiology department at Prince Hamza Hospital, Jordan, and the microbiology laboratory at Jordan University provided the clinical isolates. Samples were obtained from the sputum of CF patients.",no multi-drug resistant (MDR) PA,NaN,ZnO NPs,The impact of biosynthesized ZnO nanoparticles from Olea europaea (Common Olive) on Pseudomonas aeruginosa growth and biofilm formation,"Al-Momani H, Al Balawi D, Hamed S, Albiss BA, Almasri M, AlGhawrie H, Ibrahim L, Al Balawi H, Al Haj Mahmoud S, Pearson J, Ward C. The impact of biosynthesized ZnO nanoparticles from Olea europaea (Common Olive) on Pseudomonas aeruginosa growth and biofilm formation. Sci Rep. 2023 Mar 29;13(1):5096. doi: 10.1038/s41598-023-32366-1. PMID: 36991258; PMCID: PMC10060419."
PMC10060419,MBC,6,mg/ml,"Therefore, these results demonstrate that the MIC and MBC of ZnO NPs for all PA strains were successful at concentrations of 3 and 6 mg/ml, respectively.",Isolate 6,PA,PA5,"The microbiology department at Prince Hamza Hospital, Jordan, and the microbiology laboratory at Jordan University provided the clinical isolates. Samples were obtained from the sputum of CF patients.",no multi-drug resistant (MDR) PA,NaN,ZnO NPs,The impact of biosynthesized ZnO nanoparticles from Olea europaea (Common Olive) on Pseudomonas aeruginosa growth and biofilm formation,"Al-Momani H, Al Balawi D, Hamed S, Albiss BA, Almasri M, AlGhawrie H, Ibrahim L, Al Balawi H, Al Haj Mahmoud S, Pearson J, Ward C. The impact of biosynthesized ZnO nanoparticles from Olea europaea (Common Olive) on Pseudomonas aeruginosa growth and biofilm formation. Sci Rep. 2023 Mar 29;13(1):5096. doi: 10.1038/s41598-023-32366-1. PMID: 36991258; PMCID: PMC10060419."
PMC10060419,MIC,3,mg/ml,"Therefore, these results demonstrate that the MIC and MBC of ZnO NPs for all PA strains were successful at concentrations of 3 and 6 mg/ml, respectively.",Isolate 7,PA,PA6,"The microbiology department at Prince Hamza Hospital, Jordan, and the microbiology laboratory at Jordan University provided the clinical isolates. Samples were obtained from the sputum of CF patients.",no multi-drug resistant (MDR) PA,NaN,ZnO NPs,The impact of biosynthesized ZnO nanoparticles from Olea europaea (Common Olive) on Pseudomonas aeruginosa growth and biofilm formation,"Al-Momani H, Al Balawi D, Hamed S, Albiss BA, Almasri M, AlGhawrie H, Ibrahim L, Al Balawi H, Al Haj Mahmoud S, Pearson J, Ward C. The impact of biosynthesized ZnO nanoparticles from Olea europaea (Common Olive) on Pseudomonas aeruginosa growth and biofilm formation. Sci Rep. 2023 Mar 29;13(1):5096. doi: 10.1038/s41598-023-32366-1. PMID: 36991258; PMCID: PMC10060419."
PMC10060419,MBC,6,mg/ml,"Therefore, these results demonstrate that the MIC and MBC of ZnO NPs for all PA strains were successful at concentrations of 3 and 6 mg/ml, respectively.",Isolate 7,PA,PA6,"The microbiology department at Prince Hamza Hospital, Jordan, and the microbiology laboratory at Jordan University provided the clinical isolates. Samples were obtained from the sputum of CF patients.",no multi-drug resistant (MDR) PA,NaN,ZnO NPs,The impact of biosynthesized ZnO nanoparticles from Olea europaea (Common Olive) on Pseudomonas aeruginosa growth and biofilm formation,"Al-Momani H, Al Balawi D, Hamed S, Albiss BA, Almasri M, AlGhawrie H, Ibrahim L, Al Balawi H, Al Haj Mahmoud S, Pearson J, Ward C. The impact of biosynthesized ZnO nanoparticles from Olea europaea (Common Olive) on Pseudomonas aeruginosa growth and biofilm formation. Sci Rep. 2023 Mar 29;13(1):5096. doi: 10.1038/s41598-023-32366-1. PMID: 36991258; PMCID: PMC10060419."
PMC10315054,MIC,32,µg/ml,Table - PMC,Isolate 1,P. aeruginosa,CRPA-45,clinical isolates,resistant to carbapenem and produces biofilm,planktonic cells,Ceftazidime,Mathematical pharmacodynamic modeling for antimicrobial assessment of ceftazidime/colistin versus gentamicin/meropenem combinations against carbapenem-resistant Pseudomonas aeruginosa biofilm,"Badawy MSEM, Elkhatib WF, Shebl RI. Mathematical pharmacodynamic modeling for antimicrobial assessment of ceftazidime/colistin versus gentamicin/meropenem combinations against carbapenem-resistant Pseudomonas aeruginosa biofilm. Ann Clin Microbiol Antimicrob. 2023 Jul 2;22(1):53. doi: 10.1186/s12941-023-00597-9. PMID: 37394468; PMCID: PMC10315054."
PMC10315054,MBC,64,µg/ml,Table - PMC,Isolate 1,P. aeruginosa,CRPA-45,clinical isolates,resistant to carbapenem and produces biofilm,planktonic cells,Ceftazidime,Mathematical pharmacodynamic modeling for antimicrobial assessment of ceftazidime/colistin versus gentamicin/meropenem combinations against carbapenem-resistant Pseudomonas aeruginosa biofilm,"Badawy MSEM, Elkhatib WF, Shebl RI. Mathematical pharmacodynamic modeling for antimicrobial assessment of ceftazidime/colistin versus gentamicin/meropenem combinations against carbapenem-resistant Pseudomonas aeruginosa biofilm. Ann Clin Microbiol Antimicrob. 2023 Jul 2;22(1):53. doi: 10.1186/s12941-023-00597-9. PMID: 37394468; PMCID: PMC10315054."
PMC10315054,MBIC,256,µg/ml,Table - PMC,Isolate 2,P. aeruginosa,CRPA-45,clinical isolates,resistant to carbapenem and produces biofilm,biofilm,Ceftazidime,Mathematical pharmacodynamic modeling for antimicrobial assessment of ceftazidime/colistin versus gentamicin/meropenem combinations against carbapenem-resistant Pseudomonas aeruginosa biofilm,"Badawy MSEM, Elkhatib WF, Shebl RI. Mathematical pharmacodynamic modeling for antimicrobial assessment of ceftazidime/colistin versus gentamicin/meropenem combinations against carbapenem-resistant Pseudomonas aeruginosa biofilm. Ann Clin Microbiol Antimicrob. 2023 Jul 2;22(1):53. doi: 10.1186/s12941-023-00597-9. PMID: 37394468; PMCID: PMC10315054."
PMC10315054,MBBC,512,µg/ml,Table - PMC,Isolate 2,P. aeruginosa,CRPA-45,clinical isolates,resistant to carbapenem and produces biofilm,biofilm,Ceftazidime,Mathematical pharmacodynamic modeling for antimicrobial assessment of ceftazidime/colistin versus gentamicin/meropenem combinations against carbapenem-resistant Pseudomonas aeruginosa biofilm,"Badawy MSEM, Elkhatib WF, Shebl RI. Mathematical pharmacodynamic modeling for antimicrobial assessment of ceftazidime/colistin versus gentamicin/meropenem combinations against carbapenem-resistant Pseudomonas aeruginosa biofilm. Ann Clin Microbiol Antimicrob. 2023 Jul 2;22(1):53. doi: 10.1186/s12941-023-00597-9. PMID: 37394468; PMCID: PMC10315054."
PMC10315054,MIC,4,µg/ml,Table - PMC,Isolate 3,P. aeruginosa,CRPA-45,clinical isolates,resistant to carbapenem and produces biofilm,planktonic cells,Colistin,Mathematical pharmacodynamic modeling for antimicrobial assessment of ceftazidime/colistin versus gentamicin/meropenem combinations against carbapenem-resistant Pseudomonas aeruginosa biofilm,"Badawy MSEM, Elkhatib WF, Shebl RI. Mathematical pharmacodynamic modeling for antimicrobial assessment of ceftazidime/colistin versus gentamicin/meropenem combinations against carbapenem-resistant Pseudomonas aeruginosa biofilm. Ann Clin Microbiol Antimicrob. 2023 Jul 2;22(1):53. doi: 10.1186/s12941-023-00597-9. PMID: 37394468; PMCID: PMC10315054."
PMC10315054,MBC,8,µg/ml,Table - PMC,Isolate 3,P. aeruginosa,CRPA-45,clinical isolates,resistant to carbapenem and produces biofilm,planktonic cells,Colistin,Mathematical pharmacodynamic modeling for antimicrobial assessment of ceftazidime/colistin versus gentamicin/meropenem combinations against carbapenem-resistant Pseudomonas aeruginosa biofilm,"Badawy MSEM, Elkhatib WF, Shebl RI. Mathematical pharmacodynamic modeling for antimicrobial assessment of ceftazidime/colistin versus gentamicin/meropenem combinations against carbapenem-resistant Pseudomonas aeruginosa biofilm. Ann Clin Microbiol Antimicrob. 2023 Jul 2;22(1):53. doi: 10.1186/s12941-023-00597-9. PMID: 37394468; PMCID: PMC10315054."
PMC10315054,MBIC,16,µg/ml,Table - PMC,Isolate 4,P. aeruginosa,CRPA-45,clinical isolates,resistant to carbapenem and produces biofilm,biofilm,Colistin,Mathematical pharmacodynamic modeling for antimicrobial assessment of ceftazidime/colistin versus gentamicin/meropenem combinations against carbapenem-resistant Pseudomonas aeruginosa biofilm,"Badawy MSEM, Elkhatib WF, Shebl RI. Mathematical pharmacodynamic modeling for antimicrobial assessment of ceftazidime/colistin versus gentamicin/meropenem combinations against carbapenem-resistant Pseudomonas aeruginosa biofilm. Ann Clin Microbiol Antimicrob. 2023 Jul 2;22(1):53. doi: 10.1186/s12941-023-00597-9. PMID: 37394468; PMCID: PMC10315054."
PMC10315054,MBBC,32,µg/ml,Table - PMC,Isolate 4,P. aeruginosa,CRPA-45,clinical isolates,resistant to carbapenem and produces biofilm,biofilm,Colistin,Mathematical pharmacodynamic modeling for antimicrobial assessment of ceftazidime/colistin versus gentamicin/meropenem combinations against carbapenem-resistant Pseudomonas aeruginosa biofilm,"Badawy MSEM, Elkhatib WF, Shebl RI. Mathematical pharmacodynamic modeling for antimicrobial assessment of ceftazidime/colistin versus gentamicin/meropenem combinations against carbapenem-resistant Pseudomonas aeruginosa biofilm. Ann Clin Microbiol Antimicrob. 2023 Jul 2;22(1):53. doi: 10.1186/s12941-023-00597-9. PMID: 37394468; PMCID: PMC10315054."
PMC10315054,MIC,16,µg/ml,Table - PMC,Isolate 5,P. aeruginosa,CRPA-45,clinical isolates,resistant to carbapenem and produces biofilm,planktonic cells,Gentamicin,Mathematical pharmacodynamic modeling for antimicrobial assessment of ceftazidime/colistin versus gentamicin/meropenem combinations against carbapenem-resistant Pseudomonas aeruginosa biofilm,"Badawy MSEM, Elkhatib WF, Shebl RI. Mathematical pharmacodynamic modeling for antimicrobial assessment of ceftazidime/colistin versus gentamicin/meropenem combinations against carbapenem-resistant Pseudomonas aeruginosa biofilm. Ann Clin Microbiol Antimicrob. 2023 Jul 2;22(1):53. doi: 10.1186/s12941-023-00597-9. PMID: 37394468; PMCID: PMC10315054."
PMC10315054,MBC,32,µg/ml,Table - PMC,Isolate 5,P. aeruginosa,CRPA-45,clinical isolates,resistant to carbapenem and produces biofilm,planktonic cells,Gentamicin,Mathematical pharmacodynamic modeling for antimicrobial assessment of ceftazidime/colistin versus gentamicin/meropenem combinations against carbapenem-resistant Pseudomonas aeruginosa biofilm,"Badawy MSEM, Elkhatib WF, Shebl RI. Mathematical pharmacodynamic modeling for antimicrobial assessment of ceftazidime/colistin versus gentamicin/meropenem combinations against carbapenem-resistant Pseudomonas aeruginosa biofilm. Ann Clin Microbiol Antimicrob. 2023 Jul 2;22(1):53. doi: 10.1186/s12941-023-00597-9. PMID: 37394468; PMCID: PMC10315054."
PMC10315054,MBIC,64,µg/ml,Table - PMC,Isolate 6,P. aeruginosa,CRPA-45,clinical isolates,resistant to carbapenem and produces biofilm,biofilm,Gentamicin,Mathematical pharmacodynamic modeling for antimicrobial assessment of ceftazidime/colistin versus gentamicin/meropenem combinations against carbapenem-resistant Pseudomonas aeruginosa biofilm,"Badawy MSEM, Elkhatib WF, Shebl RI. Mathematical pharmacodynamic modeling for antimicrobial assessment of ceftazidime/colistin versus gentamicin/meropenem combinations against carbapenem-resistant Pseudomonas aeruginosa biofilm. Ann Clin Microbiol Antimicrob. 2023 Jul 2;22(1):53. doi: 10.1186/s12941-023-00597-9. PMID: 37394468; PMCID: PMC10315054."
PMC10315054,MBBC,256,µg/ml,Table - PMC,Isolate 6,P. aeruginosa,CRPA-45,clinical isolates,resistant to carbapenem and produces biofilm,biofilm,Gentamicin,Mathematical pharmacodynamic modeling for antimicrobial assessment of ceftazidime/colistin versus gentamicin/meropenem combinations against carbapenem-resistant Pseudomonas aeruginosa biofilm,"Badawy MSEM, Elkhatib WF, Shebl RI. Mathematical pharmacodynamic modeling for antimicrobial assessment of ceftazidime/colistin versus gentamicin/meropenem combinations against carbapenem-resistant Pseudomonas aeruginosa biofilm. Ann Clin Microbiol Antimicrob. 2023 Jul 2;22(1):53. doi: 10.1186/s12941-023-00597-9. PMID: 37394468; PMCID: PMC10315054."
PMC10315054,MIC,16,µg/ml,Table - PMC,Isolate 7,P. aeruginosa,CRPA-45,clinical isolates,resistant to carbapenem and produces biofilm,planktonic cells,Meropenem,Mathematical pharmacodynamic modeling for antimicrobial assessment of ceftazidime/colistin versus gentamicin/meropenem combinations against carbapenem-resistant Pseudomonas aeruginosa biofilm,"Badawy MSEM, Elkhatib WF, Shebl RI. Mathematical pharmacodynamic modeling for antimicrobial assessment of ceftazidime/colistin versus gentamicin/meropenem combinations against carbapenem-resistant Pseudomonas aeruginosa biofilm. Ann Clin Microbiol Antimicrob. 2023 Jul 2;22(1):53. doi: 10.1186/s12941-023-00597-9. PMID: 37394468; PMCID: PMC10315054."
PMC10315054,MBC,32,µg/ml,Table - PMC,Isolate 7,P. aeruginosa,CRPA-45,clinical isolates,resistant to carbapenem and produces biofilm,planktonic cells,Meropenem,Mathematical pharmacodynamic modeling for antimicrobial assessment of ceftazidime/colistin versus gentamicin/meropenem combinations against carbapenem-resistant Pseudomonas aeruginosa biofilm,"Badawy MSEM, Elkhatib WF, Shebl RI. Mathematical pharmacodynamic modeling for antimicrobial assessment of ceftazidime/colistin versus gentamicin/meropenem combinations against carbapenem-resistant Pseudomonas aeruginosa biofilm. Ann Clin Microbiol Antimicrob. 2023 Jul 2;22(1):53. doi: 10.1186/s12941-023-00597-9. PMID: 37394468; PMCID: PMC10315054."
PMC10315054,MBIC,64,µg/ml,Table - PMC,Isolate 8,P. aeruginosa,CRPA-45,clinical isolates,resistant to carbapenem and produces biofilm,biofilm,Meropenem,Mathematical pharmacodynamic modeling for antimicrobial assessment of ceftazidime/colistin versus gentamicin/meropenem combinations against carbapenem-resistant Pseudomonas aeruginosa biofilm,"Badawy MSEM, Elkhatib WF, Shebl RI. Mathematical pharmacodynamic modeling for antimicrobial assessment of ceftazidime/colistin versus gentamicin/meropenem combinations against carbapenem-resistant Pseudomonas aeruginosa biofilm. Ann Clin Microbiol Antimicrob. 2023 Jul 2;22(1):53. doi: 10.1186/s12941-023-00597-9. PMID: 37394468; PMCID: PMC10315054."
PMC10315054,MBBC,512,µg/ml,Table - PMC,Isolate 8,P. aeruginosa,CRPA-45,clinical isolates,resistant to carbapenem and produces biofilm,biofilm,Meropenem,Mathematical pharmacodynamic modeling for antimicrobial assessment of ceftazidime/colistin versus gentamicin/meropenem combinations against carbapenem-resistant Pseudomonas aeruginosa biofilm,"Badawy MSEM, Elkhatib WF, Shebl RI. Mathematical pharmacodynamic modeling for antimicrobial assessment of ceftazidime/colistin versus gentamicin/meropenem combinations against carbapenem-resistant Pseudomonas aeruginosa biofilm. Ann Clin Microbiol Antimicrob. 2023 Jul 2;22(1):53. doi: 10.1186/s12941-023-00597-9. PMID: 37394468; PMCID: PMC10315054."
PMC10315054,MIC,16,µg/ml,Table - PMC,Isolate 9,P. aeruginosa,CRPA-47,clinical isolates,resistant to carbapenem and produces biofilm,planktonic cells,Ceftazidime,Mathematical pharmacodynamic modeling for antimicrobial assessment of ceftazidime/colistin versus gentamicin/meropenem combinations against carbapenem-resistant Pseudomonas aeruginosa biofilm,"Badawy MSEM, Elkhatib WF, Shebl RI. Mathematical pharmacodynamic modeling for antimicrobial assessment of ceftazidime/colistin versus gentamicin/meropenem combinations against carbapenem-resistant Pseudomonas aeruginosa biofilm. Ann Clin Microbiol Antimicrob. 2023 Jul 2;22(1):53. doi: 10.1186/s12941-023-00597-9. PMID: 37394468; PMCID: PMC10315054."
PMC10315054,MBC,32,µg/ml,Table - PMC,Isolate 9,P. aeruginosa,CRPA-47,clinical isolates,resistant to carbapenem and produces biofilm,planktonic cells,Ceftazidime,Mathematical pharmacodynamic modeling for antimicrobial assessment of ceftazidime/colistin versus gentamicin/meropenem combinations against carbapenem-resistant Pseudomonas aeruginosa biofilm,"Badawy MSEM, Elkhatib WF, Shebl RI. Mathematical pharmacodynamic modeling for antimicrobial assessment of ceftazidime/colistin versus gentamicin/meropenem combinations against carbapenem-resistant Pseudomonas aeruginosa biofilm. Ann Clin Microbiol Antimicrob. 2023 Jul 2;22(1):53. doi: 10.1186/s12941-023-00597-9. PMID: 37394468; PMCID: PMC10315054."
PMC10315054,MBIC,128,µg/ml,Table - PMC,Isolate 10,P. aeruginosa,CRPA-47,clinical isolates,resistant to carbapenem and produces biofilm,biofilm,Ceftazidime,Mathematical pharmacodynamic modeling for antimicrobial assessment of ceftazidime/colistin versus gentamicin/meropenem combinations against carbapenem-resistant Pseudomonas aeruginosa biofilm,"Badawy MSEM, Elkhatib WF, Shebl RI. Mathematical pharmacodynamic modeling for antimicrobial assessment of ceftazidime/colistin versus gentamicin/meropenem combinations against carbapenem-resistant Pseudomonas aeruginosa biofilm. Ann Clin Microbiol Antimicrob. 2023 Jul 2;22(1):53. doi: 10.1186/s12941-023-00597-9. PMID: 37394468; PMCID: PMC10315054."
PMC10315054,MBBC,256,µg/ml,Table - PMC,Isolate 10,P. aeruginosa,CRPA-47,clinical isolates,resistant to carbapenem and produces biofilm,biofilm,Ceftazidime,Mathematical pharmacodynamic modeling for antimicrobial assessment of ceftazidime/colistin versus gentamicin/meropenem combinations against carbapenem-resistant Pseudomonas aeruginosa biofilm,"Badawy MSEM, Elkhatib WF, Shebl RI. Mathematical pharmacodynamic modeling for antimicrobial assessment of ceftazidime/colistin versus gentamicin/meropenem combinations against carbapenem-resistant Pseudomonas aeruginosa biofilm. Ann Clin Microbiol Antimicrob. 2023 Jul 2;22(1):53. doi: 10.1186/s12941-023-00597-9. PMID: 37394468; PMCID: PMC10315054."
PMC10315054,MIC,2,µg/ml,Table - PMC,Isolate 11,P. aeruginosa,CRPA-47,clinical isolates,resistant to carbapenem and produces biofilm,planktonic cells,Colistin,Mathematical pharmacodynamic modeling for antimicrobial assessment of ceftazidime/colistin versus gentamicin/meropenem combinations against carbapenem-resistant Pseudomonas aeruginosa biofilm,"Badawy MSEM, Elkhatib WF, Shebl RI. Mathematical pharmacodynamic modeling for antimicrobial assessment of ceftazidime/colistin versus gentamicin/meropenem combinations against carbapenem-resistant Pseudomonas aeruginosa biofilm. Ann Clin Microbiol Antimicrob. 2023 Jul 2;22(1):53. doi: 10.1186/s12941-023-00597-9. PMID: 37394468; PMCID: PMC10315054."
PMC10315054,MBC,4,µg/ml,Table - PMC,Isolate 11,P. aeruginosa,CRPA-47,clinical isolates,resistant to carbapenem and produces biofilm,planktonic cells,Colistin,Mathematical pharmacodynamic modeling for antimicrobial assessment of ceftazidime/colistin versus gentamicin/meropenem combinations against carbapenem-resistant Pseudomonas aeruginosa biofilm,"Badawy MSEM, Elkhatib WF, Shebl RI. Mathematical pharmacodynamic modeling for antimicrobial assessment of ceftazidime/colistin versus gentamicin/meropenem combinations against carbapenem-resistant Pseudomonas aeruginosa biofilm. Ann Clin Microbiol Antimicrob. 2023 Jul 2;22(1):53. doi: 10.1186/s12941-023-00597-9. PMID: 37394468; PMCID: PMC10315054."
PMC10315054,MBIC,8,µg/ml,Table - PMC,Isolate 12,P. aeruginosa,CRPA-47,clinical isolates,resistant to carbapenem and produces biofilm,biofilm,Colistin,Mathematical pharmacodynamic modeling for antimicrobial assessment of ceftazidime/colistin versus gentamicin/meropenem combinations against carbapenem-resistant Pseudomonas aeruginosa biofilm,"Badawy MSEM, Elkhatib WF, Shebl RI. Mathematical pharmacodynamic modeling for antimicrobial assessment of ceftazidime/colistin versus gentamicin/meropenem combinations against carbapenem-resistant Pseudomonas aeruginosa biofilm. Ann Clin Microbiol Antimicrob. 2023 Jul 2;22(1):53. doi: 10.1186/s12941-023-00597-9. PMID: 37394468; PMCID: PMC10315054."
PMC10315054,MBBC,16,µg/ml,Table - PMC,Isolate 12,P. aeruginosa,CRPA-47,clinical isolates,resistant to carbapenem and produces biofilm,biofilm,Colistin,Mathematical pharmacodynamic modeling for antimicrobial assessment of ceftazidime/colistin versus gentamicin/meropenem combinations against carbapenem-resistant Pseudomonas aeruginosa biofilm,"Badawy MSEM, Elkhatib WF, Shebl RI. Mathematical pharmacodynamic modeling for antimicrobial assessment of ceftazidime/colistin versus gentamicin/meropenem combinations against carbapenem-resistant Pseudomonas aeruginosa biofilm. Ann Clin Microbiol Antimicrob. 2023 Jul 2;22(1):53. doi: 10.1186/s12941-023-00597-9. PMID: 37394468; PMCID: PMC10315054."
PMC10315054,MIC,8,µg/ml,Table - PMC,Isolate 13,P. aeruginosa,CRPA-47,clinical isolates,resistant to carbapenem and produces biofilm,planktonic cells,Gentamicin,Mathematical pharmacodynamic modeling for antimicrobial assessment of ceftazidime/colistin versus gentamicin/meropenem combinations against carbapenem-resistant Pseudomonas aeruginosa biofilm,"Badawy MSEM, Elkhatib WF, Shebl RI. Mathematical pharmacodynamic modeling for antimicrobial assessment of ceftazidime/colistin versus gentamicin/meropenem combinations against carbapenem-resistant Pseudomonas aeruginosa biofilm. Ann Clin Microbiol Antimicrob. 2023 Jul 2;22(1):53. doi: 10.1186/s12941-023-00597-9. PMID: 37394468; PMCID: PMC10315054."
PMC10315054,MBC,16,µg/ml,Table - PMC,Isolate 13,P. aeruginosa,CRPA-47,clinical isolates,resistant to carbapenem and produces biofilm,planktonic cells,Gentamicin,Mathematical pharmacodynamic modeling for antimicrobial assessment of ceftazidime/colistin versus gentamicin/meropenem combinations against carbapenem-resistant Pseudomonas aeruginosa biofilm,"Badawy MSEM, Elkhatib WF, Shebl RI. Mathematical pharmacodynamic modeling for antimicrobial assessment of ceftazidime/colistin versus gentamicin/meropenem combinations against carbapenem-resistant Pseudomonas aeruginosa biofilm. Ann Clin Microbiol Antimicrob. 2023 Jul 2;22(1):53. doi: 10.1186/s12941-023-00597-9. PMID: 37394468; PMCID: PMC10315054."
PMC10315054,MBIC,32,µg/ml,Table - PMC,Isolate 14,P. aeruginosa,CRPA-47,clinical isolates,resistant to carbapenem and produces biofilm,biofilm,Gentamicin,Mathematical pharmacodynamic modeling for antimicrobial assessment of ceftazidime/colistin versus gentamicin/meropenem combinations against carbapenem-resistant Pseudomonas aeruginosa biofilm,"Badawy MSEM, Elkhatib WF, Shebl RI. Mathematical pharmacodynamic modeling for antimicrobial assessment of ceftazidime/colistin versus gentamicin/meropenem combinations against carbapenem-resistant Pseudomonas aeruginosa biofilm. Ann Clin Microbiol Antimicrob. 2023 Jul 2;22(1):53. doi: 10.1186/s12941-023-00597-9. PMID: 37394468; PMCID: PMC10315054."
PMC10315054,MBBC,128,µg/ml,Table - PMC,Isolate 14,P. aeruginosa,CRPA-47,clinical isolates,resistant to carbapenem and produces biofilm,biofilm,Gentamicin,Mathematical pharmacodynamic modeling for antimicrobial assessment of ceftazidime/colistin versus gentamicin/meropenem combinations against carbapenem-resistant Pseudomonas aeruginosa biofilm,"Badawy MSEM, Elkhatib WF, Shebl RI. Mathematical pharmacodynamic modeling for antimicrobial assessment of ceftazidime/colistin versus gentamicin/meropenem combinations against carbapenem-resistant Pseudomonas aeruginosa biofilm. Ann Clin Microbiol Antimicrob. 2023 Jul 2;22(1):53. doi: 10.1186/s12941-023-00597-9. PMID: 37394468; PMCID: PMC10315054."
PMC10315054,MIC,8,µg/ml,Table - PMC,Isolate 15,P. aeruginosa,CRPA-47,clinical isolates,resistant to carbapenem and produces biofilm,planktonic cells,Meropenem,Mathematical pharmacodynamic modeling for antimicrobial assessment of ceftazidime/colistin versus gentamicin/meropenem combinations against carbapenem-resistant Pseudomonas aeruginosa biofilm,"Badawy MSEM, Elkhatib WF, Shebl RI. Mathematical pharmacodynamic modeling for antimicrobial assessment of ceftazidime/colistin versus gentamicin/meropenem combinations against carbapenem-resistant Pseudomonas aeruginosa biofilm. Ann Clin Microbiol Antimicrob. 2023 Jul 2;22(1):53. doi: 10.1186/s12941-023-00597-9. PMID: 37394468; PMCID: PMC10315054."
PMC10315054,MBC,16,µg/ml,Table - PMC,Isolate 15,P. aeruginosa,CRPA-47,clinical isolates,resistant to carbapenem and produces biofilm,planktonic cells,Meropenem,Mathematical pharmacodynamic modeling for antimicrobial assessment of ceftazidime/colistin versus gentamicin/meropenem combinations against carbapenem-resistant Pseudomonas aeruginosa biofilm,"Badawy MSEM, Elkhatib WF, Shebl RI. Mathematical pharmacodynamic modeling for antimicrobial assessment of ceftazidime/colistin versus gentamicin/meropenem combinations against carbapenem-resistant Pseudomonas aeruginosa biofilm. Ann Clin Microbiol Antimicrob. 2023 Jul 2;22(1):53. doi: 10.1186/s12941-023-00597-9. PMID: 37394468; PMCID: PMC10315054."
PMC10315054,MBIC,32,µg/ml,Table - PMC,Isolate 16,P. aeruginosa,CRPA-47,clinical isolates,resistant to carbapenem and produces biofilm,biofilm,Meropenem,Mathematical pharmacodynamic modeling for antimicrobial assessment of ceftazidime/colistin versus gentamicin/meropenem combinations against carbapenem-resistant Pseudomonas aeruginosa biofilm,"Badawy MSEM, Elkhatib WF, Shebl RI. Mathematical pharmacodynamic modeling for antimicrobial assessment of ceftazidime/colistin versus gentamicin/meropenem combinations against carbapenem-resistant Pseudomonas aeruginosa biofilm. Ann Clin Microbiol Antimicrob. 2023 Jul 2;22(1):53. doi: 10.1186/s12941-023-00597-9. PMID: 37394468; PMCID: PMC10315054."
PMC10315054,MBBC,256,µg/ml,Table - PMC,Isolate 16,P. aeruginosa,CRPA-47,clinical isolates,resistant to carbapenem and produces biofilm,biofilm,Meropenem,Mathematical pharmacodynamic modeling for antimicrobial assessment of ceftazidime/colistin versus gentamicin/meropenem combinations against carbapenem-resistant Pseudomonas aeruginosa biofilm,"Badawy MSEM, Elkhatib WF, Shebl RI. Mathematical pharmacodynamic modeling for antimicrobial assessment of ceftazidime/colistin versus gentamicin/meropenem combinations against carbapenem-resistant Pseudomonas aeruginosa biofilm. Ann Clin Microbiol Antimicrob. 2023 Jul 2;22(1):53. doi: 10.1186/s12941-023-00597-9. PMID: 37394468; PMCID: PMC10315054."
PMC10315054,EC50,2163.5,NaN,Table - PMC,Isolate 2,P. aeruginosa,CRPA-45,clinical isolates,resistant to carbapenem and produces biofilm,biofilm,Ceftazidime,Mathematical pharmacodynamic modeling for antimicrobial assessment of ceftazidime/colistin versus gentamicin/meropenem combinations against carbapenem-resistant Pseudomonas aeruginosa biofilm,"Badawy MSEM, Elkhatib WF, Shebl RI. Mathematical pharmacodynamic modeling for antimicrobial assessment of ceftazidime/colistin versus gentamicin/meropenem combinations against carbapenem-resistant Pseudomonas aeruginosa biofilm. Ann Clin Microbiol Antimicrob. 2023 Jul 2;22(1):53. doi: 10.1186/s12941-023-00597-9. PMID: 37394468; PMCID: PMC10315054."
PMC10315054,Hill factor,0.78,NaN,Table - PMC,Isolate 2,P. aeruginosa,CRPA-45,clinical isolates,resistant to carbapenem and produces biofilm,biofilm,Ceftazidime,Mathematical pharmacodynamic modeling for antimicrobial assessment of ceftazidime/colistin versus gentamicin/meropenem combinations against carbapenem-resistant Pseudomonas aeruginosa biofilm,"Badawy MSEM, Elkhatib WF, Shebl RI. Mathematical pharmacodynamic modeling for antimicrobial assessment of ceftazidime/colistin versus gentamicin/meropenem combinations against carbapenem-resistant Pseudomonas aeruginosa biofilm. Ann Clin Microbiol Antimicrob. 2023 Jul 2;22(1):53. doi: 10.1186/s12941-023-00597-9. PMID: 37394468; PMCID: PMC10315054."
PMC10315054,EC50,22.4,NaN,Table - PMC,Isolate 4,P. aeruginosa,CRPA-45,clinical isolates,resistant to carbapenem and produces biofilm,biofilm,Colistin,Mathematical pharmacodynamic modeling for antimicrobial assessment of ceftazidime/colistin versus gentamicin/meropenem combinations against carbapenem-resistant Pseudomonas aeruginosa biofilm,"Badawy MSEM, Elkhatib WF, Shebl RI. Mathematical pharmacodynamic modeling for antimicrobial assessment of ceftazidime/colistin versus gentamicin/meropenem combinations against carbapenem-resistant Pseudomonas aeruginosa biofilm. Ann Clin Microbiol Antimicrob. 2023 Jul 2;22(1):53. doi: 10.1186/s12941-023-00597-9. PMID: 37394468; PMCID: PMC10315054."
PMC10315054,Hill factor,0.84,NaN,Table - PMC,Isolate 4,P. aeruginosa,CRPA-45,clinical isolates,resistant to carbapenem and produces biofilm,biofilm,Colistin,Mathematical pharmacodynamic modeling for antimicrobial assessment of ceftazidime/colistin versus gentamicin/meropenem combinations against carbapenem-resistant Pseudomonas aeruginosa biofilm,"Badawy MSEM, Elkhatib WF, Shebl RI. Mathematical pharmacodynamic modeling for antimicrobial assessment of ceftazidime/colistin versus gentamicin/meropenem combinations against carbapenem-resistant Pseudomonas aeruginosa biofilm. Ann Clin Microbiol Antimicrob. 2023 Jul 2;22(1):53. doi: 10.1186/s12941-023-00597-9. PMID: 37394468; PMCID: PMC10315054."
PMC10315054,EC50,160.3,NaN,Table - PMC,Isolate 6,P. aeruginosa,CRPA-45,clinical isolates,resistant to carbapenem and produces biofilm,biofilm,Gentamicin,Mathematical pharmacodynamic modeling for antimicrobial assessment of ceftazidime/colistin versus gentamicin/meropenem combinations against carbapenem-resistant Pseudomonas aeruginosa biofilm,"Badawy MSEM, Elkhatib WF, Shebl RI. Mathematical pharmacodynamic modeling for antimicrobial assessment of ceftazidime/colistin versus gentamicin/meropenem combinations against carbapenem-resistant Pseudomonas aeruginosa biofilm. Ann Clin Microbiol Antimicrob. 2023 Jul 2;22(1):53. doi: 10.1186/s12941-023-00597-9. PMID: 37394468; PMCID: PMC10315054."
PMC10315054,Hill factor,0.87,NaN,Table - PMC,Isolate 6,P. aeruginosa,CRPA-45,clinical isolates,resistant to carbapenem and produces biofilm,biofilm,Gentamicin,Mathematical pharmacodynamic modeling for antimicrobial assessment of ceftazidime/colistin versus gentamicin/meropenem combinations against carbapenem-resistant Pseudomonas aeruginosa biofilm,"Badawy MSEM, Elkhatib WF, Shebl RI. Mathematical pharmacodynamic modeling for antimicrobial assessment of ceftazidime/colistin versus gentamicin/meropenem combinations against carbapenem-resistant Pseudomonas aeruginosa biofilm. Ann Clin Microbiol Antimicrob. 2023 Jul 2;22(1):53. doi: 10.1186/s12941-023-00597-9. PMID: 37394468; PMCID: PMC10315054."
PMC10315054,EC50,202.5,NaN,Table - PMC,Isolate 8,P. aeruginosa,CRPA-45,clinical isolates,resistant to carbapenem and produces biofilm,biofilm,Meropenem,Mathematical pharmacodynamic modeling for antimicrobial assessment of ceftazidime/colistin versus gentamicin/meropenem combinations against carbapenem-resistant Pseudomonas aeruginosa biofilm,"Badawy MSEM, Elkhatib WF, Shebl RI. Mathematical pharmacodynamic modeling for antimicrobial assessment of ceftazidime/colistin versus gentamicin/meropenem combinations against carbapenem-resistant Pseudomonas aeruginosa biofilm. Ann Clin Microbiol Antimicrob. 2023 Jul 2;22(1):53. doi: 10.1186/s12941-023-00597-9. PMID: 37394468; PMCID: PMC10315054."
PMC10315054,Hill factor,0.89,NaN,Table - PMC,Isolate 8,P. aeruginosa,CRPA-45,clinical isolates,resistant to carbapenem and produces biofilm,biofilm,Meropenem,Mathematical pharmacodynamic modeling for antimicrobial assessment of ceftazidime/colistin versus gentamicin/meropenem combinations against carbapenem-resistant Pseudomonas aeruginosa biofilm,"Badawy MSEM, Elkhatib WF, Shebl RI. Mathematical pharmacodynamic modeling for antimicrobial assessment of ceftazidime/colistin versus gentamicin/meropenem combinations against carbapenem-resistant Pseudomonas aeruginosa biofilm. Ann Clin Microbiol Antimicrob. 2023 Jul 2;22(1):53. doi: 10.1186/s12941-023-00597-9. PMID: 37394468; PMCID: PMC10315054."
PMC10315054,EC50,350,NaN,Table - PMC,Isolate 10,P. aeruginosa,CRPA-47,clinical isolates,resistant to carbapenem and produces biofilm,biofilm,Ceftazidime,Mathematical pharmacodynamic modeling for antimicrobial assessment of ceftazidime/colistin versus gentamicin/meropenem combinations against carbapenem-resistant Pseudomonas aeruginosa biofilm,"Badawy MSEM, Elkhatib WF, Shebl RI. Mathematical pharmacodynamic modeling for antimicrobial assessment of ceftazidime/colistin versus gentamicin/meropenem combinations against carbapenem-resistant Pseudomonas aeruginosa biofilm. Ann Clin Microbiol Antimicrob. 2023 Jul 2;22(1):53. doi: 10.1186/s12941-023-00597-9. PMID: 37394468; PMCID: PMC10315054."
PMC10315054,Hill factor,0.92,NaN,Table - PMC,Isolate 10,P. aeruginosa,CRPA-47,clinical isolates,resistant to carbapenem and produces biofilm,biofilm,Ceftazidime,Mathematical pharmacodynamic modeling for antimicrobial assessment of ceftazidime/colistin versus gentamicin/meropenem combinations against carbapenem-resistant Pseudomonas aeruginosa biofilm,"Badawy MSEM, Elkhatib WF, Shebl RI. Mathematical pharmacodynamic modeling for antimicrobial assessment of ceftazidime/colistin versus gentamicin/meropenem combinations against carbapenem-resistant Pseudomonas aeruginosa biofilm. Ann Clin Microbiol Antimicrob. 2023 Jul 2;22(1):53. doi: 10.1186/s12941-023-00597-9. PMID: 37394468; PMCID: PMC10315054."
PMC10315054,EC50,15.2,NaN,Table - PMC,Isolate 12,P. aeruginosa,CRPA-47,clinical isolates,resistant to carbapenem and produces biofilm,biofilm,Colistin,Mathematical pharmacodynamic modeling for antimicrobial assessment of ceftazidime/colistin versus gentamicin/meropenem combinations against carbapenem-resistant Pseudomonas aeruginosa biofilm,"Badawy MSEM, Elkhatib WF, Shebl RI. Mathematical pharmacodynamic modeling for antimicrobial assessment of ceftazidime/colistin versus gentamicin/meropenem combinations against carbapenem-resistant Pseudomonas aeruginosa biofilm. Ann Clin Microbiol Antimicrob. 2023 Jul 2;22(1):53. doi: 10.1186/s12941-023-00597-9. PMID: 37394468; PMCID: PMC10315054."
PMC10315054,Hill factor,0.84,NaN,Table - PMC,Isolate 12,P. aeruginosa,CRPA-47,clinical isolates,resistant to carbapenem and produces biofilm,biofilm,Colistin,Mathematical pharmacodynamic modeling for antimicrobial assessment of ceftazidime/colistin versus gentamicin/meropenem combinations against carbapenem-resistant Pseudomonas aeruginosa biofilm,"Badawy MSEM, Elkhatib WF, Shebl RI. Mathematical pharmacodynamic modeling for antimicrobial assessment of ceftazidime/colistin versus gentamicin/meropenem combinations against carbapenem-resistant Pseudomonas aeruginosa biofilm. Ann Clin Microbiol Antimicrob. 2023 Jul 2;22(1):53. doi: 10.1186/s12941-023-00597-9. PMID: 37394468; PMCID: PMC10315054."
PMC10315054,EC50,91.5,NaN,Table - PMC,Isolate 14,P. aeruginosa,CRPA-47,clinical isolates,resistant to carbapenem and produces biofilm,biofilm,Gentamicin,Mathematical pharmacodynamic modeling for antimicrobial assessment of ceftazidime/colistin versus gentamicin/meropenem combinations against carbapenem-resistant Pseudomonas aeruginosa biofilm,"Badawy MSEM, Elkhatib WF, Shebl RI. Mathematical pharmacodynamic modeling for antimicrobial assessment of ceftazidime/colistin versus gentamicin/meropenem combinations against carbapenem-resistant Pseudomonas aeruginosa biofilm. Ann Clin Microbiol Antimicrob. 2023 Jul 2;22(1):53. doi: 10.1186/s12941-023-00597-9. PMID: 37394468; PMCID: PMC10315054."
PMC10315054,Hill factor,0.97,NaN,Table - PMC,Isolate 14,P. aeruginosa,CRPA-47,clinical isolates,resistant to carbapenem and produces biofilm,biofilm,Gentamicin,Mathematical pharmacodynamic modeling for antimicrobial assessment of ceftazidime/colistin versus gentamicin/meropenem combinations against carbapenem-resistant Pseudomonas aeruginosa biofilm,"Badawy MSEM, Elkhatib WF, Shebl RI. Mathematical pharmacodynamic modeling for antimicrobial assessment of ceftazidime/colistin versus gentamicin/meropenem combinations against carbapenem-resistant Pseudomonas aeruginosa biofilm. Ann Clin Microbiol Antimicrob. 2023 Jul 2;22(1):53. doi: 10.1186/s12941-023-00597-9. PMID: 37394468; PMCID: PMC10315054."
PMC10315054,EC50,84.4,NaN,Table - PMC,Isolate 16,P. aeruginosa,CRPA-47,clinical isolates,resistant to carbapenem and produces biofilm,biofilm,Meropenem,Mathematical pharmacodynamic modeling for antimicrobial assessment of ceftazidime/colistin versus gentamicin/meropenem combinations against carbapenem-resistant Pseudomonas aeruginosa biofilm,"Badawy MSEM, Elkhatib WF, Shebl RI. Mathematical pharmacodynamic modeling for antimicrobial assessment of ceftazidime/colistin versus gentamicin/meropenem combinations against carbapenem-resistant Pseudomonas aeruginosa biofilm. Ann Clin Microbiol Antimicrob. 2023 Jul 2;22(1):53. doi: 10.1186/s12941-023-00597-9. PMID: 37394468; PMCID: PMC10315054."
PMC10315054,Hill factor,0.93,NaN,Table - PMC,Isolate 16,P. aeruginosa,CRPA-47,clinical isolates,resistant to carbapenem and produces biofilm,biofilm,Meropenem,Mathematical pharmacodynamic modeling for antimicrobial assessment of ceftazidime/colistin versus gentamicin/meropenem combinations against carbapenem-resistant Pseudomonas aeruginosa biofilm,"Badawy MSEM, Elkhatib WF, Shebl RI. Mathematical pharmacodynamic modeling for antimicrobial assessment of ceftazidime/colistin versus gentamicin/meropenem combinations against carbapenem-resistant Pseudomonas aeruginosa biofilm. Ann Clin Microbiol Antimicrob. 2023 Jul 2;22(1):53. doi: 10.1186/s12941-023-00597-9. PMID: 37394468; PMCID: PMC10315054."
PMC10315054,MIC,32,µg/ml,Table - PMC,Isolate 1,P. aeruginosa,CRPA-45,clinical isolates,resistant to carbapenem and produces biofilm,planktonic cells,Ceftazidime,Mathematical pharmacodynamic modeling for antimicrobial assessment of ceftazidime/colistin versus gentamicin/meropenem combinations against carbapenem-resistant Pseudomonas aeruginosa biofilm,"Badawy MSEM, Elkhatib WF, Shebl RI. Mathematical pharmacodynamic modeling for antimicrobial assessment of ceftazidime/colistin versus gentamicin/meropenem combinations against carbapenem-resistant Pseudomonas aeruginosa biofilm. Ann Clin Microbiol Antimicrob. 2023 Jul 2;22(1):53. doi: 10.1186/s12941-023-00597-9. PMID: 37394468; PMCID: PMC10315054."
PMC10315054,MIC,4,µg/ml,Table - PMC,Isolate 3,P. aeruginosa,CRPA-45,clinical isolates,resistant to carbapenem and produces biofilm,planktonic cells,Colistin,Mathematical pharmacodynamic modeling for antimicrobial assessment of ceftazidime/colistin versus gentamicin/meropenem combinations against carbapenem-resistant Pseudomonas aeruginosa biofilm,"Badawy MSEM, Elkhatib WF, Shebl RI. Mathematical pharmacodynamic modeling for antimicrobial assessment of ceftazidime/colistin versus gentamicin/meropenem combinations against carbapenem-resistant Pseudomonas aeruginosa biofilm. Ann Clin Microbiol Antimicrob. 2023 Jul 2;22(1):53. doi: 10.1186/s12941-023-00597-9. PMID: 37394468; PMCID: PMC10315054."
PMC10315054,MIC,16,µg/ml,Table - PMC,Isolate 5,P. aeruginosa,CRPA-45,clinical isolates,resistant to carbapenem and produces biofilm,planktonic cells,Gentamicin,Mathematical pharmacodynamic modeling for antimicrobial assessment of ceftazidime/colistin versus gentamicin/meropenem combinations against carbapenem-resistant Pseudomonas aeruginosa biofilm,"Badawy MSEM, Elkhatib WF, Shebl RI. Mathematical pharmacodynamic modeling for antimicrobial assessment of ceftazidime/colistin versus gentamicin/meropenem combinations against carbapenem-resistant Pseudomonas aeruginosa biofilm. Ann Clin Microbiol Antimicrob. 2023 Jul 2;22(1):53. doi: 10.1186/s12941-023-00597-9. PMID: 37394468; PMCID: PMC10315054."
PMC10315054,MIC,16,µg/ml,Table - PMC,Isolate 7,P. aeruginosa,CRPA-45,clinical isolates,resistant to carbapenem and produces biofilm,planktonic cells,Meropenem,Mathematical pharmacodynamic modeling for antimicrobial assessment of ceftazidime/colistin versus gentamicin/meropenem combinations against carbapenem-resistant Pseudomonas aeruginosa biofilm,"Badawy MSEM, Elkhatib WF, Shebl RI. Mathematical pharmacodynamic modeling for antimicrobial assessment of ceftazidime/colistin versus gentamicin/meropenem combinations against carbapenem-resistant Pseudomonas aeruginosa biofilm. Ann Clin Microbiol Antimicrob. 2023 Jul 2;22(1):53. doi: 10.1186/s12941-023-00597-9. PMID: 37394468; PMCID: PMC10315054."
PMC10315054,MIC,8,µg/ml,Table - PMC,Isolate 17,P. aeruginosa,CRPA-45,clinical isolates,resistant to carbapenem and produces biofilm,planktonic cells,Ceftazidime in combination with colistin,Mathematical pharmacodynamic modeling for antimicrobial assessment of ceftazidime/colistin versus gentamicin/meropenem combinations against carbapenem-resistant Pseudomonas aeruginosa biofilm,"Badawy MSEM, Elkhatib WF, Shebl RI. Mathematical pharmacodynamic modeling for antimicrobial assessment of ceftazidime/colistin versus gentamicin/meropenem combinations against carbapenem-resistant Pseudomonas aeruginosa biofilm. Ann Clin Microbiol Antimicrob. 2023 Jul 2;22(1):53. doi: 10.1186/s12941-023-00597-9. PMID: 37394468; PMCID: PMC10315054."
PMC10315054,MIC,1,µg/ml,Table - PMC,Isolate 18,P. aeruginosa,CRPA-45,clinical isolates,resistant to carbapenem and produces biofilm,planktonic cells,Colistin in combination with ceftazidime,Mathematical pharmacodynamic modeling for antimicrobial assessment of ceftazidime/colistin versus gentamicin/meropenem combinations against carbapenem-resistant Pseudomonas aeruginosa biofilm,"Badawy MSEM, Elkhatib WF, Shebl RI. Mathematical pharmacodynamic modeling for antimicrobial assessment of ceftazidime/colistin versus gentamicin/meropenem combinations against carbapenem-resistant Pseudomonas aeruginosa biofilm. Ann Clin Microbiol Antimicrob. 2023 Jul 2;22(1):53. doi: 10.1186/s12941-023-00597-9. PMID: 37394468; PMCID: PMC10315054."
PMC10315054,MIC,2,µg/ml,Table - PMC,Isolate 19,P. aeruginosa,CRPA-45,clinical isolates,resistant to carbapenem and produces biofilm,planktonic cells,Gentamicin in combination with meropenem,Mathematical pharmacodynamic modeling for antimicrobial assessment of ceftazidime/colistin versus gentamicin/meropenem combinations against carbapenem-resistant Pseudomonas aeruginosa biofilm,"Badawy MSEM, Elkhatib WF, Shebl RI. Mathematical pharmacodynamic modeling for antimicrobial assessment of ceftazidime/colistin versus gentamicin/meropenem combinations against carbapenem-resistant Pseudomonas aeruginosa biofilm. Ann Clin Microbiol Antimicrob. 2023 Jul 2;22(1):53. doi: 10.1186/s12941-023-00597-9. PMID: 37394468; PMCID: PMC10315054."
PMC10315054,MIC,2,µg/ml,Table - PMC,Isolate 20,P. aeruginosa,CRPA-45,clinical isolates,resistant to carbapenem and produces biofilm,planktonic cells,Meropenem in combination with gentamicin,Mathematical pharmacodynamic modeling for antimicrobial assessment of ceftazidime/colistin versus gentamicin/meropenem combinations against carbapenem-resistant Pseudomonas aeruginosa biofilm,"Badawy MSEM, Elkhatib WF, Shebl RI. Mathematical pharmacodynamic modeling for antimicrobial assessment of ceftazidime/colistin versus gentamicin/meropenem combinations against carbapenem-resistant Pseudomonas aeruginosa biofilm. Ann Clin Microbiol Antimicrob. 2023 Jul 2;22(1):53. doi: 10.1186/s12941-023-00597-9. PMID: 37394468; PMCID: PMC10315054."
PMC10315054,MIC,16,µg/ml,Table - PMC,Isolate 9,P. aeruginosa,CRPA-47,clinical isolates,resistant to carbapenem and produces biofilm,planktonic cells,Ceftazidime,Mathematical pharmacodynamic modeling for antimicrobial assessment of ceftazidime/colistin versus gentamicin/meropenem combinations against carbapenem-resistant Pseudomonas aeruginosa biofilm,"Badawy MSEM, Elkhatib WF, Shebl RI. Mathematical pharmacodynamic modeling for antimicrobial assessment of ceftazidime/colistin versus gentamicin/meropenem combinations against carbapenem-resistant Pseudomonas aeruginosa biofilm. Ann Clin Microbiol Antimicrob. 2023 Jul 2;22(1):53. doi: 10.1186/s12941-023-00597-9. PMID: 37394468; PMCID: PMC10315054."
PMC10315054,MIC,2,µg/ml,Table - PMC,Isolate 11,P. aeruginosa,CRPA-47,clinical isolates,resistant to carbapenem and produces biofilm,planktonic cells,Colistin,Mathematical pharmacodynamic modeling for antimicrobial assessment of ceftazidime/colistin versus gentamicin/meropenem combinations against carbapenem-resistant Pseudomonas aeruginosa biofilm,"Badawy MSEM, Elkhatib WF, Shebl RI. Mathematical pharmacodynamic modeling for antimicrobial assessment of ceftazidime/colistin versus gentamicin/meropenem combinations against carbapenem-resistant Pseudomonas aeruginosa biofilm. Ann Clin Microbiol Antimicrob. 2023 Jul 2;22(1):53. doi: 10.1186/s12941-023-00597-9. PMID: 37394468; PMCID: PMC10315054."
PMC10315054,MIC,8,µg/ml,Table - PMC,Isolate 13,P. aeruginosa,CRPA-47,clinical isolates,resistant to carbapenem and produces biofilm,planktonic cells,Gentamicin,Mathematical pharmacodynamic modeling for antimicrobial assessment of ceftazidime/colistin versus gentamicin/meropenem combinations against carbapenem-resistant Pseudomonas aeruginosa biofilm,"Badawy MSEM, Elkhatib WF, Shebl RI. Mathematical pharmacodynamic modeling for antimicrobial assessment of ceftazidime/colistin versus gentamicin/meropenem combinations against carbapenem-resistant Pseudomonas aeruginosa biofilm. Ann Clin Microbiol Antimicrob. 2023 Jul 2;22(1):53. doi: 10.1186/s12941-023-00597-9. PMID: 37394468; PMCID: PMC10315054."
PMC10315054,MIC,8,µg/ml,Table - PMC,Isolate 15,P. aeruginosa,CRPA-47,clinical isolates,resistant to carbapenem and produces biofilm,planktonic cells,Meropenem,Mathematical pharmacodynamic modeling for antimicrobial assessment of ceftazidime/colistin versus gentamicin/meropenem combinations against carbapenem-resistant Pseudomonas aeruginosa biofilm,"Badawy MSEM, Elkhatib WF, Shebl RI. Mathematical pharmacodynamic modeling for antimicrobial assessment of ceftazidime/colistin versus gentamicin/meropenem combinations against carbapenem-resistant Pseudomonas aeruginosa biofilm. Ann Clin Microbiol Antimicrob. 2023 Jul 2;22(1):53. doi: 10.1186/s12941-023-00597-9. PMID: 37394468; PMCID: PMC10315054."
PMC10315054,MIC,4,µg/ml,Table - PMC,Isolate 21,P. aeruginosa,CRPA-47,clinical isolates,resistant to carbapenem and produces biofilm,planktonic cells,Ceftazidime in combination with colistin,Mathematical pharmacodynamic modeling for antimicrobial assessment of ceftazidime/colistin versus gentamicin/meropenem combinations against carbapenem-resistant Pseudomonas aeruginosa biofilm,"Badawy MSEM, Elkhatib WF, Shebl RI. Mathematical pharmacodynamic modeling for antimicrobial assessment of ceftazidime/colistin versus gentamicin/meropenem combinations against carbapenem-resistant Pseudomonas aeruginosa biofilm. Ann Clin Microbiol Antimicrob. 2023 Jul 2;22(1):53. doi: 10.1186/s12941-023-00597-9. PMID: 37394468; PMCID: PMC10315054."
PMC10315054,MIC,0.5,µg/ml,Table - PMC,Isolate 22,P. aeruginosa,CRPA-47,clinical isolates,resistant to carbapenem and produces biofilm,planktonic cells,Colistin in combination with ceftazidime,Mathematical pharmacodynamic modeling for antimicrobial assessment of ceftazidime/colistin versus gentamicin/meropenem combinations against carbapenem-resistant Pseudomonas aeruginosa biofilm,"Badawy MSEM, Elkhatib WF, Shebl RI. Mathematical pharmacodynamic modeling for antimicrobial assessment of ceftazidime/colistin versus gentamicin/meropenem combinations against carbapenem-resistant Pseudomonas aeruginosa biofilm. Ann Clin Microbiol Antimicrob. 2023 Jul 2;22(1):53. doi: 10.1186/s12941-023-00597-9. PMID: 37394468; PMCID: PMC10315054."
PMC10315054,MIC,1,µg/ml,Table - PMC,Isolate 23,P. aeruginosa,CRPA-47,clinical isolates,resistant to carbapenem and produces biofilm,planktonic cells,Gentamicin in combination with meropenem,Mathematical pharmacodynamic modeling for antimicrobial assessment of ceftazidime/colistin versus gentamicin/meropenem combinations against carbapenem-resistant Pseudomonas aeruginosa biofilm,"Badawy MSEM, Elkhatib WF, Shebl RI. Mathematical pharmacodynamic modeling for antimicrobial assessment of ceftazidime/colistin versus gentamicin/meropenem combinations against carbapenem-resistant Pseudomonas aeruginosa biofilm. Ann Clin Microbiol Antimicrob. 2023 Jul 2;22(1):53. doi: 10.1186/s12941-023-00597-9. PMID: 37394468; PMCID: PMC10315054."
PMC10315054,MIC,1,µg/ml,Table - PMC,Isolate 24,P. aeruginosa,CRPA-47,clinical isolates,resistant to carbapenem and produces biofilm,planktonic cells,Meropenem in combination with gentamicin,Mathematical pharmacodynamic modeling for antimicrobial assessment of ceftazidime/colistin versus gentamicin/meropenem combinations against carbapenem-resistant Pseudomonas aeruginosa biofilm,"Badawy MSEM, Elkhatib WF, Shebl RI. Mathematical pharmacodynamic modeling for antimicrobial assessment of ceftazidime/colistin versus gentamicin/meropenem combinations against carbapenem-resistant Pseudomonas aeruginosa biofilm. Ann Clin Microbiol Antimicrob. 2023 Jul 2;22(1):53. doi: 10.1186/s12941-023-00597-9. PMID: 37394468; PMCID: PMC10315054."
PMC10315054,MBIC and MBBC,4- and eightfold,NaN,"Also, an apparent elevation in the recorded concentrations of both the MBIC and MBBC compared to that of MIC and MBC by values of 4- and eightfold following treatment of both isolates with colistin and ceftazidime, respectively.",Isolate 25,P. aeruginosa,both isolates,clinical isolates,resistant to carbapenem and produces biofilm,planktonic state or biofilms,colistin and ceftazidime,Mathematical pharmacodynamic modeling for antimicrobial assessment of ceftazidime/colistin versus gentamicin/meropenem combinations against carbapenem-resistant Pseudomonas aeruginosa biofilm,"Badawy MSEM, Elkhatib WF, Shebl RI. Mathematical pharmacodynamic modeling for antimicrobial assessment of ceftazidime/colistin versus gentamicin/meropenem combinations against carbapenem-resistant Pseudomonas aeruginosa biofilm. Ann Clin Microbiol Antimicrob. 2023 Jul 2;22(1):53. doi: 10.1186/s12941-023-00597-9. PMID: 37394468; PMCID: PMC10315054."
PMC10315054,MBIC compared to MIC,fourfold,NaN,A fourfold increase was also observed in the MBIC compared to MIC post-treatment of both isolates with gentamicin and meropenem.,Isolate 26,P. aeruginosa,both isolates,clinical isolates,resistant to carbapenem and produces biofilm,planktonic state or biofilms,gentamicin and meropenem,Mathematical pharmacodynamic modeling for antimicrobial assessment of ceftazidime/colistin versus gentamicin/meropenem combinations against carbapenem-resistant Pseudomonas aeruginosa biofilm,"Badawy MSEM, Elkhatib WF, Shebl RI. Mathematical pharmacodynamic modeling for antimicrobial assessment of ceftazidime/colistin versus gentamicin/meropenem combinations against carbapenem-resistant Pseudomonas aeruginosa biofilm. Ann Clin Microbiol Antimicrob. 2023 Jul 2;22(1):53. doi: 10.1186/s12941-023-00597-9. PMID: 37394468; PMCID: PMC10315054."
PMC10315054,MBBC compared to MBC,8- and 16-fold,NaN,"Whereas the elevation in the MBBC compared to MBC was in the order of 8- and 16-fold increase following treatment with gentamicin and meropenem for both isolates, respectively (Table 1).",Isolate 26,P. aeruginosa,both isolates,clinical isolates,resistant to carbapenem and produces biofilm,planktonic state or biofilms,gentamicin and meropenem,Mathematical pharmacodynamic modeling for antimicrobial assessment of ceftazidime/colistin versus gentamicin/meropenem combinations against carbapenem-resistant Pseudomonas aeruginosa biofilm,"Badawy MSEM, Elkhatib WF, Shebl RI. Mathematical pharmacodynamic modeling for antimicrobial assessment of ceftazidime/colistin versus gentamicin/meropenem combinations against carbapenem-resistant Pseudomonas aeruginosa biofilm. Ann Clin Microbiol Antimicrob. 2023 Jul 2;22(1):53. doi: 10.1186/s12941-023-00597-9. PMID: 37394468; PMCID: PMC10315054."
PMC10315054,Hill factor,0.8 and 0.97,NaN,Hill factor values lying in a range between 0.8 and 0.97 reveal a strong correlation between the concentrations of the tested antimicrobials and their subsequent anti-biofilm potentials (Table 2).,Isolate 27,P. aeruginosa,NaN,NaN,NaN,NaN,NaN,Mathematical pharmacodynamic modeling for antimicrobial assessment of ceftazidime/colistin versus gentamicin/meropenem combinations against carbapenem-resistant Pseudomonas aeruginosa biofilm,"Badawy MSEM, Elkhatib WF, Shebl RI. Mathematical pharmacodynamic modeling for antimicrobial assessment of ceftazidime/colistin versus gentamicin/meropenem combinations against carbapenem-resistant Pseudomonas aeruginosa biofilm. Ann Clin Microbiol Antimicrob. 2023 Jul 2;22(1):53. doi: 10.1186/s12941-023-00597-9. PMID: 37394468; PMCID: PMC10315054."
PMC10583683,MIC,0.25,mg/L,Table - PMC,Isolate 1,P aeruginosa,PAO1,NaN,NaN,NaN,C/T,Characterization of Pseudomonas aeruginosa resistance to ceftolozane-tazobactam due to ampC and/or ampD mutations observed during treatment using semi-mechanistic PKPD modeling,"Deroche L, Aranzana-Climent V, Rozenholc A, Prouvensier L, Darnaud L, Grégoire N, Marchand S, Ploy M-C, François B, Couet W, Barraud O, Buyck JM. Characterization of Pseudomonas aeruginosa resistance to ceftolozane-tazobactam due to ampC and/or ampD mutations observed during treatment using semi-mechanistic PKPD modeling. Antimicrob Agents Chemother. 2023 Oct 18;67(10):e0048023. doi: 10.1128/aac.00480-23. Epub 2023 Sep 11. PMID: 37695298; PMCID: PMC10583683."
PMC10583683,"EC50,off",0.0444[0.00818–0.104],mg/L,Table - PMC,Isolate 1,P aeruginosa,PAO1,NaN,NaN,NaN,C/T,Characterization of Pseudomonas aeruginosa resistance to ceftolozane-tazobactam due to ampC and/or ampD mutations observed during treatment using semi-mechanistic PKPD modeling,"Deroche L, Aranzana-Climent V, Rozenholc A, Prouvensier L, Darnaud L, Grégoire N, Marchand S, Ploy M-C, François B, Couet W, Barraud O, Buyck JM. Characterization of Pseudomonas aeruginosa resistance to ceftolozane-tazobactam due to ampC and/or ampD mutations observed during treatment using semi-mechanistic PKPD modeling. Antimicrob Agents Chemother. 2023 Oct 18;67(10):e0048023. doi: 10.1128/aac.00480-23. Epub 2023 Sep 11. PMID: 37695298; PMCID: PMC10583683."
PMC10583683,"EC50,on",0.551[0.408–0.743],mg/L,Table - PMC,Isolate 1,P aeruginosa,PAO1,NaN,NaN,NaN,C/T,Characterization of Pseudomonas aeruginosa resistance to ceftolozane-tazobactam due to ampC and/or ampD mutations observed during treatment using semi-mechanistic PKPD modeling,"Deroche L, Aranzana-Climent V, Rozenholc A, Prouvensier L, Darnaud L, Grégoire N, Marchand S, Ploy M-C, François B, Couet W, Barraud O, Buyck JM. Characterization of Pseudomonas aeruginosa resistance to ceftolozane-tazobactam due to ampC and/or ampD mutations observed during treatment using semi-mechanistic PKPD modeling. Antimicrob Agents Chemother. 2023 Oct 18;67(10):e0048023. doi: 10.1128/aac.00480-23. Epub 2023 Sep 11. PMID: 37695298; PMCID: PMC10583683."
PMC10583683,"EC50,on/EC50,off",12.4,NaN,Table - PMC,Isolate 1,P aeruginosa,PAO1,NaN,NaN,NaN,C/T,Characterization of Pseudomonas aeruginosa resistance to ceftolozane-tazobactam due to ampC and/or ampD mutations observed during treatment using semi-mechanistic PKPD modeling,"Deroche L, Aranzana-Climent V, Rozenholc A, Prouvensier L, Darnaud L, Grégoire N, Marchand S, Ploy M-C, François B, Couet W, Barraud O, Buyck JM. Characterization of Pseudomonas aeruginosa resistance to ceftolozane-tazobactam due to ampC and/or ampD mutations observed during treatment using semi-mechanistic PKPD modeling. Antimicrob Agents Chemother. 2023 Oct 18;67(10):e0048023. doi: 10.1128/aac.00480-23. Epub 2023 Sep 11. PMID: 37695298; PMCID: PMC10583683."
PMC10583683,MIC,0.25,mg/L,Table - PMC,Isolate 2,P aeruginosa,PAO1- AmpCG183D,NaN,AmpCG183D mutation,NaN,C/T,Characterization of Pseudomonas aeruginosa resistance to ceftolozane-tazobactam due to ampC and/or ampD mutations observed during treatment using semi-mechanistic PKPD modeling,"Deroche L, Aranzana-Climent V, Rozenholc A, Prouvensier L, Darnaud L, Grégoire N, Marchand S, Ploy M-C, François B, Couet W, Barraud O, Buyck JM. Characterization of Pseudomonas aeruginosa resistance to ceftolozane-tazobactam due to ampC and/or ampD mutations observed during treatment using semi-mechanistic PKPD modeling. Antimicrob Agents Chemother. 2023 Oct 18;67(10):e0048023. doi: 10.1128/aac.00480-23. Epub 2023 Sep 11. PMID: 37695298; PMCID: PMC10583683."
PMC10583683,"EC50,off",0.06060.0294–0.0988,mg/L,Table - PMC,Isolate 2,P aeruginosa,PAO1- AmpCG183D,NaN,AmpCG183D mutation,NaN,C/T,Characterization of Pseudomonas aeruginosa resistance to ceftolozane-tazobactam due to ampC and/or ampD mutations observed during treatment using semi-mechanistic PKPD modeling,"Deroche L, Aranzana-Climent V, Rozenholc A, Prouvensier L, Darnaud L, Grégoire N, Marchand S, Ploy M-C, François B, Couet W, Barraud O, Buyck JM. Characterization of Pseudomonas aeruginosa resistance to ceftolozane-tazobactam due to ampC and/or ampD mutations observed during treatment using semi-mechanistic PKPD modeling. Antimicrob Agents Chemother. 2023 Oct 18;67(10):e0048023. doi: 10.1128/aac.00480-23. Epub 2023 Sep 11. PMID: 37695298; PMCID: PMC10583683."
PMC10583683,"EC50,on",19.4[15.8–23.4],mg/L,Table - PMC,Isolate 2,P aeruginosa,PAO1- AmpCG183D,NaN,AmpCG183D mutation,NaN,C/T,Characterization of Pseudomonas aeruginosa resistance to ceftolozane-tazobactam due to ampC and/or ampD mutations observed during treatment using semi-mechanistic PKPD modeling,"Deroche L, Aranzana-Climent V, Rozenholc A, Prouvensier L, Darnaud L, Grégoire N, Marchand S, Ploy M-C, François B, Couet W, Barraud O, Buyck JM. Characterization of Pseudomonas aeruginosa resistance to ceftolozane-tazobactam due to ampC and/or ampD mutations observed during treatment using semi-mechanistic PKPD modeling. Antimicrob Agents Chemother. 2023 Oct 18;67(10):e0048023. doi: 10.1128/aac.00480-23. Epub 2023 Sep 11. PMID: 37695298; PMCID: PMC10583683."
PMC10583683,"EC50,on/EC50,off",320,NaN,Table - PMC,Isolate 2,P aeruginosa,PAO1- AmpCG183D,NaN,AmpCG183D mutation,NaN,C/T,Characterization of Pseudomonas aeruginosa resistance to ceftolozane-tazobactam due to ampC and/or ampD mutations observed during treatment using semi-mechanistic PKPD modeling,"Deroche L, Aranzana-Climent V, Rozenholc A, Prouvensier L, Darnaud L, Grégoire N, Marchand S, Ploy M-C, François B, Couet W, Barraud O, Buyck JM. Characterization of Pseudomonas aeruginosa resistance to ceftolozane-tazobactam due to ampC and/or ampD mutations observed during treatment using semi-mechanistic PKPD modeling. Antimicrob Agents Chemother. 2023 Oct 18;67(10):e0048023. doi: 10.1128/aac.00480-23. Epub 2023 Sep 11. PMID: 37695298; PMCID: PMC10583683."
PMC10583683,MIC,0.25,mg/L,Table - PMC,Isolate 3,P aeruginosa,PAO1- AmpDH157Y,NaN,AmpDH157Y mutation,NaN,C/T,Characterization of Pseudomonas aeruginosa resistance to ceftolozane-tazobactam due to ampC and/or ampD mutations observed during treatment using semi-mechanistic PKPD modeling,"Deroche L, Aranzana-Climent V, Rozenholc A, Prouvensier L, Darnaud L, Grégoire N, Marchand S, Ploy M-C, François B, Couet W, Barraud O, Buyck JM. Characterization of Pseudomonas aeruginosa resistance to ceftolozane-tazobactam due to ampC and/or ampD mutations observed during treatment using semi-mechanistic PKPD modeling. Antimicrob Agents Chemother. 2023 Oct 18;67(10):e0048023. doi: 10.1128/aac.00480-23. Epub 2023 Sep 11. PMID: 37695298; PMCID: PMC10583683."
PMC10583683,"EC50,off",0.1810.121–0.263,mg/L,Table - PMC,Isolate 3,P aeruginosa,PAO1- AmpDH157Y,NaN,AmpDH157Y mutation,NaN,C/T,Characterization of Pseudomonas aeruginosa resistance to ceftolozane-tazobactam due to ampC and/or ampD mutations observed during treatment using semi-mechanistic PKPD modeling,"Deroche L, Aranzana-Climent V, Rozenholc A, Prouvensier L, Darnaud L, Grégoire N, Marchand S, Ploy M-C, François B, Couet W, Barraud O, Buyck JM. Characterization of Pseudomonas aeruginosa resistance to ceftolozane-tazobactam due to ampC and/or ampD mutations observed during treatment using semi-mechanistic PKPD modeling. Antimicrob Agents Chemother. 2023 Oct 18;67(10):e0048023. doi: 10.1128/aac.00480-23. Epub 2023 Sep 11. PMID: 37695298; PMCID: PMC10583683."
PMC10583683,"EC50,on",2.20[1.83–2.59],mg/L,Table - PMC,Isolate 3,P aeruginosa,PAO1- AmpDH157Y,NaN,AmpDH157Y mutation,NaN,C/T,Characterization of Pseudomonas aeruginosa resistance to ceftolozane-tazobactam due to ampC and/or ampD mutations observed during treatment using semi-mechanistic PKPD modeling,"Deroche L, Aranzana-Climent V, Rozenholc A, Prouvensier L, Darnaud L, Grégoire N, Marchand S, Ploy M-C, François B, Couet W, Barraud O, Buyck JM. Characterization of Pseudomonas aeruginosa resistance to ceftolozane-tazobactam due to ampC and/or ampD mutations observed during treatment using semi-mechanistic PKPD modeling. Antimicrob Agents Chemother. 2023 Oct 18;67(10):e0048023. doi: 10.1128/aac.00480-23. Epub 2023 Sep 11. PMID: 37695298; PMCID: PMC10583683."
PMC10583683,"EC50,on/EC50,off",12.2,NaN,Table - PMC,Isolate 3,P aeruginosa,PAO1- AmpDH157Y,NaN,AmpDH157Y mutation,NaN,C/T,Characterization of Pseudomonas aeruginosa resistance to ceftolozane-tazobactam due to ampC and/or ampD mutations observed during treatment using semi-mechanistic PKPD modeling,"Deroche L, Aranzana-Climent V, Rozenholc A, Prouvensier L, Darnaud L, Grégoire N, Marchand S, Ploy M-C, François B, Couet W, Barraud O, Buyck JM. Characterization of Pseudomonas aeruginosa resistance to ceftolozane-tazobactam due to ampC and/or ampD mutations observed during treatment using semi-mechanistic PKPD modeling. Antimicrob Agents Chemother. 2023 Oct 18;67(10):e0048023. doi: 10.1128/aac.00480-23. Epub 2023 Sep 11. PMID: 37695298; PMCID: PMC10583683."
PMC10583683,MIC,2,mg/L,Table - PMC,Isolate 4,P aeruginosa,PAO1- AmpCG183D/AmpDH157Y,NaN,AmpCG183D/AmpDH157Y double mutation,NaN,C/T,Characterization of Pseudomonas aeruginosa resistance to ceftolozane-tazobactam due to ampC and/or ampD mutations observed during treatment using semi-mechanistic PKPD modeling,"Deroche L, Aranzana-Climent V, Rozenholc A, Prouvensier L, Darnaud L, Grégoire N, Marchand S, Ploy M-C, François B, Couet W, Barraud O, Buyck JM. Characterization of Pseudomonas aeruginosa resistance to ceftolozane-tazobactam due to ampC and/or ampD mutations observed during treatment using semi-mechanistic PKPD modeling. Antimicrob Agents Chemother. 2023 Oct 18;67(10):e0048023. doi: 10.1128/aac.00480-23. Epub 2023 Sep 11. PMID: 37695298; PMCID: PMC10583683."
PMC10583683,"EC50,off",1.290.499–2.55,mg/L,Table - PMC,Isolate 4,P aeruginosa,PAO1- AmpCG183D/AmpDH157Y,NaN,AmpCG183D/AmpDH157Y double mutation,NaN,C/T,Characterization of Pseudomonas aeruginosa resistance to ceftolozane-tazobactam due to ampC and/or ampD mutations observed during treatment using semi-mechanistic PKPD modeling,"Deroche L, Aranzana-Climent V, Rozenholc A, Prouvensier L, Darnaud L, Grégoire N, Marchand S, Ploy M-C, François B, Couet W, Barraud O, Buyck JM. Characterization of Pseudomonas aeruginosa resistance to ceftolozane-tazobactam due to ampC and/or ampD mutations observed during treatment using semi-mechanistic PKPD modeling. Antimicrob Agents Chemother. 2023 Oct 18;67(10):e0048023. doi: 10.1128/aac.00480-23. Epub 2023 Sep 11. PMID: 37695298; PMCID: PMC10583683."
PMC10583683,"EC50,on",70.8[60.5–83.1],mg/L,Table - PMC,Isolate 4,P aeruginosa,PAO1- AmpCG183D/AmpDH157Y,NaN,AmpCG183D/AmpDH157Y double mutation,NaN,C/T,Characterization of Pseudomonas aeruginosa resistance to ceftolozane-tazobactam due to ampC and/or ampD mutations observed during treatment using semi-mechanistic PKPD modeling,"Deroche L, Aranzana-Climent V, Rozenholc A, Prouvensier L, Darnaud L, Grégoire N, Marchand S, Ploy M-C, François B, Couet W, Barraud O, Buyck JM. Characterization of Pseudomonas aeruginosa resistance to ceftolozane-tazobactam due to ampC and/or ampD mutations observed during treatment using semi-mechanistic PKPD modeling. Antimicrob Agents Chemother. 2023 Oct 18;67(10):e0048023. doi: 10.1128/aac.00480-23. Epub 2023 Sep 11. PMID: 37695298; PMCID: PMC10583683."
PMC10583683,"EC50,on/EC50,off",55,NaN,Table - PMC,Isolate 4,P aeruginosa,PAO1- AmpCG183D/AmpDH157Y,NaN,AmpCG183D/AmpDH157Y double mutation,NaN,C/T,Characterization of Pseudomonas aeruginosa resistance to ceftolozane-tazobactam due to ampC and/or ampD mutations observed during treatment using semi-mechanistic PKPD modeling,"Deroche L, Aranzana-Climent V, Rozenholc A, Prouvensier L, Darnaud L, Grégoire N, Marchand S, Ploy M-C, François B, Couet W, Barraud O, Buyck JM. Characterization of Pseudomonas aeruginosa resistance to ceftolozane-tazobactam due to ampC and/or ampD mutations observed during treatment using semi-mechanistic PKPD modeling. Antimicrob Agents Chemother. 2023 Oct 18;67(10):e0048023. doi: 10.1128/aac.00480-23. Epub 2023 Sep 11. PMID: 37695298; PMCID: PMC10583683."
PMC10583683,MIC,1,mg/L,Table - PMC,Isolate 5,P. aeruginosa,PaS,NaN,susceptible to C/T (PaS),NaN,C/T,Characterization of Pseudomonas aeruginosa resistance to ceftolozane-tazobactam due to ampC and/or ampD mutations observed during treatment using semi-mechanistic PKPD modeling,"Deroche L, Aranzana-Climent V, Rozenholc A, Prouvensier L, Darnaud L, Grégoire N, Marchand S, Ploy M-C, François B, Couet W, Barraud O, Buyck JM. Characterization of Pseudomonas aeruginosa resistance to ceftolozane-tazobactam due to ampC and/or ampD mutations observed during treatment using semi-mechanistic PKPD modeling. Antimicrob Agents Chemother. 2023 Oct 18;67(10):e0048023. doi: 10.1128/aac.00480-23. Epub 2023 Sep 11. PMID: 37695298; PMCID: PMC10583683."
PMC10583683,"EC50,off",1.36[1.04–1.73],mg/L,Table - PMC,Isolate 5,P. aeruginosa,PaS,NaN,susceptible to C/T (PaS),NaN,C/T,Characterization of Pseudomonas aeruginosa resistance to ceftolozane-tazobactam due to ampC and/or ampD mutations observed during treatment using semi-mechanistic PKPD modeling,"Deroche L, Aranzana-Climent V, Rozenholc A, Prouvensier L, Darnaud L, Grégoire N, Marchand S, Ploy M-C, François B, Couet W, Barraud O, Buyck JM. Characterization of Pseudomonas aeruginosa resistance to ceftolozane-tazobactam due to ampC and/or ampD mutations observed during treatment using semi-mechanistic PKPD modeling. Antimicrob Agents Chemother. 2023 Oct 18;67(10):e0048023. doi: 10.1128/aac.00480-23. Epub 2023 Sep 11. PMID: 37695298; PMCID: PMC10583683."
PMC10583683,"EC50,on",155[124–92],mg/L,Table - PMC,Isolate 5,P. aeruginosa,PaS,NaN,susceptible to C/T (PaS),NaN,C/T,Characterization of Pseudomonas aeruginosa resistance to ceftolozane-tazobactam due to ampC and/or ampD mutations observed during treatment using semi-mechanistic PKPD modeling,"Deroche L, Aranzana-Climent V, Rozenholc A, Prouvensier L, Darnaud L, Grégoire N, Marchand S, Ploy M-C, François B, Couet W, Barraud O, Buyck JM. Characterization of Pseudomonas aeruginosa resistance to ceftolozane-tazobactam due to ampC and/or ampD mutations observed during treatment using semi-mechanistic PKPD modeling. Antimicrob Agents Chemother. 2023 Oct 18;67(10):e0048023. doi: 10.1128/aac.00480-23. Epub 2023 Sep 11. PMID: 37695298; PMCID: PMC10583683."
PMC10583683,"EC50,on/EC50,off",114,NaN,Table - PMC,Isolate 5,P. aeruginosa,PaS,NaN,susceptible to C/T (PaS),NaN,C/T,Characterization of Pseudomonas aeruginosa resistance to ceftolozane-tazobactam due to ampC and/or ampD mutations observed during treatment using semi-mechanistic PKPD modeling,"Deroche L, Aranzana-Climent V, Rozenholc A, Prouvensier L, Darnaud L, Grégoire N, Marchand S, Ploy M-C, François B, Couet W, Barraud O, Buyck JM. Characterization of Pseudomonas aeruginosa resistance to ceftolozane-tazobactam due to ampC and/or ampD mutations observed during treatment using semi-mechanistic PKPD modeling. Antimicrob Agents Chemother. 2023 Oct 18;67(10):e0048023. doi: 10.1128/aac.00480-23. Epub 2023 Sep 11. PMID: 37695298; PMCID: PMC10583683."
PMC10583683,MIC,32d,mg/L,Table - PMC,Isolate 6,P. aeruginosa,PaR,blood cultures,C/T resistant but IMI susceptible,NaN,C/T,Characterization of Pseudomonas aeruginosa resistance to ceftolozane-tazobactam due to ampC and/or ampD mutations observed during treatment using semi-mechanistic PKPD modeling,"Deroche L, Aranzana-Climent V, Rozenholc A, Prouvensier L, Darnaud L, Grégoire N, Marchand S, Ploy M-C, François B, Couet W, Barraud O, Buyck JM. Characterization of Pseudomonas aeruginosa resistance to ceftolozane-tazobactam due to ampC and/or ampD mutations observed during treatment using semi-mechanistic PKPD modeling. Antimicrob Agents Chemother. 2023 Oct 18;67(10):e0048023. doi: 10.1128/aac.00480-23. Epub 2023 Sep 11. PMID: 37695298; PMCID: PMC10583683."
PMC10583683,"EC50,off",80.5[66.4–92] (59b),mg/L,Table - PMC,Isolate 6,P. aeruginosa,PaR,blood cultures,C/T resistant but IMI susceptible,NaN,C/T,Characterization of Pseudomonas aeruginosa resistance to ceftolozane-tazobactam due to ampC and/or ampD mutations observed during treatment using semi-mechanistic PKPD modeling,"Deroche L, Aranzana-Climent V, Rozenholc A, Prouvensier L, Darnaud L, Grégoire N, Marchand S, Ploy M-C, François B, Couet W, Barraud O, Buyck JM. Characterization of Pseudomonas aeruginosa resistance to ceftolozane-tazobactam due to ampC and/or ampD mutations observed during treatment using semi-mechanistic PKPD modeling. Antimicrob Agents Chemother. 2023 Oct 18;67(10):e0048023. doi: 10.1128/aac.00480-23. Epub 2023 Sep 11. PMID: 37695298; PMCID: PMC10583683."
PMC10583683,"EC50,on",420[371–485],mg/L,Table - PMC,Isolate 6,P. aeruginosa,PaR,blood cultures,C/T resistant but IMI susceptible,NaN,C/T,Characterization of Pseudomonas aeruginosa resistance to ceftolozane-tazobactam due to ampC and/or ampD mutations observed during treatment using semi-mechanistic PKPD modeling,"Deroche L, Aranzana-Climent V, Rozenholc A, Prouvensier L, Darnaud L, Grégoire N, Marchand S, Ploy M-C, François B, Couet W, Barraud O, Buyck JM. Characterization of Pseudomonas aeruginosa resistance to ceftolozane-tazobactam due to ampC and/or ampD mutations observed during treatment using semi-mechanistic PKPD modeling. Antimicrob Agents Chemother. 2023 Oct 18;67(10):e0048023. doi: 10.1128/aac.00480-23. Epub 2023 Sep 11. PMID: 37695298; PMCID: PMC10583683."
PMC10583683,"EC50,on/EC50,off",5.2,NaN,Table - PMC,Isolate 6,P. aeruginosa,PaR,blood cultures,C/T resistant but IMI susceptible,NaN,C/T,Characterization of Pseudomonas aeruginosa resistance to ceftolozane-tazobactam due to ampC and/or ampD mutations observed during treatment using semi-mechanistic PKPD modeling,"Deroche L, Aranzana-Climent V, Rozenholc A, Prouvensier L, Darnaud L, Grégoire N, Marchand S, Ploy M-C, François B, Couet W, Barraud O, Buyck JM. Characterization of Pseudomonas aeruginosa resistance to ceftolozane-tazobactam due to ampC and/or ampD mutations observed during treatment using semi-mechanistic PKPD modeling. Antimicrob Agents Chemother. 2023 Oct 18;67(10):e0048023. doi: 10.1128/aac.00480-23. Epub 2023 Sep 11. PMID: 37695298; PMCID: PMC10583683."
PMC10583683,MIC,2,mg/L,Table - PMC,Isolate 7,P. aeruginosa,PaR-AmpCPaS/AmpDPaS,NaN,double reverted PaR isolate,NaN,C/T,Characterization of Pseudomonas aeruginosa resistance to ceftolozane-tazobactam due to ampC and/or ampD mutations observed during treatment using semi-mechanistic PKPD modeling,"Deroche L, Aranzana-Climent V, Rozenholc A, Prouvensier L, Darnaud L, Grégoire N, Marchand S, Ploy M-C, François B, Couet W, Barraud O, Buyck JM. Characterization of Pseudomonas aeruginosa resistance to ceftolozane-tazobactam due to ampC and/or ampD mutations observed during treatment using semi-mechanistic PKPD modeling. Antimicrob Agents Chemother. 2023 Oct 18;67(10):e0048023. doi: 10.1128/aac.00480-23. Epub 2023 Sep 11. PMID: 37695298; PMCID: PMC10583683."
PMC10583683,"EC50,off",6.775.37–8.17,mg/L,Table - PMC,Isolate 7,P. aeruginosa,PaR-AmpCPaS/AmpDPaS,NaN,double reverted PaR isolate,NaN,C/T,Characterization of Pseudomonas aeruginosa resistance to ceftolozane-tazobactam due to ampC and/or ampD mutations observed during treatment using semi-mechanistic PKPD modeling,"Deroche L, Aranzana-Climent V, Rozenholc A, Prouvensier L, Darnaud L, Grégoire N, Marchand S, Ploy M-C, François B, Couet W, Barraud O, Buyck JM. Characterization of Pseudomonas aeruginosa resistance to ceftolozane-tazobactam due to ampC and/or ampD mutations observed during treatment using semi-mechanistic PKPD modeling. Antimicrob Agents Chemother. 2023 Oct 18;67(10):e0048023. doi: 10.1128/aac.00480-23. Epub 2023 Sep 11. PMID: 37695298; PMCID: PMC10583683."
PMC10583683,"EC50,on",269[220–345],mg/L,Table - PMC,Isolate 7,P. aeruginosa,PaR-AmpCPaS/AmpDPaS,NaN,double reverted PaR isolate,NaN,C/T,Characterization of Pseudomonas aeruginosa resistance to ceftolozane-tazobactam due to ampC and/or ampD mutations observed during treatment using semi-mechanistic PKPD modeling,"Deroche L, Aranzana-Climent V, Rozenholc A, Prouvensier L, Darnaud L, Grégoire N, Marchand S, Ploy M-C, François B, Couet W, Barraud O, Buyck JM. Characterization of Pseudomonas aeruginosa resistance to ceftolozane-tazobactam due to ampC and/or ampD mutations observed during treatment using semi-mechanistic PKPD modeling. Antimicrob Agents Chemother. 2023 Oct 18;67(10):e0048023. doi: 10.1128/aac.00480-23. Epub 2023 Sep 11. PMID: 37695298; PMCID: PMC10583683."
PMC10583683,"EC50,on/EC50,off",40,NaN,Table - PMC,Isolate 7,P. aeruginosa,PaR-AmpCPaS/AmpDPaS,NaN,double reverted PaR isolate,NaN,C/T,Characterization of Pseudomonas aeruginosa resistance to ceftolozane-tazobactam due to ampC and/or ampD mutations observed during treatment using semi-mechanistic PKPD modeling,"Deroche L, Aranzana-Climent V, Rozenholc A, Prouvensier L, Darnaud L, Grégoire N, Marchand S, Ploy M-C, François B, Couet W, Barraud O, Buyck JM. Characterization of Pseudomonas aeruginosa resistance to ceftolozane-tazobactam due to ampC and/or ampD mutations observed during treatment using semi-mechanistic PKPD modeling. Antimicrob Agents Chemother. 2023 Oct 18;67(10):e0048023. doi: 10.1128/aac.00480-23. Epub 2023 Sep 11. PMID: 37695298; PMCID: PMC10583683."
PMC10583683,MIC,0.5,mg/L,Table - PMC,Isolate 8,P aeruginosa,PAO1,NaN,NaN,NaN,IMI,Characterization of Pseudomonas aeruginosa resistance to ceftolozane-tazobactam due to ampC and/or ampD mutations observed during treatment using semi-mechanistic PKPD modeling,"Deroche L, Aranzana-Climent V, Rozenholc A, Prouvensier L, Darnaud L, Grégoire N, Marchand S, Ploy M-C, François B, Couet W, Barraud O, Buyck JM. Characterization of Pseudomonas aeruginosa resistance to ceftolozane-tazobactam due to ampC and/or ampD mutations observed during treatment using semi-mechanistic PKPD modeling. Antimicrob Agents Chemother. 2023 Oct 18;67(10):e0048023. doi: 10.1128/aac.00480-23. Epub 2023 Sep 11. PMID: 37695298; PMCID: PMC10583683."
PMC10583683,"EC50,off",0.411[0.250–0.638],mg/L,Table - PMC,Isolate 8,P aeruginosa,PAO1,NaN,NaN,NaN,IMI,Characterization of Pseudomonas aeruginosa resistance to ceftolozane-tazobactam due to ampC and/or ampD mutations observed during treatment using semi-mechanistic PKPD modeling,"Deroche L, Aranzana-Climent V, Rozenholc A, Prouvensier L, Darnaud L, Grégoire N, Marchand S, Ploy M-C, François B, Couet W, Barraud O, Buyck JM. Characterization of Pseudomonas aeruginosa resistance to ceftolozane-tazobactam due to ampC and/or ampD mutations observed during treatment using semi-mechanistic PKPD modeling. Antimicrob Agents Chemother. 2023 Oct 18;67(10):e0048023. doi: 10.1128/aac.00480-23. Epub 2023 Sep 11. PMID: 37695298; PMCID: PMC10583683."
PMC10583683,"EC50,on",24.8[21.3–29.3],mg/L,Table - PMC,Isolate 8,P aeruginosa,PAO1,NaN,NaN,NaN,IMI,Characterization of Pseudomonas aeruginosa resistance to ceftolozane-tazobactam due to ampC and/or ampD mutations observed during treatment using semi-mechanistic PKPD modeling,"Deroche L, Aranzana-Climent V, Rozenholc A, Prouvensier L, Darnaud L, Grégoire N, Marchand S, Ploy M-C, François B, Couet W, Barraud O, Buyck JM. Characterization of Pseudomonas aeruginosa resistance to ceftolozane-tazobactam due to ampC and/or ampD mutations observed during treatment using semi-mechanistic PKPD modeling. Antimicrob Agents Chemother. 2023 Oct 18;67(10):e0048023. doi: 10.1128/aac.00480-23. Epub 2023 Sep 11. PMID: 37695298; PMCID: PMC10583683."
PMC10583683,"EC50,on/EC50,off",60.3,NaN,Table - PMC,Isolate 8,P aeruginosa,PAO1,NaN,NaN,NaN,IMI,Characterization of Pseudomonas aeruginosa resistance to ceftolozane-tazobactam due to ampC and/or ampD mutations observed during treatment using semi-mechanistic PKPD modeling,"Deroche L, Aranzana-Climent V, Rozenholc A, Prouvensier L, Darnaud L, Grégoire N, Marchand S, Ploy M-C, François B, Couet W, Barraud O, Buyck JM. Characterization of Pseudomonas aeruginosa resistance to ceftolozane-tazobactam due to ampC and/or ampD mutations observed during treatment using semi-mechanistic PKPD modeling. Antimicrob Agents Chemother. 2023 Oct 18;67(10):e0048023. doi: 10.1128/aac.00480-23. Epub 2023 Sep 11. PMID: 37695298; PMCID: PMC10583683."
PMC10583683,MIC,0.125,mg/L,Table - PMC,Isolate 9,P aeruginosa,PAO1- AmpCG183D,NaN,AmpCG183D mutation,NaN,IMI,Characterization of Pseudomonas aeruginosa resistance to ceftolozane-tazobactam due to ampC and/or ampD mutations observed during treatment using semi-mechanistic PKPD modeling,"Deroche L, Aranzana-Climent V, Rozenholc A, Prouvensier L, Darnaud L, Grégoire N, Marchand S, Ploy M-C, François B, Couet W, Barraud O, Buyck JM. Characterization of Pseudomonas aeruginosa resistance to ceftolozane-tazobactam due to ampC and/or ampD mutations observed during treatment using semi-mechanistic PKPD modeling. Antimicrob Agents Chemother. 2023 Oct 18;67(10):e0048023. doi: 10.1128/aac.00480-23. Epub 2023 Sep 11. PMID: 37695298; PMCID: PMC10583683."
PMC10583683,"EC50,off",1.861.49–2.26,mg/L,Table - PMC,Isolate 9,P aeruginosa,PAO1- AmpCG183D,NaN,AmpCG183D mutation,NaN,IMI,Characterization of Pseudomonas aeruginosa resistance to ceftolozane-tazobactam due to ampC and/or ampD mutations observed during treatment using semi-mechanistic PKPD modeling,"Deroche L, Aranzana-Climent V, Rozenholc A, Prouvensier L, Darnaud L, Grégoire N, Marchand S, Ploy M-C, François B, Couet W, Barraud O, Buyck JM. Characterization of Pseudomonas aeruginosa resistance to ceftolozane-tazobactam due to ampC and/or ampD mutations observed during treatment using semi-mechanistic PKPD modeling. Antimicrob Agents Chemother. 2023 Oct 18;67(10):e0048023. doi: 10.1128/aac.00480-23. Epub 2023 Sep 11. PMID: 37695298; PMCID: PMC10583683."
PMC10583683,"EC50,on",2.25[1.91–2.57],mg/L,Table - PMC,Isolate 9,P aeruginosa,PAO1- AmpCG183D,NaN,AmpCG183D mutation,NaN,IMI,Characterization of Pseudomonas aeruginosa resistance to ceftolozane-tazobactam due to ampC and/or ampD mutations observed during treatment using semi-mechanistic PKPD modeling,"Deroche L, Aranzana-Climent V, Rozenholc A, Prouvensier L, Darnaud L, Grégoire N, Marchand S, Ploy M-C, François B, Couet W, Barraud O, Buyck JM. Characterization of Pseudomonas aeruginosa resistance to ceftolozane-tazobactam due to ampC and/or ampD mutations observed during treatment using semi-mechanistic PKPD modeling. Antimicrob Agents Chemother. 2023 Oct 18;67(10):e0048023. doi: 10.1128/aac.00480-23. Epub 2023 Sep 11. PMID: 37695298; PMCID: PMC10583683."
PMC10583683,"EC50,on/EC50,off",1.2,NaN,Table - PMC,Isolate 9,P aeruginosa,PAO1- AmpCG183D,NaN,AmpCG183D mutation,NaN,IMI,Characterization of Pseudomonas aeruginosa resistance to ceftolozane-tazobactam due to ampC and/or ampD mutations observed during treatment using semi-mechanistic PKPD modeling,"Deroche L, Aranzana-Climent V, Rozenholc A, Prouvensier L, Darnaud L, Grégoire N, Marchand S, Ploy M-C, François B, Couet W, Barraud O, Buyck JM. Characterization of Pseudomonas aeruginosa resistance to ceftolozane-tazobactam due to ampC and/or ampD mutations observed during treatment using semi-mechanistic PKPD modeling. Antimicrob Agents Chemother. 2023 Oct 18;67(10):e0048023. doi: 10.1128/aac.00480-23. Epub 2023 Sep 11. PMID: 37695298; PMCID: PMC10583683."
PMC10583683,MIC,0.5,mg/L,Table - PMC,Isolate 10,P aeruginosa,PAO1- AmpDH157Y,NaN,AmpDH157Y mutation,NaN,IMI,Characterization of Pseudomonas aeruginosa resistance to ceftolozane-tazobactam due to ampC and/or ampD mutations observed during treatment using semi-mechanistic PKPD modeling,"Deroche L, Aranzana-Climent V, Rozenholc A, Prouvensier L, Darnaud L, Grégoire N, Marchand S, Ploy M-C, François B, Couet W, Barraud O, Buyck JM. Characterization of Pseudomonas aeruginosa resistance to ceftolozane-tazobactam due to ampC and/or ampD mutations observed during treatment using semi-mechanistic PKPD modeling. Antimicrob Agents Chemother. 2023 Oct 18;67(10):e0048023. doi: 10.1128/aac.00480-23. Epub 2023 Sep 11. PMID: 37695298; PMCID: PMC10583683."
PMC10583683,"EC50,off",2.031.58–2.64,mg/L,Table - PMC,Isolate 10,P aeruginosa,PAO1- AmpDH157Y,NaN,AmpDH157Y mutation,NaN,IMI,Characterization of Pseudomonas aeruginosa resistance to ceftolozane-tazobactam due to ampC and/or ampD mutations observed during treatment using semi-mechanistic PKPD modeling,"Deroche L, Aranzana-Climent V, Rozenholc A, Prouvensier L, Darnaud L, Grégoire N, Marchand S, Ploy M-C, François B, Couet W, Barraud O, Buyck JM. Characterization of Pseudomonas aeruginosa resistance to ceftolozane-tazobactam due to ampC and/or ampD mutations observed during treatment using semi-mechanistic PKPD modeling. Antimicrob Agents Chemother. 2023 Oct 18;67(10):e0048023. doi: 10.1128/aac.00480-23. Epub 2023 Sep 11. PMID: 37695298; PMCID: PMC10583683."
PMC10583683,"EC50,on",7.68[4.62–11.1],mg/L,Table - PMC,Isolate 10,P aeruginosa,PAO1- AmpDH157Y,NaN,AmpDH157Y mutation,NaN,IMI,Characterization of Pseudomonas aeruginosa resistance to ceftolozane-tazobactam due to ampC and/or ampD mutations observed during treatment using semi-mechanistic PKPD modeling,"Deroche L, Aranzana-Climent V, Rozenholc A, Prouvensier L, Darnaud L, Grégoire N, Marchand S, Ploy M-C, François B, Couet W, Barraud O, Buyck JM. Characterization of Pseudomonas aeruginosa resistance to ceftolozane-tazobactam due to ampC and/or ampD mutations observed during treatment using semi-mechanistic PKPD modeling. Antimicrob Agents Chemother. 2023 Oct 18;67(10):e0048023. doi: 10.1128/aac.00480-23. Epub 2023 Sep 11. PMID: 37695298; PMCID: PMC10583683."
PMC10583683,"EC50,on/EC50,off",3.8,NaN,Table - PMC,Isolate 10,P aeruginosa,PAO1- AmpDH157Y,NaN,AmpDH157Y mutation,NaN,IMI,Characterization of Pseudomonas aeruginosa resistance to ceftolozane-tazobactam due to ampC and/or ampD mutations observed during treatment using semi-mechanistic PKPD modeling,"Deroche L, Aranzana-Climent V, Rozenholc A, Prouvensier L, Darnaud L, Grégoire N, Marchand S, Ploy M-C, François B, Couet W, Barraud O, Buyck JM. Characterization of Pseudomonas aeruginosa resistance to ceftolozane-tazobactam due to ampC and/or ampD mutations observed during treatment using semi-mechanistic PKPD modeling. Antimicrob Agents Chemother. 2023 Oct 18;67(10):e0048023. doi: 10.1128/aac.00480-23. Epub 2023 Sep 11. PMID: 37695298; PMCID: PMC10583683."
PMC10583683,MIC,0.125,mg/L,Table - PMC,Isolate 11,P aeruginosa,PAO1- AmpCG183D/AmpDH157Y,NaN,AmpCG183D/AmpDH157Y double mutation,NaN,IMI,Characterization of Pseudomonas aeruginosa resistance to ceftolozane-tazobactam due to ampC and/or ampD mutations observed during treatment using semi-mechanistic PKPD modeling,"Deroche L, Aranzana-Climent V, Rozenholc A, Prouvensier L, Darnaud L, Grégoire N, Marchand S, Ploy M-C, François B, Couet W, Barraud O, Buyck JM. Characterization of Pseudomonas aeruginosa resistance to ceftolozane-tazobactam due to ampC and/or ampD mutations observed during treatment using semi-mechanistic PKPD modeling. Antimicrob Agents Chemother. 2023 Oct 18;67(10):e0048023. doi: 10.1128/aac.00480-23. Epub 2023 Sep 11. PMID: 37695298; PMCID: PMC10583683."
PMC10583683,"EC50,off",0.4950.397–0.603,mg/L,Table - PMC,Isolate 11,P aeruginosa,PAO1- AmpCG183D/AmpDH157Y,NaN,AmpCG183D/AmpDH157Y double mutation,NaN,IMI,Characterization of Pseudomonas aeruginosa resistance to ceftolozane-tazobactam due to ampC and/or ampD mutations observed during treatment using semi-mechanistic PKPD modeling,"Deroche L, Aranzana-Climent V, Rozenholc A, Prouvensier L, Darnaud L, Grégoire N, Marchand S, Ploy M-C, François B, Couet W, Barraud O, Buyck JM. Characterization of Pseudomonas aeruginosa resistance to ceftolozane-tazobactam due to ampC and/or ampD mutations observed during treatment using semi-mechanistic PKPD modeling. Antimicrob Agents Chemother. 2023 Oct 18;67(10):e0048023. doi: 10.1128/aac.00480-23. Epub 2023 Sep 11. PMID: 37695298; PMCID: PMC10583683."
PMC10583683,"EC50,on",3.29[2.84–3.80],mg/L,Table - PMC,Isolate 11,P aeruginosa,PAO1- AmpCG183D/AmpDH157Y,NaN,AmpCG183D/AmpDH157Y double mutation,NaN,IMI,Characterization of Pseudomonas aeruginosa resistance to ceftolozane-tazobactam due to ampC and/or ampD mutations observed during treatment using semi-mechanistic PKPD modeling,"Deroche L, Aranzana-Climent V, Rozenholc A, Prouvensier L, Darnaud L, Grégoire N, Marchand S, Ploy M-C, François B, Couet W, Barraud O, Buyck JM. Characterization of Pseudomonas aeruginosa resistance to ceftolozane-tazobactam due to ampC and/or ampD mutations observed during treatment using semi-mechanistic PKPD modeling. Antimicrob Agents Chemother. 2023 Oct 18;67(10):e0048023. doi: 10.1128/aac.00480-23. Epub 2023 Sep 11. PMID: 37695298; PMCID: PMC10583683."
PMC10583683,"EC50,on/EC50,off",6.6,NaN,Table - PMC,Isolate 11,P aeruginosa,PAO1- AmpCG183D/AmpDH157Y,NaN,AmpCG183D/AmpDH157Y double mutation,NaN,IMI,Characterization of Pseudomonas aeruginosa resistance to ceftolozane-tazobactam due to ampC and/or ampD mutations observed during treatment using semi-mechanistic PKPD modeling,"Deroche L, Aranzana-Climent V, Rozenholc A, Prouvensier L, Darnaud L, Grégoire N, Marchand S, Ploy M-C, François B, Couet W, Barraud O, Buyck JM. Characterization of Pseudomonas aeruginosa resistance to ceftolozane-tazobactam due to ampC and/or ampD mutations observed during treatment using semi-mechanistic PKPD modeling. Antimicrob Agents Chemother. 2023 Oct 18;67(10):e0048023. doi: 10.1128/aac.00480-23. Epub 2023 Sep 11. PMID: 37695298; PMCID: PMC10583683."
PMC10583683,MIC,8,mg/L,"Empirical treatment (IMI 1 g tid plus amikacin 30 mg/kg qd) was started, then replaced 2 days later by C/T (Zerbaxa, MSD, Puteaux, France), 1.5 g tid, after an MDR IMI-resistant P. aeruginosa (MIC of 8 mg/L), susceptible to C/T (PaS) with an MIC equal to 1 mg/L, was isolated.",Isolate 14,P. aeruginosa,NaN,NaN,MDR IMI-resistant,NaN,IMI,Characterization of Pseudomonas aeruginosa resistance to ceftolozane-tazobactam due to ampC and/or ampD mutations observed during treatment using semi-mechanistic PKPD modeling,"Deroche L, Aranzana-Climent V, Rozenholc A, Prouvensier L, Darnaud L, Grégoire N, Marchand S, Ploy M-C, François B, Couet W, Barraud O, Buyck JM. Characterization of Pseudomonas aeruginosa resistance to ceftolozane-tazobactam due to ampC and/or ampD mutations observed during treatment using semi-mechanistic PKPD modeling. Antimicrob Agents Chemother. 2023 Oct 18;67(10):e0048023. doi: 10.1128/aac.00480-23. Epub 2023 Sep 11. PMID: 37695298; PMCID: PMC10583683."
PMC10583683,MIC,1,mg/L,"Empirical treatment (IMI 1 g tid plus amikacin 30 mg/kg qd) was started, then replaced 2 days later by C/T (Zerbaxa, MSD, Puteaux, France), 1.5 g tid, after an MDR IMI-resistant P. aeruginosa (MIC of 8 mg/L), susceptible to C/T (PaS) with an MIC equal to 1 mg/L, was isolated.",Isolate 5,P. aeruginosa,PaS,NaN,susceptible to C/T (PaS),NaN,C/T,Characterization of Pseudomonas aeruginosa resistance to ceftolozane-tazobactam due to ampC and/or ampD mutations observed during treatment using semi-mechanistic PKPD modeling,"Deroche L, Aranzana-Climent V, Rozenholc A, Prouvensier L, Darnaud L, Grégoire N, Marchand S, Ploy M-C, François B, Couet W, Barraud O, Buyck JM. Characterization of Pseudomonas aeruginosa resistance to ceftolozane-tazobactam due to ampC and/or ampD mutations observed during treatment using semi-mechanistic PKPD modeling. Antimicrob Agents Chemother. 2023 Oct 18;67(10):e0048023. doi: 10.1128/aac.00480-23. Epub 2023 Sep 11. PMID: 37695298; PMCID: PMC10583683."
PMC10583683,MIC,32,mg/L,"After 2 weeks of treatment, a C/T resistant but IMI susceptible P. aeruginosa (PaR) was isolated from blood cultures with MIC equal to 32 mg/L and 1 mg/L for C/T and IMI, respectively.",Isolate 6,P. aeruginosa,PaR,blood cultures,C/T resistant but IMI susceptible,NaN,C/T,Characterization of Pseudomonas aeruginosa resistance to ceftolozane-tazobactam due to ampC and/or ampD mutations observed during treatment using semi-mechanistic PKPD modeling,"Deroche L, Aranzana-Climent V, Rozenholc A, Prouvensier L, Darnaud L, Grégoire N, Marchand S, Ploy M-C, François B, Couet W, Barraud O, Buyck JM. Characterization of Pseudomonas aeruginosa resistance to ceftolozane-tazobactam due to ampC and/or ampD mutations observed during treatment using semi-mechanistic PKPD modeling. Antimicrob Agents Chemother. 2023 Oct 18;67(10):e0048023. doi: 10.1128/aac.00480-23. Epub 2023 Sep 11. PMID: 37695298; PMCID: PMC10583683."
PMC10583683,MIC,1,mg/L,"After 2 weeks of treatment, a C/T resistant but IMI susceptible P. aeruginosa (PaR) was isolated from blood cultures with MIC equal to 32 mg/L and 1 mg/L for C/T and IMI, respectively.",Isolate 13,P. aeruginosa,PaR,blood cultures,C/T resistant but IMI susceptible,NaN,IMI,Characterization of Pseudomonas aeruginosa resistance to ceftolozane-tazobactam due to ampC and/or ampD mutations observed during treatment using semi-mechanistic PKPD modeling,"Deroche L, Aranzana-Climent V, Rozenholc A, Prouvensier L, Darnaud L, Grégoire N, Marchand S, Ploy M-C, François B, Couet W, Barraud O, Buyck JM. Characterization of Pseudomonas aeruginosa resistance to ceftolozane-tazobactam due to ampC and/or ampD mutations observed during treatment using semi-mechanistic PKPD modeling. Antimicrob Agents Chemother. 2023 Oct 18;67(10):e0048023. doi: 10.1128/aac.00480-23. Epub 2023 Sep 11. PMID: 37695298; PMCID: PMC10583683."
PMC10583683,MIC,0.25,mg/L,"C/T MIC values of PAO1-AmpCG183D and PAO1-AmpDH157Y were identical to that of PAO1 (MIC = 0.25 mg/L), while that of the PAO1 double mutant (PAO1-AmpCG183D/AmpDH157Y) was increased eightfold (MIC = 2 mg/L).",Isolate 1,P aeruginosa,PAO1,NaN,NaN,NaN,C/T,Characterization of Pseudomonas aeruginosa resistance to ceftolozane-tazobactam due to ampC and/or ampD mutations observed during treatment using semi-mechanistic PKPD modeling,"Deroche L, Aranzana-Climent V, Rozenholc A, Prouvensier L, Darnaud L, Grégoire N, Marchand S, Ploy M-C, François B, Couet W, Barraud O, Buyck JM. Characterization of Pseudomonas aeruginosa resistance to ceftolozane-tazobactam due to ampC and/or ampD mutations observed during treatment using semi-mechanistic PKPD modeling. Antimicrob Agents Chemother. 2023 Oct 18;67(10):e0048023. doi: 10.1128/aac.00480-23. Epub 2023 Sep 11. PMID: 37695298; PMCID: PMC10583683."
PMC10583683,MIC,0.25,mg/L,"C/T MIC values of PAO1-AmpCG183D and PAO1-AmpDH157Y were identical to that of PAO1 (MIC = 0.25 mg/L), while that of the PAO1 double mutant (PAO1-AmpCG183D/AmpDH157Y) was increased eightfold (MIC = 2 mg/L).",Isolate 2,P aeruginosa,PAO1-AmpCG183D,NaN,AmpCG183D mutation,NaN,C/T,Characterization of Pseudomonas aeruginosa resistance to ceftolozane-tazobactam due to ampC and/or ampD mutations observed during treatment using semi-mechanistic PKPD modeling,"Deroche L, Aranzana-Climent V, Rozenholc A, Prouvensier L, Darnaud L, Grégoire N, Marchand S, Ploy M-C, François B, Couet W, Barraud O, Buyck JM. Characterization of Pseudomonas aeruginosa resistance to ceftolozane-tazobactam due to ampC and/or ampD mutations observed during treatment using semi-mechanistic PKPD modeling. Antimicrob Agents Chemother. 2023 Oct 18;67(10):e0048023. doi: 10.1128/aac.00480-23. Epub 2023 Sep 11. PMID: 37695298; PMCID: PMC10583683."
PMC10583683,MIC,0.25,mg/L,"C/T MIC values of PAO1-AmpCG183D and PAO1-AmpDH157Y were identical to that of PAO1 (MIC = 0.25 mg/L), while that of the PAO1 double mutant (PAO1-AmpCG183D/AmpDH157Y) was increased eightfold (MIC = 2 mg/L).",Isolate 3,P aeruginosa,PAO1-AmpDH157Y,NaN,AmpDH157Y mutation,NaN,C/T,Characterization of Pseudomonas aeruginosa resistance to ceftolozane-tazobactam due to ampC and/or ampD mutations observed during treatment using semi-mechanistic PKPD modeling,"Deroche L, Aranzana-Climent V, Rozenholc A, Prouvensier L, Darnaud L, Grégoire N, Marchand S, Ploy M-C, François B, Couet W, Barraud O, Buyck JM. Characterization of Pseudomonas aeruginosa resistance to ceftolozane-tazobactam due to ampC and/or ampD mutations observed during treatment using semi-mechanistic PKPD modeling. Antimicrob Agents Chemother. 2023 Oct 18;67(10):e0048023. doi: 10.1128/aac.00480-23. Epub 2023 Sep 11. PMID: 37695298; PMCID: PMC10583683."
PMC10583683,MIC,2,mg/L,"C/T MIC values of PAO1-AmpCG183D and PAO1-AmpDH157Y were identical to that of PAO1 (MIC = 0.25 mg/L), while that of the PAO1 double mutant (PAO1-AmpCG183D/AmpDH157Y) was increased eightfold (MIC = 2 mg/L).",Isolate 4,P aeruginosa,PAO1-AmpCG183D/AmpDH157Y,NaN,AmpCG183D/AmpDH157Y double mutation,NaN,C/T,Characterization of Pseudomonas aeruginosa resistance to ceftolozane-tazobactam due to ampC and/or ampD mutations observed during treatment using semi-mechanistic PKPD modeling,"Deroche L, Aranzana-Climent V, Rozenholc A, Prouvensier L, Darnaud L, Grégoire N, Marchand S, Ploy M-C, François B, Couet W, Barraud O, Buyck JM. Characterization of Pseudomonas aeruginosa resistance to ceftolozane-tazobactam due to ampC and/or ampD mutations observed during treatment using semi-mechanistic PKPD modeling. Antimicrob Agents Chemother. 2023 Oct 18;67(10):e0048023. doi: 10.1128/aac.00480-23. Epub 2023 Sep 11. PMID: 37695298; PMCID: PMC10583683."
PMC10583683,MIC,increased eightfold,NaN,"C/T MIC values of PAO1-AmpCG183D and PAO1-AmpDH157Y were identical to that of PAO1 (MIC = 0.25 mg/L), while that of the PAO1 double mutant (PAO1-AmpCG183D/AmpDH157Y) was increased eightfold (MIC = 2 mg/L).",Isolate 4,P aeruginosa,PAO1-AmpCG183D/AmpDH157Y,NaN,AmpCG183D/AmpDH157Y double mutation,NaN,C/T,Characterization of Pseudomonas aeruginosa resistance to ceftolozane-tazobactam due to ampC and/or ampD mutations observed during treatment using semi-mechanistic PKPD modeling,"Deroche L, Aranzana-Climent V, Rozenholc A, Prouvensier L, Darnaud L, Grégoire N, Marchand S, Ploy M-C, François B, Couet W, Barraud O, Buyck JM. Characterization of Pseudomonas aeruginosa resistance to ceftolozane-tazobactam due to ampC and/or ampD mutations observed during treatment using semi-mechanistic PKPD modeling. Antimicrob Agents Chemother. 2023 Oct 18;67(10):e0048023. doi: 10.1128/aac.00480-23. Epub 2023 Sep 11. PMID: 37695298; PMCID: PMC10583683."
PMC10583683,MIC,1,mg/L,A double reverted PaR isolate (PaR-AmpCPaS/AmpDPaS) was obtained with a MIC close to that of PaS (MIC = 1 mg/L) and considerably reduced compared with that of PaR (MIC = 2 mg/L versus 32 mg/L) (Table 1).,Isolate 5,P. aeruginosa,PaS,NaN,susceptible to C/T (PaS),NaN,C/T,Characterization of Pseudomonas aeruginosa resistance to ceftolozane-tazobactam due to ampC and/or ampD mutations observed during treatment using semi-mechanistic PKPD modeling,"Deroche L, Aranzana-Climent V, Rozenholc A, Prouvensier L, Darnaud L, Grégoire N, Marchand S, Ploy M-C, François B, Couet W, Barraud O, Buyck JM. Characterization of Pseudomonas aeruginosa resistance to ceftolozane-tazobactam due to ampC and/or ampD mutations observed during treatment using semi-mechanistic PKPD modeling. Antimicrob Agents Chemother. 2023 Oct 18;67(10):e0048023. doi: 10.1128/aac.00480-23. Epub 2023 Sep 11. PMID: 37695298; PMCID: PMC10583683."
PMC10583683,MIC,2,mg/L,A double reverted PaR isolate (PaR-AmpCPaS/AmpDPaS) was obtained with a MIC close to that of PaS (MIC = 1 mg/L) and considerably reduced compared with that of PaR (MIC = 2 mg/L versus 32 mg/L) (Table 1).,Isolate 7,P. aeruginosa,PaR-AmpCPaS/AmpDPaS,NaN,double reverted PaR isolate,NaN,C/T,Characterization of Pseudomonas aeruginosa resistance to ceftolozane-tazobactam due to ampC and/or ampD mutations observed during treatment using semi-mechanistic PKPD modeling,"Deroche L, Aranzana-Climent V, Rozenholc A, Prouvensier L, Darnaud L, Grégoire N, Marchand S, Ploy M-C, François B, Couet W, Barraud O, Buyck JM. Characterization of Pseudomonas aeruginosa resistance to ceftolozane-tazobactam due to ampC and/or ampD mutations observed during treatment using semi-mechanistic PKPD modeling. Antimicrob Agents Chemother. 2023 Oct 18;67(10):e0048023. doi: 10.1128/aac.00480-23. Epub 2023 Sep 11. PMID: 37695298; PMCID: PMC10583683."
PMC10583683,MIC,32,mg/L,A double reverted PaR isolate (PaR-AmpCPaS/AmpDPaS) was obtained with a MIC close to that of PaS (MIC = 1 mg/L) and considerably reduced compared with that of PaR (MIC = 2 mg/L versus 32 mg/L) (Table 1).,Isolate 6,P. aeruginosa,PaR,blood cultures,C/T resistant but IMI susceptible,NaN,C/T,Characterization of Pseudomonas aeruginosa resistance to ceftolozane-tazobactam due to ampC and/or ampD mutations observed during treatment using semi-mechanistic PKPD modeling,"Deroche L, Aranzana-Climent V, Rozenholc A, Prouvensier L, Darnaud L, Grégoire N, Marchand S, Ploy M-C, François B, Couet W, Barraud O, Buyck JM. Characterization of Pseudomonas aeruginosa resistance to ceftolozane-tazobactam due to ampC and/or ampD mutations observed during treatment using semi-mechanistic PKPD modeling. Antimicrob Agents Chemother. 2023 Oct 18;67(10):e0048023. doi: 10.1128/aac.00480-23. Epub 2023 Sep 11. PMID: 37695298; PMCID: PMC10583683."
PMC10583683,MIC,4,mg/L,"Concerning IMI, the clinical isolate PaS was resistant to IMI with a MIC of 4 mg/L, whereas the clinical isolate PaR was susceptible with a MIC value of 1 mg/L.",Isolate 12,P. aeruginosa,PaS,NaN,resistant to IMI,NaN,IMI,Characterization of Pseudomonas aeruginosa resistance to ceftolozane-tazobactam due to ampC and/or ampD mutations observed during treatment using semi-mechanistic PKPD modeling,"Deroche L, Aranzana-Climent V, Rozenholc A, Prouvensier L, Darnaud L, Grégoire N, Marchand S, Ploy M-C, François B, Couet W, Barraud O, Buyck JM. Characterization of Pseudomonas aeruginosa resistance to ceftolozane-tazobactam due to ampC and/or ampD mutations observed during treatment using semi-mechanistic PKPD modeling. Antimicrob Agents Chemother. 2023 Oct 18;67(10):e0048023. doi: 10.1128/aac.00480-23. Epub 2023 Sep 11. PMID: 37695298; PMCID: PMC10583683."
PMC10583683,MIC,1,mg/L,"Concerning IMI, the clinical isolate PaS was resistant to IMI with a MIC of 4 mg/L, whereas the clinical isolate PaR was susceptible with a MIC value of 1 mg/L.",Isolate 13,P. aeruginosa,PaR,blood cultures,IMI susceptible,NaN,IMI,Characterization of Pseudomonas aeruginosa resistance to ceftolozane-tazobactam due to ampC and/or ampD mutations observed during treatment using semi-mechanistic PKPD modeling,"Deroche L, Aranzana-Climent V, Rozenholc A, Prouvensier L, Darnaud L, Grégoire N, Marchand S, Ploy M-C, François B, Couet W, Barraud O, Buyck JM. Characterization of Pseudomonas aeruginosa resistance to ceftolozane-tazobactam due to ampC and/or ampD mutations observed during treatment using semi-mechanistic PKPD modeling. Antimicrob Agents Chemother. 2023 Oct 18;67(10):e0048023. doi: 10.1128/aac.00480-23. Epub 2023 Sep 11. PMID: 37695298; PMCID: PMC10583683."
PMC10583683,MIC,0.5,mg/L,MICs of PAO1 and PAO1-AmpDH157Y to IMI were 0.5 mg/L.,Isolate 8,P aeruginosa,PAO1,NaN,NaN,NaN,IMI,Characterization of Pseudomonas aeruginosa resistance to ceftolozane-tazobactam due to ampC and/or ampD mutations observed during treatment using semi-mechanistic PKPD modeling,"Deroche L, Aranzana-Climent V, Rozenholc A, Prouvensier L, Darnaud L, Grégoire N, Marchand S, Ploy M-C, François B, Couet W, Barraud O, Buyck JM. Characterization of Pseudomonas aeruginosa resistance to ceftolozane-tazobactam due to ampC and/or ampD mutations observed during treatment using semi-mechanistic PKPD modeling. Antimicrob Agents Chemother. 2023 Oct 18;67(10):e0048023. doi: 10.1128/aac.00480-23. Epub 2023 Sep 11. PMID: 37695298; PMCID: PMC10583683."
PMC10583683,MIC,0.5,mg/L,MICs of PAO1 and PAO1-AmpDH157Y to IMI were 0.5 mg/L.,Isolate 10,P aeruginosa,PAO1-AmpDH157Y,NaN,AmpDH157Y mutation,NaN,IMI,Characterization of Pseudomonas aeruginosa resistance to ceftolozane-tazobactam due to ampC and/or ampD mutations observed during treatment using semi-mechanistic PKPD modeling,"Deroche L, Aranzana-Climent V, Rozenholc A, Prouvensier L, Darnaud L, Grégoire N, Marchand S, Ploy M-C, François B, Couet W, Barraud O, Buyck JM. Characterization of Pseudomonas aeruginosa resistance to ceftolozane-tazobactam due to ampC and/or ampD mutations observed during treatment using semi-mechanistic PKPD modeling. Antimicrob Agents Chemother. 2023 Oct 18;67(10):e0048023. doi: 10.1128/aac.00480-23. Epub 2023 Sep 11. PMID: 37695298; PMCID: PMC10583683."
PMC10583683,MIC,0.125,mg/L,The values of MIC for strains carrying the AmpCG183D mutation (PAO1-AmpCG183D and PAO1-AmpCG183D/AmpDH157Y) were decreased to 0.125 mg/L (Table 2).,Isolate 9,P aeruginosa,PAO1-AmpCG183D,NaN,AmpCG183D mutation,NaN,IMI,Characterization of Pseudomonas aeruginosa resistance to ceftolozane-tazobactam due to ampC and/or ampD mutations observed during treatment using semi-mechanistic PKPD modeling,"Deroche L, Aranzana-Climent V, Rozenholc A, Prouvensier L, Darnaud L, Grégoire N, Marchand S, Ploy M-C, François B, Couet W, Barraud O, Buyck JM. Characterization of Pseudomonas aeruginosa resistance to ceftolozane-tazobactam due to ampC and/or ampD mutations observed during treatment using semi-mechanistic PKPD modeling. Antimicrob Agents Chemother. 2023 Oct 18;67(10):e0048023. doi: 10.1128/aac.00480-23. Epub 2023 Sep 11. PMID: 37695298; PMCID: PMC10583683."
PMC10583683,MIC,0.125,mg/L,The values of MIC for strains carrying the AmpCG183D mutation (PAO1-AmpCG183D and PAO1-AmpCG183D/AmpDH157Y) were decreased to 0.125 mg/L (Table 2).,Isolate 11,P aeruginosa,PAO1-AmpCG183D/AmpDH157Y,NaN,AmpCG183D/AmpDH157Y double mutation,NaN,IMI,Characterization of Pseudomonas aeruginosa resistance to ceftolozane-tazobactam due to ampC and/or ampD mutations observed during treatment using semi-mechanistic PKPD modeling,"Deroche L, Aranzana-Climent V, Rozenholc A, Prouvensier L, Darnaud L, Grégoire N, Marchand S, Ploy M-C, François B, Couet W, Barraud O, Buyck JM. Characterization of Pseudomonas aeruginosa resistance to ceftolozane-tazobactam due to ampC and/or ampD mutations observed during treatment using semi-mechanistic PKPD modeling. Antimicrob Agents Chemother. 2023 Oct 18;67(10):e0048023. doi: 10.1128/aac.00480-23. Epub 2023 Sep 11. PMID: 37695298; PMCID: PMC10583683."
PMC10583683,"EC50,off",4.1-fold increase,NaN,"For PAO1 mutant-derived strains, AmpDH157Y mutation induced acquired resistance, with a 4.1-fold increase in EC50,off compared to PAO1 (Table 1), while the AmpCG183D mutation had a similar EC50,off than PAO1 with a 1.4-fold increase and an overlapping 95% confidence interval (CI).",Isolate 3,P aeruginosa,PAO1-AmpDH157Y,NaN,AmpDH157Y mutation,NaN,C/T,Characterization of Pseudomonas aeruginosa resistance to ceftolozane-tazobactam due to ampC and/or ampD mutations observed during treatment using semi-mechanistic PKPD modeling,"Deroche L, Aranzana-Climent V, Rozenholc A, Prouvensier L, Darnaud L, Grégoire N, Marchand S, Ploy M-C, François B, Couet W, Barraud O, Buyck JM. Characterization of Pseudomonas aeruginosa resistance to ceftolozane-tazobactam due to ampC and/or ampD mutations observed during treatment using semi-mechanistic PKPD modeling. Antimicrob Agents Chemother. 2023 Oct 18;67(10):e0048023. doi: 10.1128/aac.00480-23. Epub 2023 Sep 11. PMID: 37695298; PMCID: PMC10583683."
PMC10583683,"EC50,off",1.4-fold increase,NaN,"For PAO1 mutant-derived strains, AmpDH157Y mutation induced acquired resistance, with a 4.1-fold increase in EC50,off compared to PAO1 (Table 1), while the AmpCG183D mutation had a similar EC50,off than PAO1 with a 1.4-fold increase and an overlapping 95% confidence interval (CI).",Isolate 2,P aeruginosa,PAO1-AmpCG183D,NaN,AmpCG183D mutation,NaN,C/T,Characterization of Pseudomonas aeruginosa resistance to ceftolozane-tazobactam due to ampC and/or ampD mutations observed during treatment using semi-mechanistic PKPD modeling,"Deroche L, Aranzana-Climent V, Rozenholc A, Prouvensier L, Darnaud L, Grégoire N, Marchand S, Ploy M-C, François B, Couet W, Barraud O, Buyck JM. Characterization of Pseudomonas aeruginosa resistance to ceftolozane-tazobactam due to ampC and/or ampD mutations observed during treatment using semi-mechanistic PKPD modeling. Antimicrob Agents Chemother. 2023 Oct 18;67(10):e0048023. doi: 10.1128/aac.00480-23. Epub 2023 Sep 11. PMID: 37695298; PMCID: PMC10583683."
PMC10583683,"EC50,off value",29-fold,NaN,"But AmpCG183D/AmpDH157Y double mutation had the greatest effect with an EC50,off value increased by 29-fold.",Isolate 4,P aeruginosa,PAO1-AmpCG183D/AmpDH157Y,NaN,AmpCG183D/AmpDH157Y double mutation,NaN,C/T,Characterization of Pseudomonas aeruginosa resistance to ceftolozane-tazobactam due to ampC and/or ampD mutations observed during treatment using semi-mechanistic PKPD modeling,"Deroche L, Aranzana-Climent V, Rozenholc A, Prouvensier L, Darnaud L, Grégoire N, Marchand S, Ploy M-C, François B, Couet W, Barraud O, Buyck JM. Characterization of Pseudomonas aeruginosa resistance to ceftolozane-tazobactam due to ampC and/or ampD mutations observed during treatment using semi-mechanistic PKPD modeling. Antimicrob Agents Chemother. 2023 Oct 18;67(10):e0048023. doi: 10.1128/aac.00480-23. Epub 2023 Sep 11. PMID: 37695298; PMCID: PMC10583683."
PMC10583683,"EC50,on",12.4-fold higher,NaN,"In terms of adaptive resistance, PAO1 EC50,on was 12.4-fold higher than its corresponding EC50,off.",Isolate 1,P aeruginosa,PAO1,NaN,NaN,NaN,C/T,Characterization of Pseudomonas aeruginosa resistance to ceftolozane-tazobactam due to ampC and/or ampD mutations observed during treatment using semi-mechanistic PKPD modeling,"Deroche L, Aranzana-Climent V, Rozenholc A, Prouvensier L, Darnaud L, Grégoire N, Marchand S, Ploy M-C, François B, Couet W, Barraud O, Buyck JM. Characterization of Pseudomonas aeruginosa resistance to ceftolozane-tazobactam due to ampC and/or ampD mutations observed during treatment using semi-mechanistic PKPD modeling. Antimicrob Agents Chemother. 2023 Oct 18;67(10):e0048023. doi: 10.1128/aac.00480-23. Epub 2023 Sep 11. PMID: 37695298; PMCID: PMC10583683."
PMC10583683,"EC50,on and EC50,off",-12.2,NaN,"This ratio between EC50,on and EC50,off was virtually unchanged (12.2) after AmpDH157Y mutation and tremendously increased (320-fold) after AmpCG183D mutation, but intermediate (55) after AmpCG183D/AmpDH157Y double mutation.",Isolate 3,P aeruginosa,PAO1-AmpDH157Y,NaN,AmpDH157Y mutation,NaN,C/T,Characterization of Pseudomonas aeruginosa resistance to ceftolozane-tazobactam due to ampC and/or ampD mutations observed during treatment using semi-mechanistic PKPD modeling,"Deroche L, Aranzana-Climent V, Rozenholc A, Prouvensier L, Darnaud L, Grégoire N, Marchand S, Ploy M-C, François B, Couet W, Barraud O, Buyck JM. Characterization of Pseudomonas aeruginosa resistance to ceftolozane-tazobactam due to ampC and/or ampD mutations observed during treatment using semi-mechanistic PKPD modeling. Antimicrob Agents Chemother. 2023 Oct 18;67(10):e0048023. doi: 10.1128/aac.00480-23. Epub 2023 Sep 11. PMID: 37695298; PMCID: PMC10583683."
PMC10583683,"EC50,on and EC50,off",(320-fold),NaN,"This ratio between EC50,on and EC50,off was virtually unchanged (12.2) after AmpDH157Y mutation and tremendously increased (320-fold) after AmpCG183D mutation, but intermediate (55) after AmpCG183D/AmpDH157Y double mutation.",Isolate 2,P aeruginosa,PAO1-AmpCG183D,NaN,AmpCG183D mutation,NaN,C/T,Characterization of Pseudomonas aeruginosa resistance to ceftolozane-tazobactam due to ampC and/or ampD mutations observed during treatment using semi-mechanistic PKPD modeling,"Deroche L, Aranzana-Climent V, Rozenholc A, Prouvensier L, Darnaud L, Grégoire N, Marchand S, Ploy M-C, François B, Couet W, Barraud O, Buyck JM. Characterization of Pseudomonas aeruginosa resistance to ceftolozane-tazobactam due to ampC and/or ampD mutations observed during treatment using semi-mechanistic PKPD modeling. Antimicrob Agents Chemother. 2023 Oct 18;67(10):e0048023. doi: 10.1128/aac.00480-23. Epub 2023 Sep 11. PMID: 37695298; PMCID: PMC10583683."
PMC10583683,"EC50,on and EC50,off",-55,NaN,"This ratio between EC50,on and EC50,off was virtually unchanged (12.2) after AmpDH157Y mutation and tremendously increased (320-fold) after AmpCG183D mutation, but intermediate (55) after AmpCG183D/AmpDH157Y double mutation.",Isolate 4,P aeruginosa,PAO1-AmpCG183D/AmpDH157Y,NaN,AmpCG183D/AmpDH157Y double mutation,NaN,C/T,Characterization of Pseudomonas aeruginosa resistance to ceftolozane-tazobactam due to ampC and/or ampD mutations observed during treatment using semi-mechanistic PKPD modeling,"Deroche L, Aranzana-Climent V, Rozenholc A, Prouvensier L, Darnaud L, Grégoire N, Marchand S, Ploy M-C, François B, Couet W, Barraud O, Buyck JM. Characterization of Pseudomonas aeruginosa resistance to ceftolozane-tazobactam due to ampC and/or ampD mutations observed during treatment using semi-mechanistic PKPD modeling. Antimicrob Agents Chemother. 2023 Oct 18;67(10):e0048023. doi: 10.1128/aac.00480-23. Epub 2023 Sep 11. PMID: 37695298; PMCID: PMC10583683."
PMC10583683,"EC50,off value",1.36,mg/L,"For clinical isolates, EC50,off value increased from 1.36 mg/L for PaS to 80.5 mg/L for PaR corresponding to a 59-fold difference and decreased to 6.77 mg/L for the double reverted PaR mutant.",Isolate 5,P. aeruginosa,PaS,NaN,susceptible to C/T (PaS),NaN,C/T,Characterization of Pseudomonas aeruginosa resistance to ceftolozane-tazobactam due to ampC and/or ampD mutations observed during treatment using semi-mechanistic PKPD modeling,"Deroche L, Aranzana-Climent V, Rozenholc A, Prouvensier L, Darnaud L, Grégoire N, Marchand S, Ploy M-C, François B, Couet W, Barraud O, Buyck JM. Characterization of Pseudomonas aeruginosa resistance to ceftolozane-tazobactam due to ampC and/or ampD mutations observed during treatment using semi-mechanistic PKPD modeling. Antimicrob Agents Chemother. 2023 Oct 18;67(10):e0048023. doi: 10.1128/aac.00480-23. Epub 2023 Sep 11. PMID: 37695298; PMCID: PMC10583683."
PMC10583683,"EC50,off value",80.5,mg/L,"For clinical isolates, EC50,off value increased from 1.36 mg/L for PaS to 80.5 mg/L for PaR corresponding to a 59-fold difference and decreased to 6.77 mg/L for the double reverted PaR mutant.",Isolate 6,P. aeruginosa,PaR,blood cultures,C/T resistant but IMI susceptible,NaN,C/T,Characterization of Pseudomonas aeruginosa resistance to ceftolozane-tazobactam due to ampC and/or ampD mutations observed during treatment using semi-mechanistic PKPD modeling,"Deroche L, Aranzana-Climent V, Rozenholc A, Prouvensier L, Darnaud L, Grégoire N, Marchand S, Ploy M-C, François B, Couet W, Barraud O, Buyck JM. Characterization of Pseudomonas aeruginosa resistance to ceftolozane-tazobactam due to ampC and/or ampD mutations observed during treatment using semi-mechanistic PKPD modeling. Antimicrob Agents Chemother. 2023 Oct 18;67(10):e0048023. doi: 10.1128/aac.00480-23. Epub 2023 Sep 11. PMID: 37695298; PMCID: PMC10583683."
PMC10583683,"EC50,off value",6.77,mg/L,"For clinical isolates, EC50,off value increased from 1.36 mg/L for PaS to 80.5 mg/L for PaR corresponding to a 59-fold difference and decreased to 6.77 mg/L for the double reverted PaR mutant.",Isolate 7,P. aeruginosa,PaR-AmpCPaS/AmpDPaS,NaN,double reverted PaR isolate,NaN,C/T,Characterization of Pseudomonas aeruginosa resistance to ceftolozane-tazobactam due to ampC and/or ampD mutations observed during treatment using semi-mechanistic PKPD modeling,"Deroche L, Aranzana-Climent V, Rozenholc A, Prouvensier L, Darnaud L, Grégoire N, Marchand S, Ploy M-C, François B, Couet W, Barraud O, Buyck JM. Characterization of Pseudomonas aeruginosa resistance to ceftolozane-tazobactam due to ampC and/or ampD mutations observed during treatment using semi-mechanistic PKPD modeling. Antimicrob Agents Chemother. 2023 Oct 18;67(10):e0048023. doi: 10.1128/aac.00480-23. Epub 2023 Sep 11. PMID: 37695298; PMCID: PMC10583683."
PMC10583683,"EC50,off value",59-fold difference,NaN,"For clinical isolates, EC50,off value increased from 1.36 mg/L for PaS to 80.5 mg/L for PaR corresponding to a 59-fold difference and decreased to 6.77 mg/L for the double reverted PaR mutant.",Isolate 15,P. aeruginosa,PaS and PaR,NaN,NaN,NaN,C/T,Characterization of Pseudomonas aeruginosa resistance to ceftolozane-tazobactam due to ampC and/or ampD mutations observed during treatment using semi-mechanistic PKPD modeling,"Deroche L, Aranzana-Climent V, Rozenholc A, Prouvensier L, Darnaud L, Grégoire N, Marchand S, Ploy M-C, François B, Couet W, Barraud O, Buyck JM. Characterization of Pseudomonas aeruginosa resistance to ceftolozane-tazobactam due to ampC and/or ampD mutations observed during treatment using semi-mechanistic PKPD modeling. Antimicrob Agents Chemother. 2023 Oct 18;67(10):e0048023. doi: 10.1128/aac.00480-23. Epub 2023 Sep 11. PMID: 37695298; PMCID: PMC10583683."
PMC10583683,"EC50,on",155,mg/L,"PaS EC50,on was estimated at 155 mg/L, that is 114-fold higher than EC50,off.",Isolate 5,P. aeruginosa,PaS,NaN,susceptible to C/T (PaS),NaN,C/T,Characterization of Pseudomonas aeruginosa resistance to ceftolozane-tazobactam due to ampC and/or ampD mutations observed during treatment using semi-mechanistic PKPD modeling,"Deroche L, Aranzana-Climent V, Rozenholc A, Prouvensier L, Darnaud L, Grégoire N, Marchand S, Ploy M-C, François B, Couet W, Barraud O, Buyck JM. Characterization of Pseudomonas aeruginosa resistance to ceftolozane-tazobactam due to ampC and/or ampD mutations observed during treatment using semi-mechanistic PKPD modeling. Antimicrob Agents Chemother. 2023 Oct 18;67(10):e0048023. doi: 10.1128/aac.00480-23. Epub 2023 Sep 11. PMID: 37695298; PMCID: PMC10583683."
PMC10583683,"EC50,on",114-fold higher,NaN,"PaS EC50,on was estimated at 155 mg/L, that is 114-fold higher than EC50,off.",Isolate 5,P. aeruginosa,PaS,NaN,susceptible to C/T (PaS),NaN,C/T,Characterization of Pseudomonas aeruginosa resistance to ceftolozane-tazobactam due to ampC and/or ampD mutations observed during treatment using semi-mechanistic PKPD modeling,"Deroche L, Aranzana-Climent V, Rozenholc A, Prouvensier L, Darnaud L, Grégoire N, Marchand S, Ploy M-C, François B, Couet W, Barraud O, Buyck JM. Characterization of Pseudomonas aeruginosa resistance to ceftolozane-tazobactam due to ampC and/or ampD mutations observed during treatment using semi-mechanistic PKPD modeling. Antimicrob Agents Chemother. 2023 Oct 18;67(10):e0048023. doi: 10.1128/aac.00480-23. Epub 2023 Sep 11. PMID: 37695298; PMCID: PMC10583683."
PMC10190592,FSMS,>3 × 10−8,NaN,Table - PMC,Isolate 1,Staphylococcus aureus,ATCC 29213,NaN,NaN,NaN,ciprofloxacin,"Mutant Prevention Concentration, Frequency of Spontaneous Mutant Selection, and Mutant Selection Window—a New Approach to the In Vitro Determination of the Antimicrobial Potency of Compounds","Krajewska J, Tyski S, Laudy AE. Mutant Prevention Concentration, Frequency of Spontaneous Mutant Selection, and Mutant Selection Window-a New Approach to the In Vitro Determination of the Antimicrobial Potency of Compounds. Antimicrob Agents Chemother. 2023 May 17;67(5):e0137322. doi: 10.1128/aac.01373-22. Epub 2023 Apr 6. PMID: 37022162; PMCID: PMC10190592."
PMC10190592,FSMS,"5,5 × 10−9",NaN,Table - PMC,Isolate 1,Staphylococcus aureus,ATCC 29213,NaN,NaN,NaN,ciprofloxacin,"Mutant Prevention Concentration, Frequency of Spontaneous Mutant Selection, and Mutant Selection Window—a New Approach to the In Vitro Determination of the Antimicrobial Potency of Compounds","Krajewska J, Tyski S, Laudy AE. Mutant Prevention Concentration, Frequency of Spontaneous Mutant Selection, and Mutant Selection Window-a New Approach to the In Vitro Determination of the Antimicrobial Potency of Compounds. Antimicrob Agents Chemother. 2023 May 17;67(5):e0137322. doi: 10.1128/aac.01373-22. Epub 2023 Apr 6. PMID: 37022162; PMCID: PMC10190592."
PMC10190592,FSMS,6 × 10−11,NaN,Table - PMC,Isolate 1,Staphylococcus aureus,ATCC 29213,NaN,NaN,NaN,ciprofloxacin,"Mutant Prevention Concentration, Frequency of Spontaneous Mutant Selection, and Mutant Selection Window—a New Approach to the In Vitro Determination of the Antimicrobial Potency of Compounds","Krajewska J, Tyski S, Laudy AE. Mutant Prevention Concentration, Frequency of Spontaneous Mutant Selection, and Mutant Selection Window-a New Approach to the In Vitro Determination of the Antimicrobial Potency of Compounds. Antimicrob Agents Chemother. 2023 May 17;67(5):e0137322. doi: 10.1128/aac.01373-22. Epub 2023 Apr 6. PMID: 37022162; PMCID: PMC10190592."
PMC10190592,FSMS,"4,5 × 10−11",NaN,Table - PMC,Isolate 1,Staphylococcus aureus,ATCC 29213,NaN,NaN,NaN,ciprofloxacin,"Mutant Prevention Concentration, Frequency of Spontaneous Mutant Selection, and Mutant Selection Window—a New Approach to the In Vitro Determination of the Antimicrobial Potency of Compounds","Krajewska J, Tyski S, Laudy AE. Mutant Prevention Concentration, Frequency of Spontaneous Mutant Selection, and Mutant Selection Window-a New Approach to the In Vitro Determination of the Antimicrobial Potency of Compounds. Antimicrob Agents Chemother. 2023 May 17;67(5):e0137322. doi: 10.1128/aac.01373-22. Epub 2023 Apr 6. PMID: 37022162; PMCID: PMC10190592."
PMC10190592,FSMS,<2 × 10−11,NaN,Table - PMC,Isolate 2,Staphylococcus aureus,ATCC 29213,NaN,NaN,NaN,linezolid,"Mutant Prevention Concentration, Frequency of Spontaneous Mutant Selection, and Mutant Selection Window—a New Approach to the In Vitro Determination of the Antimicrobial Potency of Compounds","Krajewska J, Tyski S, Laudy AE. Mutant Prevention Concentration, Frequency of Spontaneous Mutant Selection, and Mutant Selection Window-a New Approach to the In Vitro Determination of the Antimicrobial Potency of Compounds. Antimicrob Agents Chemother. 2023 May 17;67(5):e0137322. doi: 10.1128/aac.01373-22. Epub 2023 Apr 6. PMID: 37022162; PMCID: PMC10190592."
PMC10190592,FSMS,>3 × 10−8,NaN,Table - PMC,Isolate 2,Staphylococcus aureus,ATCC 29213,NaN,NaN,NaN,linezolid,"Mutant Prevention Concentration, Frequency of Spontaneous Mutant Selection, and Mutant Selection Window—a New Approach to the In Vitro Determination of the Antimicrobial Potency of Compounds","Krajewska J, Tyski S, Laudy AE. Mutant Prevention Concentration, Frequency of Spontaneous Mutant Selection, and Mutant Selection Window-a New Approach to the In Vitro Determination of the Antimicrobial Potency of Compounds. Antimicrob Agents Chemother. 2023 May 17;67(5):e0137322. doi: 10.1128/aac.01373-22. Epub 2023 Apr 6. PMID: 37022162; PMCID: PMC10190592."
PMC10190592,FSMS,<2 × 10−11,NaN,Table - PMC,Isolate 2,Staphylococcus aureus,ATCC 29213,NaN,NaN,NaN,linezolid,"Mutant Prevention Concentration, Frequency of Spontaneous Mutant Selection, and Mutant Selection Window—a New Approach to the In Vitro Determination of the Antimicrobial Potency of Compounds","Krajewska J, Tyski S, Laudy AE. Mutant Prevention Concentration, Frequency of Spontaneous Mutant Selection, and Mutant Selection Window-a New Approach to the In Vitro Determination of the Antimicrobial Potency of Compounds. Antimicrob Agents Chemother. 2023 May 17;67(5):e0137322. doi: 10.1128/aac.01373-22. Epub 2023 Apr 6. PMID: 37022162; PMCID: PMC10190592."
PMC10190592,FSMS,>3 × 10−8,NaN,Table - PMC,Isolate 3,Staphylococcus aureus,ATCC 29213,NaN,NaN,NaN,No37,"Mutant Prevention Concentration, Frequency of Spontaneous Mutant Selection, and Mutant Selection Window—a New Approach to the In Vitro Determination of the Antimicrobial Potency of Compounds","Krajewska J, Tyski S, Laudy AE. Mutant Prevention Concentration, Frequency of Spontaneous Mutant Selection, and Mutant Selection Window-a New Approach to the In Vitro Determination of the Antimicrobial Potency of Compounds. Antimicrob Agents Chemother. 2023 May 17;67(5):e0137322. doi: 10.1128/aac.01373-22. Epub 2023 Apr 6. PMID: 37022162; PMCID: PMC10190592."
PMC10190592,FSMS,<2 × 10−11,NaN,Table - PMC,Isolate 3,Staphylococcus aureus,ATCC 29213,NaN,NaN,NaN,No37,"Mutant Prevention Concentration, Frequency of Spontaneous Mutant Selection, and Mutant Selection Window—a New Approach to the In Vitro Determination of the Antimicrobial Potency of Compounds","Krajewska J, Tyski S, Laudy AE. Mutant Prevention Concentration, Frequency of Spontaneous Mutant Selection, and Mutant Selection Window-a New Approach to the In Vitro Determination of the Antimicrobial Potency of Compounds. Antimicrob Agents Chemother. 2023 May 17;67(5):e0137322. doi: 10.1128/aac.01373-22. Epub 2023 Apr 6. PMID: 37022162; PMCID: PMC10190592."
PMC10190592,MIC [mg/L],0.25,mg/L,Table - PMC,Isolate 1,Staphylococcus aureus,ATCC 29213,NaN,NaN,NaN,ciprofloxacin,"Mutant Prevention Concentration, Frequency of Spontaneous Mutant Selection, and Mutant Selection Window—a New Approach to the In Vitro Determination of the Antimicrobial Potency of Compounds","Krajewska J, Tyski S, Laudy AE. Mutant Prevention Concentration, Frequency of Spontaneous Mutant Selection, and Mutant Selection Window-a New Approach to the In Vitro Determination of the Antimicrobial Potency of Compounds. Antimicrob Agents Chemother. 2023 May 17;67(5):e0137322. doi: 10.1128/aac.01373-22. Epub 2023 Apr 6. PMID: 37022162; PMCID: PMC10190592."
PMC10190592,MIC [mg/L],2,mg/L,Table - PMC,Isolate 2,Staphylococcus aureus,ATCC 29213,NaN,NaN,NaN,linezolid,"Mutant Prevention Concentration, Frequency of Spontaneous Mutant Selection, and Mutant Selection Window—a New Approach to the In Vitro Determination of the Antimicrobial Potency of Compounds","Krajewska J, Tyski S, Laudy AE. Mutant Prevention Concentration, Frequency of Spontaneous Mutant Selection, and Mutant Selection Window-a New Approach to the In Vitro Determination of the Antimicrobial Potency of Compounds. Antimicrob Agents Chemother. 2023 May 17;67(5):e0137322. doi: 10.1128/aac.01373-22. Epub 2023 Apr 6. PMID: 37022162; PMCID: PMC10190592."
PMC10190592,MIC [mg/L],3.12,mg/L,Table - PMC,Isolate 3,Staphylococcus aureus,ATCC 29213,NaN,NaN,NaN,No37,"Mutant Prevention Concentration, Frequency of Spontaneous Mutant Selection, and Mutant Selection Window—a New Approach to the In Vitro Determination of the Antimicrobial Potency of Compounds","Krajewska J, Tyski S, Laudy AE. Mutant Prevention Concentration, Frequency of Spontaneous Mutant Selection, and Mutant Selection Window-a New Approach to the In Vitro Determination of the Antimicrobial Potency of Compounds. Antimicrob Agents Chemother. 2023 May 17;67(5):e0137322. doi: 10.1128/aac.01373-22. Epub 2023 Apr 6. PMID: 37022162; PMCID: PMC10190592."
PMC10190592,MPC1010 [mg/L],>8,mg/L,Table - PMC,Isolate 1,Staphylococcus aureus,ATCC 29213,NaN,NaN,NaN,ciprofloxacin,"Mutant Prevention Concentration, Frequency of Spontaneous Mutant Selection, and Mutant Selection Window—a New Approach to the In Vitro Determination of the Antimicrobial Potency of Compounds","Krajewska J, Tyski S, Laudy AE. Mutant Prevention Concentration, Frequency of Spontaneous Mutant Selection, and Mutant Selection Window-a New Approach to the In Vitro Determination of the Antimicrobial Potency of Compounds. Antimicrob Agents Chemother. 2023 May 17;67(5):e0137322. doi: 10.1128/aac.01373-22. Epub 2023 Apr 6. PMID: 37022162; PMCID: PMC10190592."
PMC10190592,MPC1010 [mg/L],4,mg/L,Table - PMC,Isolate 2,Staphylococcus aureus,ATCC 29213,NaN,NaN,NaN,linezolid,"Mutant Prevention Concentration, Frequency of Spontaneous Mutant Selection, and Mutant Selection Window—a New Approach to the In Vitro Determination of the Antimicrobial Potency of Compounds","Krajewska J, Tyski S, Laudy AE. Mutant Prevention Concentration, Frequency of Spontaneous Mutant Selection, and Mutant Selection Window-a New Approach to the In Vitro Determination of the Antimicrobial Potency of Compounds. Antimicrob Agents Chemother. 2023 May 17;67(5):e0137322. doi: 10.1128/aac.01373-22. Epub 2023 Apr 6. PMID: 37022162; PMCID: PMC10190592."
PMC10190592,MPC1010 [mg/L],100,mg/L,Table - PMC,Isolate 3,Staphylococcus aureus,ATCC 29213,NaN,NaN,NaN,No37,"Mutant Prevention Concentration, Frequency of Spontaneous Mutant Selection, and Mutant Selection Window—a New Approach to the In Vitro Determination of the Antimicrobial Potency of Compounds","Krajewska J, Tyski S, Laudy AE. Mutant Prevention Concentration, Frequency of Spontaneous Mutant Selection, and Mutant Selection Window-a New Approach to the In Vitro Determination of the Antimicrobial Potency of Compounds. Antimicrob Agents Chemother. 2023 May 17;67(5):e0137322. doi: 10.1128/aac.01373-22. Epub 2023 Apr 6. PMID: 37022162; PMCID: PMC10190592."
PMC10190592,MPC-D1010 [mg/L],4,mg/L,Table - PMC,Isolate 1,Staphylococcus aureus,ATCC 29213,NaN,NaN,NaN,ciprofloxacin,"Mutant Prevention Concentration, Frequency of Spontaneous Mutant Selection, and Mutant Selection Window—a New Approach to the In Vitro Determination of the Antimicrobial Potency of Compounds","Krajewska J, Tyski S, Laudy AE. Mutant Prevention Concentration, Frequency of Spontaneous Mutant Selection, and Mutant Selection Window-a New Approach to the In Vitro Determination of the Antimicrobial Potency of Compounds. Antimicrob Agents Chemother. 2023 May 17;67(5):e0137322. doi: 10.1128/aac.01373-22. Epub 2023 Apr 6. PMID: 37022162; PMCID: PMC10190592."
PMC10190592,MPC-D1010 [mg/L],4,mg/L,Table - PMC,Isolate 2,Staphylococcus aureus,ATCC 29213,NaN,NaN,NaN,linezolid,"Mutant Prevention Concentration, Frequency of Spontaneous Mutant Selection, and Mutant Selection Window—a New Approach to the In Vitro Determination of the Antimicrobial Potency of Compounds","Krajewska J, Tyski S, Laudy AE. Mutant Prevention Concentration, Frequency of Spontaneous Mutant Selection, and Mutant Selection Window-a New Approach to the In Vitro Determination of the Antimicrobial Potency of Compounds. Antimicrob Agents Chemother. 2023 May 17;67(5):e0137322. doi: 10.1128/aac.01373-22. Epub 2023 Apr 6. PMID: 37022162; PMCID: PMC10190592."
PMC10190592,MPC-D1010 [mg/L],100,mg/L,Table - PMC,Isolate 3,Staphylococcus aureus,ATCC 29213,NaN,NaN,NaN,No37,"Mutant Prevention Concentration, Frequency of Spontaneous Mutant Selection, and Mutant Selection Window—a New Approach to the In Vitro Determination of the Antimicrobial Potency of Compounds","Krajewska J, Tyski S, Laudy AE. Mutant Prevention Concentration, Frequency of Spontaneous Mutant Selection, and Mutant Selection Window-a New Approach to the In Vitro Determination of the Antimicrobial Potency of Compounds. Antimicrob Agents Chemother. 2023 May 17;67(5):e0137322. doi: 10.1128/aac.01373-22. Epub 2023 Apr 6. PMID: 37022162; PMCID: PMC10190592."
PMC10190592,MPC-D1010 [mg/L],2,mg/L,Table - PMC,Isolate 1,Staphylococcus aureus,ATCC 29213,NaN,NaN,NaN,ciprofloxacin,"Mutant Prevention Concentration, Frequency of Spontaneous Mutant Selection, and Mutant Selection Window—a New Approach to the In Vitro Determination of the Antimicrobial Potency of Compounds","Krajewska J, Tyski S, Laudy AE. Mutant Prevention Concentration, Frequency of Spontaneous Mutant Selection, and Mutant Selection Window-a New Approach to the In Vitro Determination of the Antimicrobial Potency of Compounds. Antimicrob Agents Chemother. 2023 May 17;67(5):e0137322. doi: 10.1128/aac.01373-22. Epub 2023 Apr 6. PMID: 37022162; PMCID: PMC10190592."
PMC10190592,MPC-F1010 [mg/L],8,mg/L,Table - PMC,Isolate 1,Staphylococcus aureus,ATCC 29213,NaN,NaN,NaN,ciprofloxacin,"Mutant Prevention Concentration, Frequency of Spontaneous Mutant Selection, and Mutant Selection Window—a New Approach to the In Vitro Determination of the Antimicrobial Potency of Compounds","Krajewska J, Tyski S, Laudy AE. Mutant Prevention Concentration, Frequency of Spontaneous Mutant Selection, and Mutant Selection Window-a New Approach to the In Vitro Determination of the Antimicrobial Potency of Compounds. Antimicrob Agents Chemother. 2023 May 17;67(5):e0137322. doi: 10.1128/aac.01373-22. Epub 2023 Apr 6. PMID: 37022162; PMCID: PMC10190592."
PMC10190592,MPC-F1010 [mg/L],4,mg/L,Table - PMC,Isolate 2,Staphylococcus aureus,ATCC 29213,NaN,NaN,NaN,linezolid,"Mutant Prevention Concentration, Frequency of Spontaneous Mutant Selection, and Mutant Selection Window—a New Approach to the In Vitro Determination of the Antimicrobial Potency of Compounds","Krajewska J, Tyski S, Laudy AE. Mutant Prevention Concentration, Frequency of Spontaneous Mutant Selection, and Mutant Selection Window-a New Approach to the In Vitro Determination of the Antimicrobial Potency of Compounds. Antimicrob Agents Chemother. 2023 May 17;67(5):e0137322. doi: 10.1128/aac.01373-22. Epub 2023 Apr 6. PMID: 37022162; PMCID: PMC10190592."
PMC10190592,MPC-F1010 [mg/L],100,mg/L,Table - PMC,Isolate 3,Staphylococcus aureus,ATCC 29213,NaN,NaN,NaN,No37,"Mutant Prevention Concentration, Frequency of Spontaneous Mutant Selection, and Mutant Selection Window—a New Approach to the In Vitro Determination of the Antimicrobial Potency of Compounds","Krajewska J, Tyski S, Laudy AE. Mutant Prevention Concentration, Frequency of Spontaneous Mutant Selection, and Mutant Selection Window-a New Approach to the In Vitro Determination of the Antimicrobial Potency of Compounds. Antimicrob Agents Chemother. 2023 May 17;67(5):e0137322. doi: 10.1128/aac.01373-22. Epub 2023 Apr 6. PMID: 37022162; PMCID: PMC10190592."
PMC10190592,MIC,0.25,mg/L,"The MIC values for the parent strain of Staphylococcus aureus ATCC 29213 were as follows: 0.25 mg/L for ciprofloxacin, 2 mg/L for linezolid, and 3.12 mg/L for novel benzosiloxaborole No37.",Isolate 4,Staphylococcus aureus,ATCC 29213,NaN,parent strain,NaN,ciprofloxacin,"Mutant Prevention Concentration, Frequency of Spontaneous Mutant Selection, and Mutant Selection Window—a New Approach to the In Vitro Determination of the Antimicrobial Potency of Compounds","Krajewska J, Tyski S, Laudy AE. Mutant Prevention Concentration, Frequency of Spontaneous Mutant Selection, and Mutant Selection Window-a New Approach to the In Vitro Determination of the Antimicrobial Potency of Compounds. Antimicrob Agents Chemother. 2023 May 17;67(5):e0137322. doi: 10.1128/aac.01373-22. Epub 2023 Apr 6. PMID: 37022162; PMCID: PMC10190592."
PMC10190592,MIC,2,mg/L,"The MIC values for the parent strain of Staphylococcus aureus ATCC 29213 were as follows: 0.25 mg/L for ciprofloxacin, 2 mg/L for linezolid, and 3.12 mg/L for novel benzosiloxaborole No37.",Isolate 5,Staphylococcus aureus,ATCC 29213,NaN,parent strain,NaN,linezolid,"Mutant Prevention Concentration, Frequency of Spontaneous Mutant Selection, and Mutant Selection Window—a New Approach to the In Vitro Determination of the Antimicrobial Potency of Compounds","Krajewska J, Tyski S, Laudy AE. Mutant Prevention Concentration, Frequency of Spontaneous Mutant Selection, and Mutant Selection Window-a New Approach to the In Vitro Determination of the Antimicrobial Potency of Compounds. Antimicrob Agents Chemother. 2023 May 17;67(5):e0137322. doi: 10.1128/aac.01373-22. Epub 2023 Apr 6. PMID: 37022162; PMCID: PMC10190592."
PMC10190592,MIC,3.12,mg/L,"The MIC values for the parent strain of Staphylococcus aureus ATCC 29213 were as follows: 0.25 mg/L for ciprofloxacin, 2 mg/L for linezolid, and 3.12 mg/L for novel benzosiloxaborole No37.",Isolate 6,Staphylococcus aureus,ATCC 29213,NaN,parent strain,NaN,novel benzosiloxaborole No37,"Mutant Prevention Concentration, Frequency of Spontaneous Mutant Selection, and Mutant Selection Window—a New Approach to the In Vitro Determination of the Antimicrobial Potency of Compounds","Krajewska J, Tyski S, Laudy AE. Mutant Prevention Concentration, Frequency of Spontaneous Mutant Selection, and Mutant Selection Window-a New Approach to the In Vitro Determination of the Antimicrobial Potency of Compounds. Antimicrob Agents Chemother. 2023 May 17;67(5):e0137322. doi: 10.1128/aac.01373-22. Epub 2023 Apr 6. PMID: 37022162; PMCID: PMC10190592."
PMC10190592,MPC1010,above 8,mg/L,"In the case of ciprofloxacin, as mutants were also detected at the highest tested concentration of 8 mg/L (32×MIC), the MPC1010 value was estimated as being above 8 mg/L (>32×MIC).",Isolate 1,Staphylococcus aureus,ATCC 29213,NaN,NaN,NaN,ciprofloxacin,"Mutant Prevention Concentration, Frequency of Spontaneous Mutant Selection, and Mutant Selection Window—a New Approach to the In Vitro Determination of the Antimicrobial Potency of Compounds","Krajewska J, Tyski S, Laudy AE. Mutant Prevention Concentration, Frequency of Spontaneous Mutant Selection, and Mutant Selection Window-a New Approach to the In Vitro Determination of the Antimicrobial Potency of Compounds. Antimicrob Agents Chemother. 2023 May 17;67(5):e0137322. doi: 10.1128/aac.01373-22. Epub 2023 Apr 6. PMID: 37022162; PMCID: PMC10190592."
PMC10190592,MPC1010,>32,×MIC,"In the case of ciprofloxacin, as mutants were also detected at the highest tested concentration of 8 mg/L (32×MIC), the MPC1010 value was estimated as being above 8 mg/L (>32×MIC).",Isolate 1,Staphylococcus aureus,ATCC 29213,NaN,NaN,NaN,ciprofloxacin,"Mutant Prevention Concentration, Frequency of Spontaneous Mutant Selection, and Mutant Selection Window—a New Approach to the In Vitro Determination of the Antimicrobial Potency of Compounds","Krajewska J, Tyski S, Laudy AE. Mutant Prevention Concentration, Frequency of Spontaneous Mutant Selection, and Mutant Selection Window-a New Approach to the In Vitro Determination of the Antimicrobial Potency of Compounds. Antimicrob Agents Chemother. 2023 May 17;67(5):e0137322. doi: 10.1128/aac.01373-22. Epub 2023 Apr 6. PMID: 37022162; PMCID: PMC10190592."
PMC10190592,MPC-D1010,4,mg/L,"Consequently, 4 mg/L (16×MIC) was designated the MPC-D1010 of ciprofloxacin, as it was the lowest concentration with the FSMS value below 1 × 10−10.",Isolate 1,Staphylococcus aureus,ATCC 29213,NaN,NaN,NaN,ciprofloxacin,"Mutant Prevention Concentration, Frequency of Spontaneous Mutant Selection, and Mutant Selection Window—a New Approach to the In Vitro Determination of the Antimicrobial Potency of Compounds","Krajewska J, Tyski S, Laudy AE. Mutant Prevention Concentration, Frequency of Spontaneous Mutant Selection, and Mutant Selection Window-a New Approach to the In Vitro Determination of the Antimicrobial Potency of Compounds. Antimicrob Agents Chemother. 2023 May 17;67(5):e0137322. doi: 10.1128/aac.01373-22. Epub 2023 Apr 6. PMID: 37022162; PMCID: PMC10190592."
PMC10190592,MPC-D1010,16,×MIC,"Consequently, 4 mg/L (16×MIC) was designated the MPC-D1010 of ciprofloxacin, as it was the lowest concentration with the FSMS value below 1 × 10−10.",Isolate 1,Staphylococcus aureus,ATCC 29213,NaN,NaN,NaN,ciprofloxacin,"Mutant Prevention Concentration, Frequency of Spontaneous Mutant Selection, and Mutant Selection Window—a New Approach to the In Vitro Determination of the Antimicrobial Potency of Compounds","Krajewska J, Tyski S, Laudy AE. Mutant Prevention Concentration, Frequency of Spontaneous Mutant Selection, and Mutant Selection Window-a New Approach to the In Vitro Determination of the Antimicrobial Potency of Compounds. Antimicrob Agents Chemother. 2023 May 17;67(5):e0137322. doi: 10.1128/aac.01373-22. Epub 2023 Apr 6. PMID: 37022162; PMCID: PMC10190592."
PMC10190592,MPC1010,4,mg/L,The aMRTest revealed mutants capable of regrowth in the presence of the tested agent and allowed the MPC1010 values to be determined as 4 mg/L (2×MIC) for linezolid and 100 mg/L (32×MIC) for compound No37.,Isolate 2,Staphylococcus aureus,ATCC 29213,NaN,NaN,NaN,linezolid,"Mutant Prevention Concentration, Frequency of Spontaneous Mutant Selection, and Mutant Selection Window—a New Approach to the In Vitro Determination of the Antimicrobial Potency of Compounds","Krajewska J, Tyski S, Laudy AE. Mutant Prevention Concentration, Frequency of Spontaneous Mutant Selection, and Mutant Selection Window-a New Approach to the In Vitro Determination of the Antimicrobial Potency of Compounds. Antimicrob Agents Chemother. 2023 May 17;67(5):e0137322. doi: 10.1128/aac.01373-22. Epub 2023 Apr 6. PMID: 37022162; PMCID: PMC10190592."
PMC10190592,MPC1010,2,×MIC,The aMRTest revealed mutants capable of regrowth in the presence of the tested agent and allowed the MPC1010 values to be determined as 4 mg/L (2×MIC) for linezolid and 100 mg/L (32×MIC) for compound No37.,Isolate 2,Staphylococcus aureus,ATCC 29213,NaN,NaN,NaN,linezolid,"Mutant Prevention Concentration, Frequency of Spontaneous Mutant Selection, and Mutant Selection Window—a New Approach to the In Vitro Determination of the Antimicrobial Potency of Compounds","Krajewska J, Tyski S, Laudy AE. Mutant Prevention Concentration, Frequency of Spontaneous Mutant Selection, and Mutant Selection Window-a New Approach to the In Vitro Determination of the Antimicrobial Potency of Compounds. Antimicrob Agents Chemother. 2023 May 17;67(5):e0137322. doi: 10.1128/aac.01373-22. Epub 2023 Apr 6. PMID: 37022162; PMCID: PMC10190592."
PMC10190592,MPC1010,100,mg/L,The aMRTest revealed mutants capable of regrowth in the presence of the tested agent and allowed the MPC1010 values to be determined as 4 mg/L (2×MIC) for linezolid and 100 mg/L (32×MIC) for compound No37.,Isolate 3,Staphylococcus aureus,ATCC 29213,NaN,NaN,NaN,No37,"Mutant Prevention Concentration, Frequency of Spontaneous Mutant Selection, and Mutant Selection Window—a New Approach to the In Vitro Determination of the Antimicrobial Potency of Compounds","Krajewska J, Tyski S, Laudy AE. Mutant Prevention Concentration, Frequency of Spontaneous Mutant Selection, and Mutant Selection Window-a New Approach to the In Vitro Determination of the Antimicrobial Potency of Compounds. Antimicrob Agents Chemother. 2023 May 17;67(5):e0137322. doi: 10.1128/aac.01373-22. Epub 2023 Apr 6. PMID: 37022162; PMCID: PMC10190592."
PMC10190592,MPC1010,32,×MIC,The aMRTest revealed mutants capable of regrowth in the presence of the tested agent and allowed the MPC1010 values to be determined as 4 mg/L (2×MIC) for linezolid and 100 mg/L (32×MIC) for compound No37.,Isolate 3,Staphylococcus aureus,ATCC 29213,NaN,NaN,NaN,No37,"Mutant Prevention Concentration, Frequency of Spontaneous Mutant Selection, and Mutant Selection Window—a New Approach to the In Vitro Determination of the Antimicrobial Potency of Compounds","Krajewska J, Tyski S, Laudy AE. Mutant Prevention Concentration, Frequency of Spontaneous Mutant Selection, and Mutant Selection Window-a New Approach to the In Vitro Determination of the Antimicrobial Potency of Compounds. Antimicrob Agents Chemother. 2023 May 17;67(5):e0137322. doi: 10.1128/aac.01373-22. Epub 2023 Apr 6. PMID: 37022162; PMCID: PMC10190592."
PMC10190592,FSMS,>3 × 10−8,NaN,"Because a sharp decrease in the FSMS values (from >3 × 10−8 to <2 × 10−11) was shown between 1×MIC (2 mg/L) and 2×MIC (4 mg/L) for linezolid and between 50 mg/L (16×MIC) and 100 mg/L (32×MIC) for compound No37, the concentrations of 4 mg/L of linezolid and 100 mg/L of compound No37 were designated the MPC-D1010.",Isolate 2,Staphylococcus aureus,ATCC 29213,NaN,NaN,NaN,linezolid,"Mutant Prevention Concentration, Frequency of Spontaneous Mutant Selection, and Mutant Selection Window—a New Approach to the In Vitro Determination of the Antimicrobial Potency of Compounds","Krajewska J, Tyski S, Laudy AE. Mutant Prevention Concentration, Frequency of Spontaneous Mutant Selection, and Mutant Selection Window-a New Approach to the In Vitro Determination of the Antimicrobial Potency of Compounds. Antimicrob Agents Chemother. 2023 May 17;67(5):e0137322. doi: 10.1128/aac.01373-22. Epub 2023 Apr 6. PMID: 37022162; PMCID: PMC10190592."
PMC10190592,FSMS,<2 × 10−11,NaN,"Because a sharp decrease in the FSMS values (from >3 × 10−8 to <2 × 10−11) was shown between 1×MIC (2 mg/L) and 2×MIC (4 mg/L) for linezolid and between 50 mg/L (16×MIC) and 100 mg/L (32×MIC) for compound No37, the concentrations of 4 mg/L of linezolid and 100 mg/L of compound No37 were designated the MPC-D1010.",Isolate 2,Staphylococcus aureus,ATCC 29213,NaN,NaN,NaN,linezolid,"Mutant Prevention Concentration, Frequency of Spontaneous Mutant Selection, and Mutant Selection Window—a New Approach to the In Vitro Determination of the Antimicrobial Potency of Compounds","Krajewska J, Tyski S, Laudy AE. Mutant Prevention Concentration, Frequency of Spontaneous Mutant Selection, and Mutant Selection Window-a New Approach to the In Vitro Determination of the Antimicrobial Potency of Compounds. Antimicrob Agents Chemother. 2023 May 17;67(5):e0137322. doi: 10.1128/aac.01373-22. Epub 2023 Apr 6. PMID: 37022162; PMCID: PMC10190592."
PMC10190592,FSMS,>3 × 10−8,NaN,"Because a sharp decrease in the FSMS values (from >3 × 10−8 to <2 × 10−11) was shown between 1×MIC (2 mg/L) and 2×MIC (4 mg/L) for linezolid and between 50 mg/L (16×MIC) and 100 mg/L (32×MIC) for compound No37, the concentrations of 4 mg/L of linezolid and 100 mg/L of compound No37 were designated the MPC-D1010.",Isolate 3,Staphylococcus aureus,ATCC 29213,NaN,NaN,NaN,No37,"Mutant Prevention Concentration, Frequency of Spontaneous Mutant Selection, and Mutant Selection Window—a New Approach to the In Vitro Determination of the Antimicrobial Potency of Compounds","Krajewska J, Tyski S, Laudy AE. Mutant Prevention Concentration, Frequency of Spontaneous Mutant Selection, and Mutant Selection Window-a New Approach to the In Vitro Determination of the Antimicrobial Potency of Compounds. Antimicrob Agents Chemother. 2023 May 17;67(5):e0137322. doi: 10.1128/aac.01373-22. Epub 2023 Apr 6. PMID: 37022162; PMCID: PMC10190592."
PMC10190592,FSMS,<2 × 10−11,NaN,"Because a sharp decrease in the FSMS values (from >3 × 10−8 to <2 × 10−11) was shown between 1×MIC (2 mg/L) and 2×MIC (4 mg/L) for linezolid and between 50 mg/L (16×MIC) and 100 mg/L (32×MIC) for compound No37, the concentrations of 4 mg/L of linezolid and 100 mg/L of compound No37 were designated the MPC-D1010.",Isolate 3,Staphylococcus aureus,ATCC 29213,NaN,NaN,NaN,No37,"Mutant Prevention Concentration, Frequency of Spontaneous Mutant Selection, and Mutant Selection Window—a New Approach to the In Vitro Determination of the Antimicrobial Potency of Compounds","Krajewska J, Tyski S, Laudy AE. Mutant Prevention Concentration, Frequency of Spontaneous Mutant Selection, and Mutant Selection Window-a New Approach to the In Vitro Determination of the Antimicrobial Potency of Compounds. Antimicrob Agents Chemother. 2023 May 17;67(5):e0137322. doi: 10.1128/aac.01373-22. Epub 2023 Apr 6. PMID: 37022162; PMCID: PMC10190592."
PMC10190592,MPC-D1010,4,mg/L,"Because a sharp decrease in the FSMS values (from >3 × 10−8 to <2 × 10−11) was shown between 1×MIC (2 mg/L) and 2×MIC (4 mg/L) for linezolid and between 50 mg/L (16×MIC) and 100 mg/L (32×MIC) for compound No37, the concentrations of 4 mg/L of linezolid and 100 mg/L of compound No37 were designated the MPC-D1010.",Isolate 2,Staphylococcus aureus,ATCC 29213,NaN,NaN,NaN,linezolid,"Mutant Prevention Concentration, Frequency of Spontaneous Mutant Selection, and Mutant Selection Window—a New Approach to the In Vitro Determination of the Antimicrobial Potency of Compounds","Krajewska J, Tyski S, Laudy AE. Mutant Prevention Concentration, Frequency of Spontaneous Mutant Selection, and Mutant Selection Window-a New Approach to the In Vitro Determination of the Antimicrobial Potency of Compounds. Antimicrob Agents Chemother. 2023 May 17;67(5):e0137322. doi: 10.1128/aac.01373-22. Epub 2023 Apr 6. PMID: 37022162; PMCID: PMC10190592."
PMC10190592,MPC-D1010,100,mg/L,"Because a sharp decrease in the FSMS values (from >3 × 10−8 to <2 × 10−11) was shown between 1×MIC (2 mg/L) and 2×MIC (4 mg/L) for linezolid and between 50 mg/L (16×MIC) and 100 mg/L (32×MIC) for compound No37, the concentrations of 4 mg/L of linezolid and 100 mg/L of compound No37 were designated the MPC-D1010.",Isolate 3,Staphylococcus aureus,ATCC 29213,NaN,NaN,NaN,No37,"Mutant Prevention Concentration, Frequency of Spontaneous Mutant Selection, and Mutant Selection Window—a New Approach to the In Vitro Determination of the Antimicrobial Potency of Compounds","Krajewska J, Tyski S, Laudy AE. Mutant Prevention Concentration, Frequency of Spontaneous Mutant Selection, and Mutant Selection Window-a New Approach to the In Vitro Determination of the Antimicrobial Potency of Compounds. Antimicrob Agents Chemother. 2023 May 17;67(5):e0137322. doi: 10.1128/aac.01373-22. Epub 2023 Apr 6. PMID: 37022162; PMCID: PMC10190592."
PMC10190592,MPC1010,at least 2 times higher,NaN,"The MPC1010 values determined for two of the three compounds tested, linezolid and compound No37, were equal to the MPC-D1010 values, while the MPC1010 of ciprofloxacin was at least 2 times higher than the MPC-D1010 value associated with its FSMS.",Isolate 1,Staphylococcus aureus,ATCC 29213,NaN,NaN,NaN,ciprofloxacin,"Mutant Prevention Concentration, Frequency of Spontaneous Mutant Selection, and Mutant Selection Window—a New Approach to the In Vitro Determination of the Antimicrobial Potency of Compounds","Krajewska J, Tyski S, Laudy AE. Mutant Prevention Concentration, Frequency of Spontaneous Mutant Selection, and Mutant Selection Window-a New Approach to the In Vitro Determination of the Antimicrobial Potency of Compounds. Antimicrob Agents Chemother. 2023 May 17;67(5):e0137322. doi: 10.1128/aac.01373-22. Epub 2023 Apr 6. PMID: 37022162; PMCID: PMC10190592."
PMC10190592,MPC-F1010,8,mg/L,"No colony was obtained on the plate with 8 mg/L (32×MIC) of ciprofloxacin, which is why this concentration was designated the MPC-F1010 for ciprofloxacin.",Isolate 1,Staphylococcus aureus,ATCC 29213,NaN,NaN,NaN,ciprofloxacin,"Mutant Prevention Concentration, Frequency of Spontaneous Mutant Selection, and Mutant Selection Window—a New Approach to the In Vitro Determination of the Antimicrobial Potency of Compounds","Krajewska J, Tyski S, Laudy AE. Mutant Prevention Concentration, Frequency of Spontaneous Mutant Selection, and Mutant Selection Window-a New Approach to the In Vitro Determination of the Antimicrobial Potency of Compounds. Antimicrob Agents Chemother. 2023 May 17;67(5):e0137322. doi: 10.1128/aac.01373-22. Epub 2023 Apr 6. PMID: 37022162; PMCID: PMC10190592."
PMC10190592,MPC-F1010,32,×MIC,"No colony was obtained on the plate with 8 mg/L (32×MIC) of ciprofloxacin, which is why this concentration was designated the MPC-F1010 for ciprofloxacin.",Isolate 1,Staphylococcus aureus,ATCC 29213,NaN,NaN,NaN,ciprofloxacin,"Mutant Prevention Concentration, Frequency of Spontaneous Mutant Selection, and Mutant Selection Window—a New Approach to the In Vitro Determination of the Antimicrobial Potency of Compounds","Krajewska J, Tyski S, Laudy AE. Mutant Prevention Concentration, Frequency of Spontaneous Mutant Selection, and Mutant Selection Window-a New Approach to the In Vitro Determination of the Antimicrobial Potency of Compounds. Antimicrob Agents Chemother. 2023 May 17;67(5):e0137322. doi: 10.1128/aac.01373-22. Epub 2023 Apr 6. PMID: 37022162; PMCID: PMC10190592."
PMC10190592,MPC-D1010,4,mg/L,"In the bMRTest, however, the bacterial lawn obtained at 4 mg/L was not able to recover in broth medium with the same linezolid concentration, which is why the MPC-D1010 and MPC-F1010 values were determined as 4 mg/L.",Isolate 2,Staphylococcus aureus,ATCC 29213,NaN,NaN,NaN,linezolid,"Mutant Prevention Concentration, Frequency of Spontaneous Mutant Selection, and Mutant Selection Window—a New Approach to the In Vitro Determination of the Antimicrobial Potency of Compounds","Krajewska J, Tyski S, Laudy AE. Mutant Prevention Concentration, Frequency of Spontaneous Mutant Selection, and Mutant Selection Window-a New Approach to the In Vitro Determination of the Antimicrobial Potency of Compounds. Antimicrob Agents Chemother. 2023 May 17;67(5):e0137322. doi: 10.1128/aac.01373-22. Epub 2023 Apr 6. PMID: 37022162; PMCID: PMC10190592."
PMC10190592,MPC-F1010,4,mg/L,"In the bMRTest, however, the bacterial lawn obtained at 4 mg/L was not able to recover in broth medium with the same linezolid concentration, which is why the MPC-D1010 and MPC-F1010 values were determined as 4 mg/L.",Isolate 2,Staphylococcus aureus,ATCC 29213,NaN,NaN,NaN,linezolid,"Mutant Prevention Concentration, Frequency of Spontaneous Mutant Selection, and Mutant Selection Window—a New Approach to the In Vitro Determination of the Antimicrobial Potency of Compounds","Krajewska J, Tyski S, Laudy AE. Mutant Prevention Concentration, Frequency of Spontaneous Mutant Selection, and Mutant Selection Window-a New Approach to the In Vitro Determination of the Antimicrobial Potency of Compounds. Antimicrob Agents Chemother. 2023 May 17;67(5):e0137322. doi: 10.1128/aac.01373-22. Epub 2023 Apr 6. PMID: 37022162; PMCID: PMC10190592."
PMC10190592,MPC-F1010,4 times higher,NaN,"The MPC-D1010 values determined for two of the three compounds tested, linezolid and compound No37, were equal to the MPC-F1010 values, while the MPC-F1010 of ciprofloxacin was 4 times higher than the MPC-D1010 value.",Isolate 1,Staphylococcus aureus,ATCC 29213,NaN,NaN,NaN,ciprofloxacin,"Mutant Prevention Concentration, Frequency of Spontaneous Mutant Selection, and Mutant Selection Window—a New Approach to the In Vitro Determination of the Antimicrobial Potency of Compounds","Krajewska J, Tyski S, Laudy AE. Mutant Prevention Concentration, Frequency of Spontaneous Mutant Selection, and Mutant Selection Window-a New Approach to the In Vitro Determination of the Antimicrobial Potency of Compounds. Antimicrob Agents Chemother. 2023 May 17;67(5):e0137322. doi: 10.1128/aac.01373-22. Epub 2023 Apr 6. PMID: 37022162; PMCID: PMC10190592."
PMC10190592,MSW,1 to 32,×MIC,"Also, for compound No37, the MSW, MSW-Ds, and MSW-F had the same range of 1 to 32×MIC.",Isolate 3,Staphylococcus aureus,ATCC 29213,NaN,NaN,NaN,No37,"Mutant Prevention Concentration, Frequency of Spontaneous Mutant Selection, and Mutant Selection Window—a New Approach to the In Vitro Determination of the Antimicrobial Potency of Compounds","Krajewska J, Tyski S, Laudy AE. Mutant Prevention Concentration, Frequency of Spontaneous Mutant Selection, and Mutant Selection Window-a New Approach to the In Vitro Determination of the Antimicrobial Potency of Compounds. Antimicrob Agents Chemother. 2023 May 17;67(5):e0137322. doi: 10.1128/aac.01373-22. Epub 2023 Apr 6. PMID: 37022162; PMCID: PMC10190592."
PMC10190592,MSW-Ds,1 to 32,×MIC,"Also, for compound No37, the MSW, MSW-Ds, and MSW-F had the same range of 1 to 32×MIC.",Isolate 3,Staphylococcus aureus,ATCC 29213,NaN,NaN,NaN,No37,"Mutant Prevention Concentration, Frequency of Spontaneous Mutant Selection, and Mutant Selection Window—a New Approach to the In Vitro Determination of the Antimicrobial Potency of Compounds","Krajewska J, Tyski S, Laudy AE. Mutant Prevention Concentration, Frequency of Spontaneous Mutant Selection, and Mutant Selection Window-a New Approach to the In Vitro Determination of the Antimicrobial Potency of Compounds. Antimicrob Agents Chemother. 2023 May 17;67(5):e0137322. doi: 10.1128/aac.01373-22. Epub 2023 Apr 6. PMID: 37022162; PMCID: PMC10190592."
PMC10190592,MSW-F,1 to 32,×MIC,"Also, for compound No37, the MSW, MSW-Ds, and MSW-F had the same range of 1 to 32×MIC.",Isolate 3,Staphylococcus aureus,ATCC 29213,NaN,NaN,NaN,No37,"Mutant Prevention Concentration, Frequency of Spontaneous Mutant Selection, and Mutant Selection Window—a New Approach to the In Vitro Determination of the Antimicrobial Potency of Compounds","Krajewska J, Tyski S, Laudy AE. Mutant Prevention Concentration, Frequency of Spontaneous Mutant Selection, and Mutant Selection Window-a New Approach to the In Vitro Determination of the Antimicrobial Potency of Compounds. Antimicrob Agents Chemother. 2023 May 17;67(5):e0137322. doi: 10.1128/aac.01373-22. Epub 2023 Apr 6. PMID: 37022162; PMCID: PMC10190592."
PMC10190592,MSW-D1010,1 to 8,×MIC,"In the case of ciprofloxacin, the narrowest range had the MSW-D1010 determined in the BM (1 to 8×MIC), while the MSW-D1010 determined in the AM was broader, ranging up to 4 mg/L (16×MIC), and the MSW-F1010 ranged up to 8 mg/L (32×MIC).",Isolate 1,Staphylococcus aureus,ATCC 29213,NaN,NaN,NaN,ciprofloxacin,"Mutant Prevention Concentration, Frequency of Spontaneous Mutant Selection, and Mutant Selection Window—a New Approach to the In Vitro Determination of the Antimicrobial Potency of Compounds","Krajewska J, Tyski S, Laudy AE. Mutant Prevention Concentration, Frequency of Spontaneous Mutant Selection, and Mutant Selection Window-a New Approach to the In Vitro Determination of the Antimicrobial Potency of Compounds. Antimicrob Agents Chemother. 2023 May 17;67(5):e0137322. doi: 10.1128/aac.01373-22. Epub 2023 Apr 6. PMID: 37022162; PMCID: PMC10190592."
PMC10190592,MSW-D1010,4,mg/L,"In the case of ciprofloxacin, the narrowest range had the MSW-D1010 determined in the BM (1 to 8×MIC), while the MSW-D1010 determined in the AM was broader, ranging up to 4 mg/L (16×MIC), and the MSW-F1010 ranged up to 8 mg/L (32×MIC).",Isolate 1,Staphylococcus aureus,ATCC 29213,NaN,NaN,NaN,ciprofloxacin,"Mutant Prevention Concentration, Frequency of Spontaneous Mutant Selection, and Mutant Selection Window—a New Approach to the In Vitro Determination of the Antimicrobial Potency of Compounds","Krajewska J, Tyski S, Laudy AE. Mutant Prevention Concentration, Frequency of Spontaneous Mutant Selection, and Mutant Selection Window-a New Approach to the In Vitro Determination of the Antimicrobial Potency of Compounds. Antimicrob Agents Chemother. 2023 May 17;67(5):e0137322. doi: 10.1128/aac.01373-22. Epub 2023 Apr 6. PMID: 37022162; PMCID: PMC10190592."
PMC10190592,MSW-D1010,16,×MIC,"In the case of ciprofloxacin, the narrowest range had the MSW-D1010 determined in the BM (1 to 8×MIC), while the MSW-D1010 determined in the AM was broader, ranging up to 4 mg/L (16×MIC), and the MSW-F1010 ranged up to 8 mg/L (32×MIC).",Isolate 1,Staphylococcus aureus,ATCC 29213,NaN,NaN,NaN,ciprofloxacin,"Mutant Prevention Concentration, Frequency of Spontaneous Mutant Selection, and Mutant Selection Window—a New Approach to the In Vitro Determination of the Antimicrobial Potency of Compounds","Krajewska J, Tyski S, Laudy AE. Mutant Prevention Concentration, Frequency of Spontaneous Mutant Selection, and Mutant Selection Window-a New Approach to the In Vitro Determination of the Antimicrobial Potency of Compounds. Antimicrob Agents Chemother. 2023 May 17;67(5):e0137322. doi: 10.1128/aac.01373-22. Epub 2023 Apr 6. PMID: 37022162; PMCID: PMC10190592."
PMC10190592,MSW-F1010,8,mg/L,"In the case of ciprofloxacin, the narrowest range had the MSW-D1010 determined in the BM (1 to 8×MIC), while the MSW-D1010 determined in the AM was broader, ranging up to 4 mg/L (16×MIC), and the MSW-F1010 ranged up to 8 mg/L (32×MIC).",Isolate 1,Staphylococcus aureus,ATCC 29213,NaN,NaN,NaN,ciprofloxacin,"Mutant Prevention Concentration, Frequency of Spontaneous Mutant Selection, and Mutant Selection Window—a New Approach to the In Vitro Determination of the Antimicrobial Potency of Compounds","Krajewska J, Tyski S, Laudy AE. Mutant Prevention Concentration, Frequency of Spontaneous Mutant Selection, and Mutant Selection Window-a New Approach to the In Vitro Determination of the Antimicrobial Potency of Compounds. Antimicrob Agents Chemother. 2023 May 17;67(5):e0137322. doi: 10.1128/aac.01373-22. Epub 2023 Apr 6. PMID: 37022162; PMCID: PMC10190592."
PMC10190592,MSW-F1010,32,×MIC,"In the case of ciprofloxacin, the narrowest range had the MSW-D1010 determined in the BM (1 to 8×MIC), while the MSW-D1010 determined in the AM was broader, ranging up to 4 mg/L (16×MIC), and the MSW-F1010 ranged up to 8 mg/L (32×MIC).",Isolate 1,Staphylococcus aureus,ATCC 29213,NaN,NaN,NaN,ciprofloxacin,"Mutant Prevention Concentration, Frequency of Spontaneous Mutant Selection, and Mutant Selection Window—a New Approach to the In Vitro Determination of the Antimicrobial Potency of Compounds","Krajewska J, Tyski S, Laudy AE. Mutant Prevention Concentration, Frequency of Spontaneous Mutant Selection, and Mutant Selection Window-a New Approach to the In Vitro Determination of the Antimicrobial Potency of Compounds. Antimicrob Agents Chemother. 2023 May 17;67(5):e0137322. doi: 10.1128/aac.01373-22. Epub 2023 Apr 6. PMID: 37022162; PMCID: PMC10190592."
PMC11012989,MIC,0.3,mg/mL,"Four test tubes (a, b, c, and d) were turbid with visible bacterial growth, and two test tubes (e and f) had clear liquid and no visible bacterial growth (Figure 1B), which means the MIC of the anti-microbial peptide Citrocin was 0.3 mg/mL (based on the judgment standard in Section 4.2.2).",Isolate 1,P. aeruginosa,ATCC 15442,the Grassland Microbiology Laboratory of Southwest University,NaN,NaN,Citrocin,The Anti-Microbial Peptide Citrocin Controls Pseudomonas aeruginosa Biofilms by Breaking Down Extracellular Polysaccharide,"Wang L, Zheng J, Hou W, Zhang C, Zhang J, Fan X, Zhang H, Han Y. The Anti-Microbial Peptide Citrocin Controls Pseudomonas aeruginosa Biofilms by Breaking Down Extracellular Polysaccharide. Int J Mol Sci. 2024 Apr 8;25(7):4122. doi: 10.3390/ijms25074122. PMID: 38612931; PMCID: PMC11012989."
PMC11012989,MBC,0.3,mg/mL,"Therefore, the MBC of the anti-microbial peptide Citrocin against P. aeruginosa was 0.3 mg/mL.",Isolate 1,P. aeruginosa,ATCC 15442,the Grassland Microbiology Laboratory of Southwest University,NaN,NaN,Citrocin,The Anti-Microbial Peptide Citrocin Controls Pseudomonas aeruginosa Biofilms by Breaking Down Extracellular Polysaccharide,"Wang L, Zheng J, Hou W, Zhang C, Zhang J, Fan X, Zhang H, Han Y. The Anti-Microbial Peptide Citrocin Controls Pseudomonas aeruginosa Biofilms by Breaking Down Extracellular Polysaccharide. Int J Mol Sci. 2024 Apr 8;25(7):4122. doi: 10.3390/ijms25074122. PMID: 38612931; PMCID: PMC11012989."
PMC11963537,MIC,0.25,NaN,Table - PMC,Isolate 1,P. aeruginosa,PAO1,NaN,Wild-type reference strain,NaN,ceftolozane/tazobactam,Mutant prevention concentrations and phenotypic and genomic profiling of first-step resistance mechanisms to classical and novel β-lactams in Pseudomonas aeruginosa,"Sastre-Femenia MÀ, Gomis-Font MA, Oliver A. Mutant prevention concentrations and phenotypic and genomic profiling of first-step resistance mechanisms to classical and novel β-lactams in Pseudomonas aeruginosa. Antimicrob Agents Chemother. 2025 Apr 2;69(4):e0194224. doi: 10.1128/aac.01942-24. Epub 2025 Mar 11. PMID: 40067045; PMCID: PMC11963537."
PMC11963537,MPC,2,NaN,Table - PMC,Isolate 1,P. aeruginosa,PAO1,NaN,Wild-type reference strain,NaN,ceftolozane/tazobactam,Mutant prevention concentrations and phenotypic and genomic profiling of first-step resistance mechanisms to classical and novel β-lactams in Pseudomonas aeruginosa,"Sastre-Femenia MÀ, Gomis-Font MA, Oliver A. Mutant prevention concentrations and phenotypic and genomic profiling of first-step resistance mechanisms to classical and novel β-lactams in Pseudomonas aeruginosa. Antimicrob Agents Chemother. 2025 Apr 2;69(4):e0194224. doi: 10.1128/aac.01942-24. Epub 2025 Mar 11. PMID: 40067045; PMCID: PMC11963537."
PMC11963537,MIC,1,NaN,Table - PMC,Isolate 2,P. aeruginosa,PAO1,NaN,Wild-type reference strain,NaN,ceftazidime,Mutant prevention concentrations and phenotypic and genomic profiling of first-step resistance mechanisms to classical and novel β-lactams in Pseudomonas aeruginosa,"Sastre-Femenia MÀ, Gomis-Font MA, Oliver A. Mutant prevention concentrations and phenotypic and genomic profiling of first-step resistance mechanisms to classical and novel β-lactams in Pseudomonas aeruginosa. Antimicrob Agents Chemother. 2025 Apr 2;69(4):e0194224. doi: 10.1128/aac.01942-24. Epub 2025 Mar 11. PMID: 40067045; PMCID: PMC11963537."
PMC11963537,MPC,16,NaN,Table - PMC,Isolate 2,P. aeruginosa,PAO1,NaN,Wild-type reference strain,NaN,ceftazidime,Mutant prevention concentrations and phenotypic and genomic profiling of first-step resistance mechanisms to classical and novel β-lactams in Pseudomonas aeruginosa,"Sastre-Femenia MÀ, Gomis-Font MA, Oliver A. Mutant prevention concentrations and phenotypic and genomic profiling of first-step resistance mechanisms to classical and novel β-lactams in Pseudomonas aeruginosa. Antimicrob Agents Chemother. 2025 Apr 2;69(4):e0194224. doi: 10.1128/aac.01942-24. Epub 2025 Mar 11. PMID: 40067045; PMCID: PMC11963537."
PMC11963537,MIC,1,NaN,Table - PMC,Isolate 3,P. aeruginosa,PAO1,NaN,Wild-type reference strain,NaN,ceftazidime/avibactam,Mutant prevention concentrations and phenotypic and genomic profiling of first-step resistance mechanisms to classical and novel β-lactams in Pseudomonas aeruginosa,"Sastre-Femenia MÀ, Gomis-Font MA, Oliver A. Mutant prevention concentrations and phenotypic and genomic profiling of first-step resistance mechanisms to classical and novel β-lactams in Pseudomonas aeruginosa. Antimicrob Agents Chemother. 2025 Apr 2;69(4):e0194224. doi: 10.1128/aac.01942-24. Epub 2025 Mar 11. PMID: 40067045; PMCID: PMC11963537."
PMC11963537,MPC,4,NaN,Table - PMC,Isolate 3,P. aeruginosa,PAO1,NaN,Wild-type reference strain,NaN,ceftazidime/avibactam,Mutant prevention concentrations and phenotypic and genomic profiling of first-step resistance mechanisms to classical and novel β-lactams in Pseudomonas aeruginosa,"Sastre-Femenia MÀ, Gomis-Font MA, Oliver A. Mutant prevention concentrations and phenotypic and genomic profiling of first-step resistance mechanisms to classical and novel β-lactams in Pseudomonas aeruginosa. Antimicrob Agents Chemother. 2025 Apr 2;69(4):e0194224. doi: 10.1128/aac.01942-24. Epub 2025 Mar 11. PMID: 40067045; PMCID: PMC11963537."
PMC11963537,MIC,0.06,NaN,Table - PMC,Isolate 4,P. aeruginosa,PAO1,NaN,Wild-type reference strain,NaN,cefiderocol,Mutant prevention concentrations and phenotypic and genomic profiling of first-step resistance mechanisms to classical and novel β-lactams in Pseudomonas aeruginosa,"Sastre-Femenia MÀ, Gomis-Font MA, Oliver A. Mutant prevention concentrations and phenotypic and genomic profiling of first-step resistance mechanisms to classical and novel β-lactams in Pseudomonas aeruginosa. Antimicrob Agents Chemother. 2025 Apr 2;69(4):e0194224. doi: 10.1128/aac.01942-24. Epub 2025 Mar 11. PMID: 40067045; PMCID: PMC11963537."
PMC11963537,MPC,8–16,NaN,Table - PMC,Isolate 4,P. aeruginosa,PAO1,NaN,Wild-type reference strain,NaN,cefiderocol,Mutant prevention concentrations and phenotypic and genomic profiling of first-step resistance mechanisms to classical and novel β-lactams in Pseudomonas aeruginosa,"Sastre-Femenia MÀ, Gomis-Font MA, Oliver A. Mutant prevention concentrations and phenotypic and genomic profiling of first-step resistance mechanisms to classical and novel β-lactams in Pseudomonas aeruginosa. Antimicrob Agents Chemother. 2025 Apr 2;69(4):e0194224. doi: 10.1128/aac.01942-24. Epub 2025 Mar 11. PMID: 40067045; PMCID: PMC11963537."
PMC11963537,MIC,1,NaN,Table - PMC,Isolate 5,P. aeruginosa,PAO1,NaN,Wild-type reference strain,NaN,imipenem,Mutant prevention concentrations and phenotypic and genomic profiling of first-step resistance mechanisms to classical and novel β-lactams in Pseudomonas aeruginosa,"Sastre-Femenia MÀ, Gomis-Font MA, Oliver A. Mutant prevention concentrations and phenotypic and genomic profiling of first-step resistance mechanisms to classical and novel β-lactams in Pseudomonas aeruginosa. Antimicrob Agents Chemother. 2025 Apr 2;69(4):e0194224. doi: 10.1128/aac.01942-24. Epub 2025 Mar 11. PMID: 40067045; PMCID: PMC11963537."
PMC11963537,MPC,8,NaN,Table - PMC,Isolate 5,P. aeruginosa,PAO1,NaN,Wild-type reference strain,NaN,imipenem,Mutant prevention concentrations and phenotypic and genomic profiling of first-step resistance mechanisms to classical and novel β-lactams in Pseudomonas aeruginosa,"Sastre-Femenia MÀ, Gomis-Font MA, Oliver A. Mutant prevention concentrations and phenotypic and genomic profiling of first-step resistance mechanisms to classical and novel β-lactams in Pseudomonas aeruginosa. Antimicrob Agents Chemother. 2025 Apr 2;69(4):e0194224. doi: 10.1128/aac.01942-24. Epub 2025 Mar 11. PMID: 40067045; PMCID: PMC11963537."
PMC11963537,MIC,0.25,NaN,Table - PMC,Isolate 6,P. aeruginosa,PAO1,NaN,Wild-type reference strain,NaN,imipenem/relebactam,Mutant prevention concentrations and phenotypic and genomic profiling of first-step resistance mechanisms to classical and novel β-lactams in Pseudomonas aeruginosa,"Sastre-Femenia MÀ, Gomis-Font MA, Oliver A. Mutant prevention concentrations and phenotypic and genomic profiling of first-step resistance mechanisms to classical and novel β-lactams in Pseudomonas aeruginosa. Antimicrob Agents Chemother. 2025 Apr 2;69(4):e0194224. doi: 10.1128/aac.01942-24. Epub 2025 Mar 11. PMID: 40067045; PMCID: PMC11963537."
PMC11963537,MPC,1,NaN,Table - PMC,Isolate 6,P. aeruginosa,PAO1,NaN,Wild-type reference strain,NaN,imipenem/relebactam,Mutant prevention concentrations and phenotypic and genomic profiling of first-step resistance mechanisms to classical and novel β-lactams in Pseudomonas aeruginosa,"Sastre-Femenia MÀ, Gomis-Font MA, Oliver A. Mutant prevention concentrations and phenotypic and genomic profiling of first-step resistance mechanisms to classical and novel β-lactams in Pseudomonas aeruginosa. Antimicrob Agents Chemother. 2025 Apr 2;69(4):e0194224. doi: 10.1128/aac.01942-24. Epub 2025 Mar 11. PMID: 40067045; PMCID: PMC11963537."
PMC11963537,MIC,0.25,NaN,Table - PMC,Isolate 7,P. aeruginosa,PAO1,NaN,Wild-type reference strain,NaN,meropenem,Mutant prevention concentrations and phenotypic and genomic profiling of first-step resistance mechanisms to classical and novel β-lactams in Pseudomonas aeruginosa,"Sastre-Femenia MÀ, Gomis-Font MA, Oliver A. Mutant prevention concentrations and phenotypic and genomic profiling of first-step resistance mechanisms to classical and novel β-lactams in Pseudomonas aeruginosa. Antimicrob Agents Chemother. 2025 Apr 2;69(4):e0194224. doi: 10.1128/aac.01942-24. Epub 2025 Mar 11. PMID: 40067045; PMCID: PMC11963537."
PMC11963537,MPC,4,NaN,Table - PMC,Isolate 7,P. aeruginosa,PAO1,NaN,Wild-type reference strain,NaN,meropenem,Mutant prevention concentrations and phenotypic and genomic profiling of first-step resistance mechanisms to classical and novel β-lactams in Pseudomonas aeruginosa,"Sastre-Femenia MÀ, Gomis-Font MA, Oliver A. Mutant prevention concentrations and phenotypic and genomic profiling of first-step resistance mechanisms to classical and novel β-lactams in Pseudomonas aeruginosa. Antimicrob Agents Chemother. 2025 Apr 2;69(4):e0194224. doi: 10.1128/aac.01942-24. Epub 2025 Mar 11. PMID: 40067045; PMCID: PMC11963537."
PMC11963537,MIC,0.25,NaN,Table - PMC,Isolate 8,P. aeruginosa,PAO1,NaN,Wild-type reference strain,NaN,meropenem/vaborbactam,Mutant prevention concentrations and phenotypic and genomic profiling of first-step resistance mechanisms to classical and novel β-lactams in Pseudomonas aeruginosa,"Sastre-Femenia MÀ, Gomis-Font MA, Oliver A. Mutant prevention concentrations and phenotypic and genomic profiling of first-step resistance mechanisms to classical and novel β-lactams in Pseudomonas aeruginosa. Antimicrob Agents Chemother. 2025 Apr 2;69(4):e0194224. doi: 10.1128/aac.01942-24. Epub 2025 Mar 11. PMID: 40067045; PMCID: PMC11963537."
PMC11963537,MPC,4,NaN,Table - PMC,Isolate 8,P. aeruginosa,PAO1,NaN,Wild-type reference strain,NaN,meropenem/vaborbactam,Mutant prevention concentrations and phenotypic and genomic profiling of first-step resistance mechanisms to classical and novel β-lactams in Pseudomonas aeruginosa,"Sastre-Femenia MÀ, Gomis-Font MA, Oliver A. Mutant prevention concentrations and phenotypic and genomic profiling of first-step resistance mechanisms to classical and novel β-lactams in Pseudomonas aeruginosa. Antimicrob Agents Chemother. 2025 Apr 2;69(4):e0194224. doi: 10.1128/aac.01942-24. Epub 2025 Mar 11. PMID: 40067045; PMCID: PMC11963537."
PMC11963537,MIC,2,NaN,Table - PMC,Isolate 9,P. aeruginosa,PAO1,NaN,Wild-type reference strain,NaN,aztreonam,Mutant prevention concentrations and phenotypic and genomic profiling of first-step resistance mechanisms to classical and novel β-lactams in Pseudomonas aeruginosa,"Sastre-Femenia MÀ, Gomis-Font MA, Oliver A. Mutant prevention concentrations and phenotypic and genomic profiling of first-step resistance mechanisms to classical and novel β-lactams in Pseudomonas aeruginosa. Antimicrob Agents Chemother. 2025 Apr 2;69(4):e0194224. doi: 10.1128/aac.01942-24. Epub 2025 Mar 11. PMID: 40067045; PMCID: PMC11963537."
PMC11963537,MPC,8,NaN,Table - PMC,Isolate 9,P. aeruginosa,PAO1,NaN,Wild-type reference strain,NaN,aztreonam,Mutant prevention concentrations and phenotypic and genomic profiling of first-step resistance mechanisms to classical and novel β-lactams in Pseudomonas aeruginosa,"Sastre-Femenia MÀ, Gomis-Font MA, Oliver A. Mutant prevention concentrations and phenotypic and genomic profiling of first-step resistance mechanisms to classical and novel β-lactams in Pseudomonas aeruginosa. Antimicrob Agents Chemother. 2025 Apr 2;69(4):e0194224. doi: 10.1128/aac.01942-24. Epub 2025 Mar 11. PMID: 40067045; PMCID: PMC11963537."
PMC11963537,MIC,2,NaN,Table - PMC,Isolate 10,P. aeruginosa,PAO1,NaN,Wild-type reference strain,NaN,aztreonam/avibactam,Mutant prevention concentrations and phenotypic and genomic profiling of first-step resistance mechanisms to classical and novel β-lactams in Pseudomonas aeruginosa,"Sastre-Femenia MÀ, Gomis-Font MA, Oliver A. Mutant prevention concentrations and phenotypic and genomic profiling of first-step resistance mechanisms to classical and novel β-lactams in Pseudomonas aeruginosa. Antimicrob Agents Chemother. 2025 Apr 2;69(4):e0194224. doi: 10.1128/aac.01942-24. Epub 2025 Mar 11. PMID: 40067045; PMCID: PMC11963537."
PMC11963537,MPC,8,NaN,Table - PMC,Isolate 10,P. aeruginosa,PAO1,NaN,Wild-type reference strain,NaN,aztreonam/avibactam,Mutant prevention concentrations and phenotypic and genomic profiling of first-step resistance mechanisms to classical and novel β-lactams in Pseudomonas aeruginosa,"Sastre-Femenia MÀ, Gomis-Font MA, Oliver A. Mutant prevention concentrations and phenotypic and genomic profiling of first-step resistance mechanisms to classical and novel β-lactams in Pseudomonas aeruginosa. Antimicrob Agents Chemother. 2025 Apr 2;69(4):e0194224. doi: 10.1128/aac.01942-24. Epub 2025 Mar 11. PMID: 40067045; PMCID: PMC11963537."
PMC11963537,MIC-CA-MHa,0.5,NaN,Table - PMC,Isolate 11,P. aeruginosa,PAO1,NaN,WT,NaN,cefiderocol,Mutant prevention concentrations and phenotypic and genomic profiling of first-step resistance mechanisms to classical and novel β-lactams in Pseudomonas aeruginosa,"Sastre-Femenia MÀ, Gomis-Font MA, Oliver A. Mutant prevention concentrations and phenotypic and genomic profiling of first-step resistance mechanisms to classical and novel β-lactams in Pseudomonas aeruginosa. Antimicrob Agents Chemother. 2025 Apr 2;69(4):e0194224. doi: 10.1128/aac.01942-24. Epub 2025 Mar 11. PMID: 40067045; PMCID: PMC11963537."
PMC11963537,MIC-IDCA-MHa (R > 2),0.06,NaN,Table - PMC,Isolate 11,P. aeruginosa,PAO1,NaN,WT,NaN,cefiderocol,Mutant prevention concentrations and phenotypic and genomic profiling of first-step resistance mechanisms to classical and novel β-lactams in Pseudomonas aeruginosa,"Sastre-Femenia MÀ, Gomis-Font MA, Oliver A. Mutant prevention concentrations and phenotypic and genomic profiling of first-step resistance mechanisms to classical and novel β-lactams in Pseudomonas aeruginosa. Antimicrob Agents Chemother. 2025 Apr 2;69(4):e0194224. doi: 10.1128/aac.01942-24. Epub 2025 Mar 11. PMID: 40067045; PMCID: PMC11963537."
PMC11963537,MIC-CA-MHa,8,NaN,Table - PMC,Isolate 12,P. aeruginosa,PAO1,NaN,"PA2435 (A606V), opmK (A203T)",NaN,cefiderocol,Mutant prevention concentrations and phenotypic and genomic profiling of first-step resistance mechanisms to classical and novel β-lactams in Pseudomonas aeruginosa,"Sastre-Femenia MÀ, Gomis-Font MA, Oliver A. Mutant prevention concentrations and phenotypic and genomic profiling of first-step resistance mechanisms to classical and novel β-lactams in Pseudomonas aeruginosa. Antimicrob Agents Chemother. 2025 Apr 2;69(4):e0194224. doi: 10.1128/aac.01942-24. Epub 2025 Mar 11. PMID: 40067045; PMCID: PMC11963537."
PMC11963537,MIC-IDCA-MHa (R > 2),0.12,NaN,Table - PMC,Isolate 12,P. aeruginosa,PAO1,NaN,"PA2435 (A606V), opmK (A203T)",NaN,cefiderocol,Mutant prevention concentrations and phenotypic and genomic profiling of first-step resistance mechanisms to classical and novel β-lactams in Pseudomonas aeruginosa,"Sastre-Femenia MÀ, Gomis-Font MA, Oliver A. Mutant prevention concentrations and phenotypic and genomic profiling of first-step resistance mechanisms to classical and novel β-lactams in Pseudomonas aeruginosa. Antimicrob Agents Chemother. 2025 Apr 2;69(4):e0194224. doi: 10.1128/aac.01942-24. Epub 2025 Mar 11. PMID: 40067045; PMCID: PMC11963537."
PMC11963537,MIC-CA-MHa,8,NaN,Table - PMC,Isolate 13,P. aeruginosa,PAO1,NaN,"hutC (Y181X), piuA (aa30Δ2)",NaN,cefiderocol,Mutant prevention concentrations and phenotypic and genomic profiling of first-step resistance mechanisms to classical and novel β-lactams in Pseudomonas aeruginosa,"Sastre-Femenia MÀ, Gomis-Font MA, Oliver A. Mutant prevention concentrations and phenotypic and genomic profiling of first-step resistance mechanisms to classical and novel β-lactams in Pseudomonas aeruginosa. Antimicrob Agents Chemother. 2025 Apr 2;69(4):e0194224. doi: 10.1128/aac.01942-24. Epub 2025 Mar 11. PMID: 40067045; PMCID: PMC11963537."
PMC11963537,MIC-IDCA-MHa (R > 2),0.12,NaN,Table - PMC,Isolate 13,P. aeruginosa,PAO1,NaN,"hutC (Y181X), piuA (aa30Δ2)",NaN,cefiderocol,Mutant prevention concentrations and phenotypic and genomic profiling of first-step resistance mechanisms to classical and novel β-lactams in Pseudomonas aeruginosa,"Sastre-Femenia MÀ, Gomis-Font MA, Oliver A. Mutant prevention concentrations and phenotypic and genomic profiling of first-step resistance mechanisms to classical and novel β-lactams in Pseudomonas aeruginosa. Antimicrob Agents Chemother. 2025 Apr 2;69(4):e0194224. doi: 10.1128/aac.01942-24. Epub 2025 Mar 11. PMID: 40067045; PMCID: PMC11963537."
PMC11963537,MIC-CA-MHa,16,NaN,Table - PMC,Isolate 14,P. aeruginosa,PAO1,NaN,piuA (aa665Δ2),NaN,cefiderocol,Mutant prevention concentrations and phenotypic and genomic profiling of first-step resistance mechanisms to classical and novel β-lactams in Pseudomonas aeruginosa,"Sastre-Femenia MÀ, Gomis-Font MA, Oliver A. Mutant prevention concentrations and phenotypic and genomic profiling of first-step resistance mechanisms to classical and novel β-lactams in Pseudomonas aeruginosa. Antimicrob Agents Chemother. 2025 Apr 2;69(4):e0194224. doi: 10.1128/aac.01942-24. Epub 2025 Mar 11. PMID: 40067045; PMCID: PMC11963537."
PMC11963537,MIC-IDCA-MHa (R > 2),0.12,NaN,Table - PMC,Isolate 14,P. aeruginosa,PAO1,NaN,piuA (aa665Δ2),NaN,cefiderocol,Mutant prevention concentrations and phenotypic and genomic profiling of first-step resistance mechanisms to classical and novel β-lactams in Pseudomonas aeruginosa,"Sastre-Femenia MÀ, Gomis-Font MA, Oliver A. Mutant prevention concentrations and phenotypic and genomic profiling of first-step resistance mechanisms to classical and novel β-lactams in Pseudomonas aeruginosa. Antimicrob Agents Chemother. 2025 Apr 2;69(4):e0194224. doi: 10.1128/aac.01942-24. Epub 2025 Mar 11. PMID: 40067045; PMCID: PMC11963537."
PMC11963537,MIC-CA-MHa,8,NaN,Table - PMC,Isolate 15,P. aeruginosa,PAO1,NaN,"phuV (V114D), pilB (N349K)",NaN,cefiderocol,Mutant prevention concentrations and phenotypic and genomic profiling of first-step resistance mechanisms to classical and novel β-lactams in Pseudomonas aeruginosa,"Sastre-Femenia MÀ, Gomis-Font MA, Oliver A. Mutant prevention concentrations and phenotypic and genomic profiling of first-step resistance mechanisms to classical and novel β-lactams in Pseudomonas aeruginosa. Antimicrob Agents Chemother. 2025 Apr 2;69(4):e0194224. doi: 10.1128/aac.01942-24. Epub 2025 Mar 11. PMID: 40067045; PMCID: PMC11963537."
PMC11963537,MIC-IDCA-MHa (R > 2),0.25,NaN,Table - PMC,Isolate 15,P. aeruginosa,PAO1,NaN,"phuV (V114D), pilB (N349K)",NaN,cefiderocol,Mutant prevention concentrations and phenotypic and genomic profiling of first-step resistance mechanisms to classical and novel β-lactams in Pseudomonas aeruginosa,"Sastre-Femenia MÀ, Gomis-Font MA, Oliver A. Mutant prevention concentrations and phenotypic and genomic profiling of first-step resistance mechanisms to classical and novel β-lactams in Pseudomonas aeruginosa. Antimicrob Agents Chemother. 2025 Apr 2;69(4):e0194224. doi: 10.1128/aac.01942-24. Epub 2025 Mar 11. PMID: 40067045; PMCID: PMC11963537."
PMC11960432,MIC,2,mg/L,"The experiment was designed around two regimens: a continuous low-dose exposure (1 mg/L, below the MIC of 2 mg/L) and an intermittent high-dose exposure (20 mg/L, surpassing the MPC of 9.6 mg/L).",Isolate 1,P. aeruginosa,PAO1,NaN,NaN,NaN,fleroxacin,Targeting efflux pumps prevents the multi-step evolution of high-level resistance to fluoroquinolone in Pseudomonas aeruginosa,"Yu X-Q, Yang H, Feng H-Z, Hou J, Tian J-Q, Niu S-M, You C-G, Tao X-Y, Zhang S-P, Wang Z-P, He Y-X. Targeting efflux pumps prevents the multi-step evolution of high-level resistance to fluoroquinolone in Pseudomonas aeruginosa. Microbiol Spectr. 2025 Apr;13(4):e0298124. doi: 10.1128/spectrum.02981-24. Epub 2025 Feb 21. PMID: 39982069; PMCID: PMC11960432."
PMC11960432,MPC,9.6,mg/L,"The experiment was designed around two regimens: a continuous low-dose exposure (1 mg/L, below the MIC of 2 mg/L) and an intermittent high-dose exposure (20 mg/L, surpassing the MPC of 9.6 mg/L).",Isolate 1,P. aeruginosa,PAO1,NaN,NaN,NaN,fleroxacin,Targeting efflux pumps prevents the multi-step evolution of high-level resistance to fluoroquinolone in Pseudomonas aeruginosa,"Yu X-Q, Yang H, Feng H-Z, Hou J, Tian J-Q, Niu S-M, You C-G, Tao X-Y, Zhang S-P, Wang Z-P, He Y-X. Targeting efflux pumps prevents the multi-step evolution of high-level resistance to fluoroquinolone in Pseudomonas aeruginosa. Microbiol Spectr. 2025 Apr;13(4):e0298124. doi: 10.1128/spectrum.02981-24. Epub 2025 Feb 21. PMID: 39982069; PMCID: PMC11960432."
PMC11960432,MIC,16,mg/L,"Interestingly, under the low-dose regimen, rapid onset of resistance was observed, with all replicate cultures reaching a MIC of 16 mg/L after the first cycle of antibiotic treatment, escalating to 32 mg/L by the end of the third cycle of antibiotic treatment (Fig. 1B).",Isolate 1,P. aeruginosa,PAO1,NaN,NaN,NaN,fleroxacin,Targeting efflux pumps prevents the multi-step evolution of high-level resistance to fluoroquinolone in Pseudomonas aeruginosa,"Yu X-Q, Yang H, Feng H-Z, Hou J, Tian J-Q, Niu S-M, You C-G, Tao X-Y, Zhang S-P, Wang Z-P, He Y-X. Targeting efflux pumps prevents the multi-step evolution of high-level resistance to fluoroquinolone in Pseudomonas aeruginosa. Microbiol Spectr. 2025 Apr;13(4):e0298124. doi: 10.1128/spectrum.02981-24. Epub 2025 Feb 21. PMID: 39982069; PMCID: PMC11960432."
PMC11960432,MIC,32,mg/L,"Interestingly, under the low-dose regimen, rapid onset of resistance was observed, with all replicate cultures reaching a MIC of 16 mg/L after the first cycle of antibiotic treatment, escalating to 32 mg/L by the end of the third cycle of antibiotic treatment (Fig. 1B).",Isolate 1,P. aeruginosa,PAO1,NaN,NaN,NaN,fleroxacin,Targeting efflux pumps prevents the multi-step evolution of high-level resistance to fluoroquinolone in Pseudomonas aeruginosa,"Yu X-Q, Yang H, Feng H-Z, Hou J, Tian J-Q, Niu S-M, You C-G, Tao X-Y, Zhang S-P, Wang Z-P, He Y-X. Targeting efflux pumps prevents the multi-step evolution of high-level resistance to fluoroquinolone in Pseudomonas aeruginosa. Microbiol Spectr. 2025 Apr;13(4):e0298124. doi: 10.1128/spectrum.02981-24. Epub 2025 Feb 21. PMID: 39982069; PMCID: PMC11960432."
PMC11960432,MIC,32,mg/L,"In contrast, under the high-dose regimen, resistance development was gradual, with all replicates reaching a MIC of 32 mg/L after six treatment cycles (Fig. 1C).",Isolate 1,P. aeruginosa,PAO1,NaN,NaN,NaN,fleroxacin,Targeting efflux pumps prevents the multi-step evolution of high-level resistance to fluoroquinolone in Pseudomonas aeruginosa,"Yu X-Q, Yang H, Feng H-Z, Hou J, Tian J-Q, Niu S-M, You C-G, Tao X-Y, Zhang S-P, Wang Z-P, He Y-X. Targeting efflux pumps prevents the multi-step evolution of high-level resistance to fluoroquinolone in Pseudomonas aeruginosa. Microbiol Spectr. 2025 Apr;13(4):e0298124. doi: 10.1128/spectrum.02981-24. Epub 2025 Feb 21. PMID: 39982069; PMCID: PMC11960432."
PMC11960432,MIC,16 or 32,mg/L,"In cycle 5, which corresponds to a MIC of 16 or 32 mg/L, all three replicates showed high-frequency (above 90%) mutations in nfxB, pilW, and kinB, consisting of either missense or frameshift mutations.",Isolate 1,P. aeruginosa,PAO1,NaN,NaN,NaN,fleroxacin,Targeting efflux pumps prevents the multi-step evolution of high-level resistance to fluoroquinolone in Pseudomonas aeruginosa,"Yu X-Q, Yang H, Feng H-Z, Hou J, Tian J-Q, Niu S-M, You C-G, Tao X-Y, Zhang S-P, Wang Z-P, He Y-X. Targeting efflux pumps prevents the multi-step evolution of high-level resistance to fluoroquinolone in Pseudomonas aeruginosa. Microbiol Spectr. 2025 Apr;13(4):e0298124. doi: 10.1128/spectrum.02981-24. Epub 2025 Feb 21. PMID: 39982069; PMCID: PMC11960432."
PMC11960432,MIC,32 or 64,mg/L,"By cycle 7, corresponding to a MIC of 32 or 64 mg/L, additional high-frequency (above 92%) missense mutations emerged, specifically in gyrA (D72G or H45Q) and gyrB (P749S) (Tables S1 and S2).",Isolate 1,P. aeruginosa,PAO1,NaN,NaN,NaN,fleroxacin,Targeting efflux pumps prevents the multi-step evolution of high-level resistance to fluoroquinolone in Pseudomonas aeruginosa,"Yu X-Q, Yang H, Feng H-Z, Hou J, Tian J-Q, Niu S-M, You C-G, Tao X-Y, Zhang S-P, Wang Z-P, He Y-X. Targeting efflux pumps prevents the multi-step evolution of high-level resistance to fluoroquinolone in Pseudomonas aeruginosa. Microbiol Spectr. 2025 Apr;13(4):e0298124. doi: 10.1128/spectrum.02981-24. Epub 2025 Feb 21. PMID: 39982069; PMCID: PMC11960432."
PMC11960432,MIC,twice,NaN,"Given that the MIC in cycle 7 was twice that of cycle 5, the combination of gyrA (D72G or H45Q) or gyrB (P749S) mutations, in the presence of existing nfxB, pilW, and kinB mutations, appears to be responsible for the high-level resistance (Tables S1 and S2).",Isolate 1,P. aeruginosa,PAO1,NaN,NaN,NaN,fleroxacin,Targeting efflux pumps prevents the multi-step evolution of high-level resistance to fluoroquinolone in Pseudomonas aeruginosa,"Yu X-Q, Yang H, Feng H-Z, Hou J, Tian J-Q, Niu S-M, You C-G, Tao X-Y, Zhang S-P, Wang Z-P, He Y-X. Targeting efflux pumps prevents the multi-step evolution of high-level resistance to fluoroquinolone in Pseudomonas aeruginosa. Microbiol Spectr. 2025 Apr;13(4):e0298124. doi: 10.1128/spectrum.02981-24. Epub 2025 Feb 21. PMID: 39982069; PMCID: PMC11960432."
PMC11960432,MIC,exceeding 64,mg/L,"To isolate clones with high-level resistance and figure out mutations conferring high-level resistance in the low-dose regimen, the bacterial populations from the third cycle were plated on agar plates containing 20 mg/L fleroxacin and a portion of the lineages approximately ~3 × 10−5 of the cells exhibited markedly high-level resistance, with MIC values for fleroxacin exceeding 64 mg/L.",Isolate 1,P. aeruginosa,PAO1,NaN,NaN,NaN,fleroxacin,Targeting efflux pumps prevents the multi-step evolution of high-level resistance to fluoroquinolone in Pseudomonas aeruginosa,"Yu X-Q, Yang H, Feng H-Z, Hou J, Tian J-Q, Niu S-M, You C-G, Tao X-Y, Zhang S-P, Wang Z-P, He Y-X. Targeting efflux pumps prevents the multi-step evolution of high-level resistance to fluoroquinolone in Pseudomonas aeruginosa. Microbiol Spectr. 2025 Apr;13(4):e0298124. doi: 10.1128/spectrum.02981-24. Epub 2025 Feb 21. PMID: 39982069; PMCID: PMC11960432."
PMC11960432,MIC,2,mg/L,Table - PMC,Isolate 2,P. aeruginosa,PAO1,NaN,Wild type,NaN,fleroxacin,Targeting efflux pumps prevents the multi-step evolution of high-level resistance to fluoroquinolone in Pseudomonas aeruginosa,"Yu X-Q, Yang H, Feng H-Z, Hou J, Tian J-Q, Niu S-M, You C-G, Tao X-Y, Zhang S-P, Wang Z-P, He Y-X. Targeting efflux pumps prevents the multi-step evolution of high-level resistance to fluoroquinolone in Pseudomonas aeruginosa. Microbiol Spectr. 2025 Apr;13(4):e0298124. doi: 10.1128/spectrum.02981-24. Epub 2025 Feb 21. PMID: 39982069; PMCID: PMC11960432."
PMC11960432,MIC,8,mg/L,Table - PMC,Isolate 3,P. aeruginosa,PAO1,NaN,ΔnfxB,NaN,fleroxacin,Targeting efflux pumps prevents the multi-step evolution of high-level resistance to fluoroquinolone in Pseudomonas aeruginosa,"Yu X-Q, Yang H, Feng H-Z, Hou J, Tian J-Q, Niu S-M, You C-G, Tao X-Y, Zhang S-P, Wang Z-P, He Y-X. Targeting efflux pumps prevents the multi-step evolution of high-level resistance to fluoroquinolone in Pseudomonas aeruginosa. Microbiol Spectr. 2025 Apr;13(4):e0298124. doi: 10.1128/spectrum.02981-24. Epub 2025 Feb 21. PMID: 39982069; PMCID: PMC11960432."
PMC11960432,MIC,8,mg/L,Table - PMC,Isolate 4,P. aeruginosa,PAO1,NaN,ΔmexR,NaN,fleroxacin,Targeting efflux pumps prevents the multi-step evolution of high-level resistance to fluoroquinolone in Pseudomonas aeruginosa,"Yu X-Q, Yang H, Feng H-Z, Hou J, Tian J-Q, Niu S-M, You C-G, Tao X-Y, Zhang S-P, Wang Z-P, He Y-X. Targeting efflux pumps prevents the multi-step evolution of high-level resistance to fluoroquinolone in Pseudomonas aeruginosa. Microbiol Spectr. 2025 Apr;13(4):e0298124. doi: 10.1128/spectrum.02981-24. Epub 2025 Feb 21. PMID: 39982069; PMCID: PMC11960432."
PMC11960432,MIC,4,mg/L,Table - PMC,Isolate 5,P. aeruginosa,PAO1,NaN,ΔnalD,NaN,fleroxacin,Targeting efflux pumps prevents the multi-step evolution of high-level resistance to fluoroquinolone in Pseudomonas aeruginosa,"Yu X-Q, Yang H, Feng H-Z, Hou J, Tian J-Q, Niu S-M, You C-G, Tao X-Y, Zhang S-P, Wang Z-P, He Y-X. Targeting efflux pumps prevents the multi-step evolution of high-level resistance to fluoroquinolone in Pseudomonas aeruginosa. Microbiol Spectr. 2025 Apr;13(4):e0298124. doi: 10.1128/spectrum.02981-24. Epub 2025 Feb 21. PMID: 39982069; PMCID: PMC11960432."
PMC11960432,MIC,8,mg/L,Table - PMC,Isolate 6,P. aeruginosa,PAO1,NaN,ΔnalDΔmexR,NaN,fleroxacin,Targeting efflux pumps prevents the multi-step evolution of high-level resistance to fluoroquinolone in Pseudomonas aeruginosa,"Yu X-Q, Yang H, Feng H-Z, Hou J, Tian J-Q, Niu S-M, You C-G, Tao X-Y, Zhang S-P, Wang Z-P, He Y-X. Targeting efflux pumps prevents the multi-step evolution of high-level resistance to fluoroquinolone in Pseudomonas aeruginosa. Microbiol Spectr. 2025 Apr;13(4):e0298124. doi: 10.1128/spectrum.02981-24. Epub 2025 Feb 21. PMID: 39982069; PMCID: PMC11960432."
PMC11960432,MIC,2,mg/L,Table - PMC,Isolate 7,P. aeruginosa,PAO1,NaN,ΔpilW,NaN,fleroxacin,Targeting efflux pumps prevents the multi-step evolution of high-level resistance to fluoroquinolone in Pseudomonas aeruginosa,"Yu X-Q, Yang H, Feng H-Z, Hou J, Tian J-Q, Niu S-M, You C-G, Tao X-Y, Zhang S-P, Wang Z-P, He Y-X. Targeting efflux pumps prevents the multi-step evolution of high-level resistance to fluoroquinolone in Pseudomonas aeruginosa. Microbiol Spectr. 2025 Apr;13(4):e0298124. doi: 10.1128/spectrum.02981-24. Epub 2025 Feb 21. PMID: 39982069; PMCID: PMC11960432."
PMC11960432,MIC,2,mg/L,Table - PMC,Isolate 8,P. aeruginosa,PAO1,NaN,ΔkinB,NaN,fleroxacin,Targeting efflux pumps prevents the multi-step evolution of high-level resistance to fluoroquinolone in Pseudomonas aeruginosa,"Yu X-Q, Yang H, Feng H-Z, Hou J, Tian J-Q, Niu S-M, You C-G, Tao X-Y, Zhang S-P, Wang Z-P, He Y-X. Targeting efflux pumps prevents the multi-step evolution of high-level resistance to fluoroquinolone in Pseudomonas aeruginosa. Microbiol Spectr. 2025 Apr;13(4):e0298124. doi: 10.1128/spectrum.02981-24. Epub 2025 Feb 21. PMID: 39982069; PMCID: PMC11960432."
PMC11960432,MIC,4,mg/L,Table - PMC,Isolate 9,P. aeruginosa,PAO1,NaN,gyrA(H45Q),NaN,fleroxacin,Targeting efflux pumps prevents the multi-step evolution of high-level resistance to fluoroquinolone in Pseudomonas aeruginosa,"Yu X-Q, Yang H, Feng H-Z, Hou J, Tian J-Q, Niu S-M, You C-G, Tao X-Y, Zhang S-P, Wang Z-P, He Y-X. Targeting efflux pumps prevents the multi-step evolution of high-level resistance to fluoroquinolone in Pseudomonas aeruginosa. Microbiol Spectr. 2025 Apr;13(4):e0298124. doi: 10.1128/spectrum.02981-24. Epub 2025 Feb 21. PMID: 39982069; PMCID: PMC11960432."
PMC11960432,MIC,4,mg/L,Table - PMC,Isolate 10,P. aeruginosa,PAO1,NaN,gyrA(D72G),NaN,fleroxacin,Targeting efflux pumps prevents the multi-step evolution of high-level resistance to fluoroquinolone in Pseudomonas aeruginosa,"Yu X-Q, Yang H, Feng H-Z, Hou J, Tian J-Q, Niu S-M, You C-G, Tao X-Y, Zhang S-P, Wang Z-P, He Y-X. Targeting efflux pumps prevents the multi-step evolution of high-level resistance to fluoroquinolone in Pseudomonas aeruginosa. Microbiol Spectr. 2025 Apr;13(4):e0298124. doi: 10.1128/spectrum.02981-24. Epub 2025 Feb 21. PMID: 39982069; PMCID: PMC11960432."
PMC11960432,MIC,8,mg/L,Table - PMC,Isolate 11,P. aeruginosa,PAO1,NaN,gyrA(T83I),NaN,fleroxacin,Targeting efflux pumps prevents the multi-step evolution of high-level resistance to fluoroquinolone in Pseudomonas aeruginosa,"Yu X-Q, Yang H, Feng H-Z, Hou J, Tian J-Q, Niu S-M, You C-G, Tao X-Y, Zhang S-P, Wang Z-P, He Y-X. Targeting efflux pumps prevents the multi-step evolution of high-level resistance to fluoroquinolone in Pseudomonas aeruginosa. Microbiol Spectr. 2025 Apr;13(4):e0298124. doi: 10.1128/spectrum.02981-24. Epub 2025 Feb 21. PMID: 39982069; PMCID: PMC11960432."
PMC11960432,MIC,8,mg/L,Table - PMC,Isolate 12,P. aeruginosa,PAO1,NaN,gyrA(D87Y),NaN,fleroxacin,Targeting efflux pumps prevents the multi-step evolution of high-level resistance to fluoroquinolone in Pseudomonas aeruginosa,"Yu X-Q, Yang H, Feng H-Z, Hou J, Tian J-Q, Niu S-M, You C-G, Tao X-Y, Zhang S-P, Wang Z-P, He Y-X. Targeting efflux pumps prevents the multi-step evolution of high-level resistance to fluoroquinolone in Pseudomonas aeruginosa. Microbiol Spectr. 2025 Apr;13(4):e0298124. doi: 10.1128/spectrum.02981-24. Epub 2025 Feb 21. PMID: 39982069; PMCID: PMC11960432."
PMC11960432,MIC,4,mg/L,Table - PMC,Isolate 13,P. aeruginosa,PAO1,NaN,gyrB(S466F),NaN,fleroxacin,Targeting efflux pumps prevents the multi-step evolution of high-level resistance to fluoroquinolone in Pseudomonas aeruginosa,"Yu X-Q, Yang H, Feng H-Z, Hou J, Tian J-Q, Niu S-M, You C-G, Tao X-Y, Zhang S-P, Wang Z-P, He Y-X. Targeting efflux pumps prevents the multi-step evolution of high-level resistance to fluoroquinolone in Pseudomonas aeruginosa. Microbiol Spectr. 2025 Apr;13(4):e0298124. doi: 10.1128/spectrum.02981-24. Epub 2025 Feb 21. PMID: 39982069; PMCID: PMC11960432."
PMC11960432,MIC,2,mg/L,Table - PMC,Isolate 14,P. aeruginosa,PAO1,NaN,gyrB(P749S),NaN,fleroxacin,Targeting efflux pumps prevents the multi-step evolution of high-level resistance to fluoroquinolone in Pseudomonas aeruginosa,"Yu X-Q, Yang H, Feng H-Z, Hou J, Tian J-Q, Niu S-M, You C-G, Tao X-Y, Zhang S-P, Wang Z-P, He Y-X. Targeting efflux pumps prevents the multi-step evolution of high-level resistance to fluoroquinolone in Pseudomonas aeruginosa. Microbiol Spectr. 2025 Apr;13(4):e0298124. doi: 10.1128/spectrum.02981-24. Epub 2025 Feb 21. PMID: 39982069; PMCID: PMC11960432."
PMC11960432,MIC,2,mg/L,All these strains have an initial MIC of 2 mg/L.,Isolate 15,P. aeruginosa,ST1,clinically isolated,NaN,NaN,fleroxacin,Targeting efflux pumps prevents the multi-step evolution of high-level resistance to fluoroquinolone in Pseudomonas aeruginosa,"Yu X-Q, Yang H, Feng H-Z, Hou J, Tian J-Q, Niu S-M, You C-G, Tao X-Y, Zhang S-P, Wang Z-P, He Y-X. Targeting efflux pumps prevents the multi-step evolution of high-level resistance to fluoroquinolone in Pseudomonas aeruginosa. Microbiol Spectr. 2025 Apr;13(4):e0298124. doi: 10.1128/spectrum.02981-24. Epub 2025 Feb 21. PMID: 39982069; PMCID: PMC11960432."
PMC11960432,MIC,2,mg/L,All these strains have an initial MIC of 2 mg/L.,Isolate 16,P. aeruginosa,ST2,clinically isolated,NaN,NaN,fleroxacin,Targeting efflux pumps prevents the multi-step evolution of high-level resistance to fluoroquinolone in Pseudomonas aeruginosa,"Yu X-Q, Yang H, Feng H-Z, Hou J, Tian J-Q, Niu S-M, You C-G, Tao X-Y, Zhang S-P, Wang Z-P, He Y-X. Targeting efflux pumps prevents the multi-step evolution of high-level resistance to fluoroquinolone in Pseudomonas aeruginosa. Microbiol Spectr. 2025 Apr;13(4):e0298124. doi: 10.1128/spectrum.02981-24. Epub 2025 Feb 21. PMID: 39982069; PMCID: PMC11960432."
PMC11960432,MIC,2,mg/L,All these strains have an initial MIC of 2 mg/L.,Isolate 17,P. aeruginosa,ST3,clinically isolated,NaN,NaN,fleroxacin,Targeting efflux pumps prevents the multi-step evolution of high-level resistance to fluoroquinolone in Pseudomonas aeruginosa,"Yu X-Q, Yang H, Feng H-Z, Hou J, Tian J-Q, Niu S-M, You C-G, Tao X-Y, Zhang S-P, Wang Z-P, He Y-X. Targeting efflux pumps prevents the multi-step evolution of high-level resistance to fluoroquinolone in Pseudomonas aeruginosa. Microbiol Spectr. 2025 Apr;13(4):e0298124. doi: 10.1128/spectrum.02981-24. Epub 2025 Feb 21. PMID: 39982069; PMCID: PMC11960432."
PMC11960432,MIC,2,mg/L,All these strains have an initial MIC of 2 mg/L.,Isolate 18,P. aeruginosa,ST4,clinically isolated,NaN,NaN,fleroxacin,Targeting efflux pumps prevents the multi-step evolution of high-level resistance to fluoroquinolone in Pseudomonas aeruginosa,"Yu X-Q, Yang H, Feng H-Z, Hou J, Tian J-Q, Niu S-M, You C-G, Tao X-Y, Zhang S-P, Wang Z-P, He Y-X. Targeting efflux pumps prevents the multi-step evolution of high-level resistance to fluoroquinolone in Pseudomonas aeruginosa. Microbiol Spectr. 2025 Apr;13(4):e0298124. doi: 10.1128/spectrum.02981-24. Epub 2025 Feb 21. PMID: 39982069; PMCID: PMC11960432."
PMC11960432,MIC,2,mg/L,All these strains have an initial MIC of 2 mg/L.,Isolate 19,P. aeruginosa,ST5,clinically isolated,NaN,NaN,fleroxacin,Targeting efflux pumps prevents the multi-step evolution of high-level resistance to fluoroquinolone in Pseudomonas aeruginosa,"Yu X-Q, Yang H, Feng H-Z, Hou J, Tian J-Q, Niu S-M, You C-G, Tao X-Y, Zhang S-P, Wang Z-P, He Y-X. Targeting efflux pumps prevents the multi-step evolution of high-level resistance to fluoroquinolone in Pseudomonas aeruginosa. Microbiol Spectr. 2025 Apr;13(4):e0298124. doi: 10.1128/spectrum.02981-24. Epub 2025 Feb 21. PMID: 39982069; PMCID: PMC11960432."
PMC11960432,MIC,2,mg/L,All these strains have an initial MIC of 2 mg/L.,Isolate 20,P. aeruginosa,ST11,clinically isolated,NaN,NaN,fleroxacin,Targeting efflux pumps prevents the multi-step evolution of high-level resistance to fluoroquinolone in Pseudomonas aeruginosa,"Yu X-Q, Yang H, Feng H-Z, Hou J, Tian J-Q, Niu S-M, You C-G, Tao X-Y, Zhang S-P, Wang Z-P, He Y-X. Targeting efflux pumps prevents the multi-step evolution of high-level resistance to fluoroquinolone in Pseudomonas aeruginosa. Microbiol Spectr. 2025 Apr;13(4):e0298124. doi: 10.1128/spectrum.02981-24. Epub 2025 Feb 21. PMID: 39982069; PMCID: PMC11960432."
PMC11960432,MIC,2,mg/L,All these strains have an initial MIC of 2 mg/L.,Isolate 21,P. aeruginosa,ST13,clinically isolated,NaN,NaN,fleroxacin,Targeting efflux pumps prevents the multi-step evolution of high-level resistance to fluoroquinolone in Pseudomonas aeruginosa,"Yu X-Q, Yang H, Feng H-Z, Hou J, Tian J-Q, Niu S-M, You C-G, Tao X-Y, Zhang S-P, Wang Z-P, He Y-X. Targeting efflux pumps prevents the multi-step evolution of high-level resistance to fluoroquinolone in Pseudomonas aeruginosa. Microbiol Spectr. 2025 Apr;13(4):e0298124. doi: 10.1128/spectrum.02981-24. Epub 2025 Feb 21. PMID: 39982069; PMCID: PMC11960432."
PMC11960432,MIC,2,mg/L,All these strains have an initial MIC of 2 mg/L.,Isolate 22,P. aeruginosa,ST15,clinically isolated,NaN,NaN,fleroxacin,Targeting efflux pumps prevents the multi-step evolution of high-level resistance to fluoroquinolone in Pseudomonas aeruginosa,"Yu X-Q, Yang H, Feng H-Z, Hou J, Tian J-Q, Niu S-M, You C-G, Tao X-Y, Zhang S-P, Wang Z-P, He Y-X. Targeting efflux pumps prevents the multi-step evolution of high-level resistance to fluoroquinolone in Pseudomonas aeruginosa. Microbiol Spectr. 2025 Apr;13(4):e0298124. doi: 10.1128/spectrum.02981-24. Epub 2025 Feb 21. PMID: 39982069; PMCID: PMC11960432."
PMC11960432,frequency,at least 10%,NaN,We monitored the mutated genes that reached a frequency of at least 10% since these were likely to be under positive selection given the large population size (∼1011 cells at transfer).,Isolate 1,P. aeruginosa,PAO1,NaN,NaN,NaN,fleroxacin,Targeting efflux pumps prevents the multi-step evolution of high-level resistance to fluoroquinolone in Pseudomonas aeruginosa,"Yu X-Q, Yang H, Feng H-Z, Hou J, Tian J-Q, Niu S-M, You C-G, Tao X-Y, Zhang S-P, Wang Z-P, He Y-X. Targeting efflux pumps prevents the multi-step evolution of high-level resistance to fluoroquinolone in Pseudomonas aeruginosa. Microbiol Spectr. 2025 Apr;13(4):e0298124. doi: 10.1128/spectrum.02981-24. Epub 2025 Feb 21. PMID: 39982069; PMCID: PMC11960432."
PMC11960432,frequencies,>10%,NaN,"Mutations related to antibiotic resistance with frequencies >10% of each cycle in low-dose regimen were monitored, in which mutation frequencies of nalC, nalD, nfxB, gyrB were gradually increased and finally reached ~20%, indicating that low dose-induced resistant populations exhibited diverse genotypic profiles (Fig. 2C).",Isolate 1,P. aeruginosa,PAO1,NaN,NaN,NaN,fleroxacin,Targeting efflux pumps prevents the multi-step evolution of high-level resistance to fluoroquinolone in Pseudomonas aeruginosa,"Yu X-Q, Yang H, Feng H-Z, Hou J, Tian J-Q, Niu S-M, You C-G, Tao X-Y, Zhang S-P, Wang Z-P, He Y-X. Targeting efflux pumps prevents the multi-step evolution of high-level resistance to fluoroquinolone in Pseudomonas aeruginosa. Microbiol Spectr. 2025 Apr;13(4):e0298124. doi: 10.1128/spectrum.02981-24. Epub 2025 Feb 21. PMID: 39982069; PMCID: PMC11960432."
PMC11960432,mutation frequencies,~20%,NaN,"Mutations related to antibiotic resistance with frequencies >10% of each cycle in low-dose regimen were monitored, in which mutation frequencies of nalC, nalD, nfxB, gyrB were gradually increased and finally reached ~20%, indicating that low dose-induced resistant populations exhibited diverse genotypic profiles (Fig. 2C).",Isolate 1,P. aeruginosa,PAO1,NaN,NaN,NaN,fleroxacin,Targeting efflux pumps prevents the multi-step evolution of high-level resistance to fluoroquinolone in Pseudomonas aeruginosa,"Yu X-Q, Yang H, Feng H-Z, Hou J, Tian J-Q, Niu S-M, You C-G, Tao X-Y, Zhang S-P, Wang Z-P, He Y-X. Targeting efflux pumps prevents the multi-step evolution of high-level resistance to fluoroquinolone in Pseudomonas aeruginosa. Microbiol Spectr. 2025 Apr;13(4):e0298124. doi: 10.1128/spectrum.02981-24. Epub 2025 Feb 21. PMID: 39982069; PMCID: PMC11960432."
PMC11960432,frequencies,over 90%,NaN,"We next checked into the whole-genome sequencing from cycle 5 to 7 in the high-dose regimen, revealing multiple mutations with frequencies over 90%.",Isolate 1,P. aeruginosa,PAO1,NaN,NaN,NaN,fleroxacin,Targeting efflux pumps prevents the multi-step evolution of high-level resistance to fluoroquinolone in Pseudomonas aeruginosa,"Yu X-Q, Yang H, Feng H-Z, Hou J, Tian J-Q, Niu S-M, You C-G, Tao X-Y, Zhang S-P, Wang Z-P, He Y-X. Targeting efflux pumps prevents the multi-step evolution of high-level resistance to fluoroquinolone in Pseudomonas aeruginosa. Microbiol Spectr. 2025 Apr;13(4):e0298124. doi: 10.1128/spectrum.02981-24. Epub 2025 Feb 21. PMID: 39982069; PMCID: PMC11960432."
PMC11960432,mutation frequencies,nearly 100% percent,NaN,"The mutation frequencies of pilW and kinB are nearly 100% percent, mexR and gyrA (D87Y) are 76%, nfxB and gyrA (T83I) are 17%, and gyrB (S466F) is 6.5% (Table S3).",Isolate 1,P. aeruginosa,PAO1,NaN,NaN,NaN,fleroxacin,Targeting efflux pumps prevents the multi-step evolution of high-level resistance to fluoroquinolone in Pseudomonas aeruginosa,"Yu X-Q, Yang H, Feng H-Z, Hou J, Tian J-Q, Niu S-M, You C-G, Tao X-Y, Zhang S-P, Wang Z-P, He Y-X. Targeting efflux pumps prevents the multi-step evolution of high-level resistance to fluoroquinolone in Pseudomonas aeruginosa. Microbiol Spectr. 2025 Apr;13(4):e0298124. doi: 10.1128/spectrum.02981-24. Epub 2025 Feb 21. PMID: 39982069; PMCID: PMC11960432."
PMC11960432,mutation frequencies,76%,NaN,"The mutation frequencies of pilW and kinB are nearly 100% percent, mexR and gyrA (D87Y) are 76%, nfxB and gyrA (T83I) are 17%, and gyrB (S466F) is 6.5% (Table S3).",Isolate 1,P. aeruginosa,PAO1,NaN,NaN,NaN,fleroxacin,Targeting efflux pumps prevents the multi-step evolution of high-level resistance to fluoroquinolone in Pseudomonas aeruginosa,"Yu X-Q, Yang H, Feng H-Z, Hou J, Tian J-Q, Niu S-M, You C-G, Tao X-Y, Zhang S-P, Wang Z-P, He Y-X. Targeting efflux pumps prevents the multi-step evolution of high-level resistance to fluoroquinolone in Pseudomonas aeruginosa. Microbiol Spectr. 2025 Apr;13(4):e0298124. doi: 10.1128/spectrum.02981-24. Epub 2025 Feb 21. PMID: 39982069; PMCID: PMC11960432."
PMC11960432,mutation frequencies,17%,NaN,"The mutation frequencies of pilW and kinB are nearly 100% percent, mexR and gyrA (D87Y) are 76%, nfxB and gyrA (T83I) are 17%, and gyrB (S466F) is 6.5% (Table S3).",Isolate 1,P. aeruginosa,PAO1,NaN,NaN,NaN,fleroxacin,Targeting efflux pumps prevents the multi-step evolution of high-level resistance to fluoroquinolone in Pseudomonas aeruginosa,"Yu X-Q, Yang H, Feng H-Z, Hou J, Tian J-Q, Niu S-M, You C-G, Tao X-Y, Zhang S-P, Wang Z-P, He Y-X. Targeting efflux pumps prevents the multi-step evolution of high-level resistance to fluoroquinolone in Pseudomonas aeruginosa. Microbiol Spectr. 2025 Apr;13(4):e0298124. doi: 10.1128/spectrum.02981-24. Epub 2025 Feb 21. PMID: 39982069; PMCID: PMC11960432."
PMC11960432,mutation frequencies,6.50%,NaN,"The mutation frequencies of pilW and kinB are nearly 100% percent, mexR and gyrA (D87Y) are 76%, nfxB and gyrA (T83I) are 17%, and gyrB (S466F) is 6.5% (Table S3).",Isolate 1,P. aeruginosa,PAO1,NaN,NaN,NaN,fleroxacin,Targeting efflux pumps prevents the multi-step evolution of high-level resistance to fluoroquinolone in Pseudomonas aeruginosa,"Yu X-Q, Yang H, Feng H-Z, Hou J, Tian J-Q, Niu S-M, You C-G, Tao X-Y, Zhang S-P, Wang Z-P, He Y-X. Targeting efflux pumps prevents the multi-step evolution of high-level resistance to fluoroquinolone in Pseudomonas aeruginosa. Microbiol Spectr. 2025 Apr;13(4):e0298124. doi: 10.1128/spectrum.02981-24. Epub 2025 Feb 21. PMID: 39982069; PMCID: PMC11960432."
PMC11960432,frequency,more than 90%,NaN,"Our sequencing data indicate that the frequency of nfxB mutations reached more than 90% in cycle 5, whereas the frequency of gyrA and gyrB mutations is below 20%, suggesting that the high tolerance may be contributed by the nfxB mutations rather than the gyrA/gyrB mutations (Fig. 2D).",Isolate 1,P. aeruginosa,PAO1,NaN,NaN,NaN,fleroxacin,Targeting efflux pumps prevents the multi-step evolution of high-level resistance to fluoroquinolone in Pseudomonas aeruginosa,"Yu X-Q, Yang H, Feng H-Z, Hou J, Tian J-Q, Niu S-M, You C-G, Tao X-Y, Zhang S-P, Wang Z-P, He Y-X. Targeting efflux pumps prevents the multi-step evolution of high-level resistance to fluoroquinolone in Pseudomonas aeruginosa. Microbiol Spectr. 2025 Apr;13(4):e0298124. doi: 10.1128/spectrum.02981-24. Epub 2025 Feb 21. PMID: 39982069; PMCID: PMC11960432."
PMC11960432,frequency,below 20%,NaN,"Our sequencing data indicate that the frequency of nfxB mutations reached more than 90% in cycle 5, whereas the frequency of gyrA and gyrB mutations is below 20%, suggesting that the high tolerance may be contributed by the nfxB mutations rather than the gyrA/gyrB mutations (Fig. 2D).",Isolate 1,P. aeruginosa,PAO1,NaN,NaN,NaN,fleroxacin,Targeting efflux pumps prevents the multi-step evolution of high-level resistance to fluoroquinolone in Pseudomonas aeruginosa,"Yu X-Q, Yang H, Feng H-Z, Hou J, Tian J-Q, Niu S-M, You C-G, Tao X-Y, Zhang S-P, Wang Z-P, He Y-X. Targeting efflux pumps prevents the multi-step evolution of high-level resistance to fluoroquinolone in Pseudomonas aeruginosa. Microbiol Spectr. 2025 Apr;13(4):e0298124. doi: 10.1128/spectrum.02981-24. Epub 2025 Feb 21. PMID: 39982069; PMCID: PMC11960432."
PMC11960432,frequency,more than 85%,NaN,"In contrast, in all three of the re-evolved populations, the frequency of nfxB mutation was more than 85%, further supporting the role of nfxB in antibiotic tolerance (Fig. 4D).",Isolate 1,P. aeruginosa,PAO1,NaN,NaN,NaN,fleroxacin,Targeting efflux pumps prevents the multi-step evolution of high-level resistance to fluoroquinolone in Pseudomonas aeruginosa,"Yu X-Q, Yang H, Feng H-Z, Hou J, Tian J-Q, Niu S-M, You C-G, Tao X-Y, Zhang S-P, Wang Z-P, He Y-X. Targeting efflux pumps prevents the multi-step evolution of high-level resistance to fluoroquinolone in Pseudomonas aeruginosa. Microbiol Spectr. 2025 Apr;13(4):e0298124. doi: 10.1128/spectrum.02981-24. Epub 2025 Feb 21. PMID: 39982069; PMCID: PMC11960432."
PMC11960432,nfxB mutation frequencies,95% versus 20%,NaN,"Remarkably, MexCD-OprJ production was elevated by over 1,000-fold in high-dose-evolved populations and 32-fold in low-dose-evolved populations, correlating with nfxB mutation frequencies (95% versus 20%) (Fig. 2B).",Isolate 1,P. aeruginosa,PAO1,NaN,NaN,NaN,fleroxacin,Targeting efflux pumps prevents the multi-step evolution of high-level resistance to fluoroquinolone in Pseudomonas aeruginosa,"Yu X-Q, Yang H, Feng H-Z, Hou J, Tian J-Q, Niu S-M, You C-G, Tao X-Y, Zhang S-P, Wang Z-P, He Y-X. Targeting efflux pumps prevents the multi-step evolution of high-level resistance to fluoroquinolone in Pseudomonas aeruginosa. Microbiol Spectr. 2025 Apr;13(4):e0298124. doi: 10.1128/spectrum.02981-24. Epub 2025 Feb 21. PMID: 39982069; PMCID: PMC11960432."
PMC11960432,mutation frequencies,100%,NaN,"It is interesting to note that all three of the re-evolved populations had mutation frequencies of 100% for gyrA (D87Y), suggesting re-evolved the low-dose selected population using the high-dose treatment regimen would drive the evolution of high-tolerance and high-resistance phenotype.",Isolate 23,P. aeruginosa,PAO1,NaN,gyrA (D87Y),NaN,fleroxacin,Targeting efflux pumps prevents the multi-step evolution of high-level resistance to fluoroquinolone in Pseudomonas aeruginosa,"Yu X-Q, Yang H, Feng H-Z, Hou J, Tian J-Q, Niu S-M, You C-G, Tao X-Y, Zhang S-P, Wang Z-P, He Y-X. Targeting efflux pumps prevents the multi-step evolution of high-level resistance to fluoroquinolone in Pseudomonas aeruginosa. Microbiol Spectr. 2025 Apr;13(4):e0298124. doi: 10.1128/spectrum.02981-24. Epub 2025 Feb 21. PMID: 39982069; PMCID: PMC11960432."
PMC11823630,RW01 MIC,"1,024",NaN,Table - PMC,Isolate 1,P. aeruginosa,41A,Wild-type clinical isolate,–,NaN,RW01,"In vitro potentiation of tetracyclines in Pseudomonas aeruginosa by RW01, a new cyclic peptide","Roson-Calero N, Gomis Font MA, Ruiz-Soriano A, Just-Baringo X, Pachón-Ibáñez ME, Salvador JP, Marco MP, Giralt E, Oliver A, Ballesté-Delpierre C, Vila J. In vitro potentiation of tetracyclines in Pseudomonas aeruginosa by RW01, a new cyclic peptide. Antimicrob Agents Chemother. 2025 Feb 13;69(2):e0145924. doi: 10.1128/aac.01459-24. Epub 2024 Dec 23. PMID: 39714156; PMCID: PMC11823630."
PMC11823630,RW01 MIC,"1,024",NaN,Table - PMC,Isolate 2,P. aeruginosa,41B,Isolated after treatment with meropenem,Deletion in mexZ (C595–C605).Insertions and deletions.,NaN,RW01,"In vitro potentiation of tetracyclines in Pseudomonas aeruginosa by RW01, a new cyclic peptide","Roson-Calero N, Gomis Font MA, Ruiz-Soriano A, Just-Baringo X, Pachón-Ibáñez ME, Salvador JP, Marco MP, Giralt E, Oliver A, Ballesté-Delpierre C, Vila J. In vitro potentiation of tetracyclines in Pseudomonas aeruginosa by RW01, a new cyclic peptide. Antimicrob Agents Chemother. 2025 Feb 13;69(2):e0145924. doi: 10.1128/aac.01459-24. Epub 2024 Dec 23. PMID: 39714156; PMCID: PMC11823630."
PMC11823630,RW01 MIC,512,NaN,Table - PMC,Isolate 3,P. aeruginosa,125A,Wild-type clinical isolate,–,NaN,RW01,"In vitro potentiation of tetracyclines in Pseudomonas aeruginosa by RW01, a new cyclic peptide","Roson-Calero N, Gomis Font MA, Ruiz-Soriano A, Just-Baringo X, Pachón-Ibáñez ME, Salvador JP, Marco MP, Giralt E, Oliver A, Ballesté-Delpierre C, Vila J. In vitro potentiation of tetracyclines in Pseudomonas aeruginosa by RW01, a new cyclic peptide. Antimicrob Agents Chemother. 2025 Feb 13;69(2):e0145924. doi: 10.1128/aac.01459-24. Epub 2024 Dec 23. PMID: 39714156; PMCID: PMC11823630."
PMC11823630,RW01 MIC,512,NaN,Table - PMC,Isolate 4,P. aeruginosa,125B,Isolated after treatment with ceftazidime and meropenem,Mutation in mexR (MexR T98I),NaN,RW01,"In vitro potentiation of tetracyclines in Pseudomonas aeruginosa by RW01, a new cyclic peptide","Roson-Calero N, Gomis Font MA, Ruiz-Soriano A, Just-Baringo X, Pachón-Ibáñez ME, Salvador JP, Marco MP, Giralt E, Oliver A, Ballesté-Delpierre C, Vila J. In vitro potentiation of tetracyclines in Pseudomonas aeruginosa by RW01, a new cyclic peptide. Antimicrob Agents Chemother. 2025 Feb 13;69(2):e0145924. doi: 10.1128/aac.01459-24. Epub 2024 Dec 23. PMID: 39714156; PMCID: PMC11823630."
PMC11823630,RW01 MIC,512,NaN,Table - PMC,Isolate 5,P. aeruginosa,PAO1,Wild-type reference strain,–,NaN,RW01,"In vitro potentiation of tetracyclines in Pseudomonas aeruginosa by RW01, a new cyclic peptide","Roson-Calero N, Gomis Font MA, Ruiz-Soriano A, Just-Baringo X, Pachón-Ibáñez ME, Salvador JP, Marco MP, Giralt E, Oliver A, Ballesté-Delpierre C, Vila J. In vitro potentiation of tetracyclines in Pseudomonas aeruginosa by RW01, a new cyclic peptide. Antimicrob Agents Chemother. 2025 Feb 13;69(2):e0145924. doi: 10.1128/aac.01459-24. Epub 2024 Dec 23. PMID: 39714156; PMCID: PMC11823630."
PMC11823630,RW01 MIC,"1,024",NaN,Table - PMC,Isolate 6,P. aeruginosa,PAOΔoprM,NaN,NaN,NaN,RW01,"In vitro potentiation of tetracyclines in Pseudomonas aeruginosa by RW01, a new cyclic peptide","Roson-Calero N, Gomis Font MA, Ruiz-Soriano A, Just-Baringo X, Pachón-Ibáñez ME, Salvador JP, Marco MP, Giralt E, Oliver A, Ballesté-Delpierre C, Vila J. In vitro potentiation of tetracyclines in Pseudomonas aeruginosa by RW01, a new cyclic peptide. Antimicrob Agents Chemother. 2025 Feb 13;69(2):e0145924. doi: 10.1128/aac.01459-24. Epub 2024 Dec 23. PMID: 39714156; PMCID: PMC11823630."
PMC11823630,RW01 MIC,"1,024",NaN,Table - PMC,Isolate 7,P. aeruginosa,PAOΔmexR,NaN,NaN,NaN,RW01,"In vitro potentiation of tetracyclines in Pseudomonas aeruginosa by RW01, a new cyclic peptide","Roson-Calero N, Gomis Font MA, Ruiz-Soriano A, Just-Baringo X, Pachón-Ibáñez ME, Salvador JP, Marco MP, Giralt E, Oliver A, Ballesté-Delpierre C, Vila J. In vitro potentiation of tetracyclines in Pseudomonas aeruginosa by RW01, a new cyclic peptide. Antimicrob Agents Chemother. 2025 Feb 13;69(2):e0145924. doi: 10.1128/aac.01459-24. Epub 2024 Dec 23. PMID: 39714156; PMCID: PMC11823630."
PMC11823630,RW01 MIC,"1,024",NaN,Table - PMC,Isolate 8,P. aeruginosa,PAOΔmexZ,NaN,NaN,NaN,RW01,"In vitro potentiation of tetracyclines in Pseudomonas aeruginosa by RW01, a new cyclic peptide","Roson-Calero N, Gomis Font MA, Ruiz-Soriano A, Just-Baringo X, Pachón-Ibáñez ME, Salvador JP, Marco MP, Giralt E, Oliver A, Ballesté-Delpierre C, Vila J. In vitro potentiation of tetracyclines in Pseudomonas aeruginosa by RW01, a new cyclic peptide. Antimicrob Agents Chemother. 2025 Feb 13;69(2):e0145924. doi: 10.1128/aac.01459-24. Epub 2024 Dec 23. PMID: 39714156; PMCID: PMC11823630."
PMC11823630,RW01 MIC,"1,024",NaN,Table - PMC,Isolate 9,P. aeruginosa,PAOUW,Wild-type reference strain,–,NaN,RW01,"In vitro potentiation of tetracyclines in Pseudomonas aeruginosa by RW01, a new cyclic peptide","Roson-Calero N, Gomis Font MA, Ruiz-Soriano A, Just-Baringo X, Pachón-Ibáñez ME, Salvador JP, Marco MP, Giralt E, Oliver A, Ballesté-Delpierre C, Vila J. In vitro potentiation of tetracyclines in Pseudomonas aeruginosa by RW01, a new cyclic peptide. Antimicrob Agents Chemother. 2025 Feb 13;69(2):e0145924. doi: 10.1128/aac.01459-24. Epub 2024 Dec 23. PMID: 39714156; PMCID: PMC11823630."
PMC11823630,RW01 MIC,"1,024",NaN,Table - PMC,Isolate 10,P. aeruginosa,PAOΔoprF,NaN,NaN,NaN,RW01,"In vitro potentiation of tetracyclines in Pseudomonas aeruginosa by RW01, a new cyclic peptide","Roson-Calero N, Gomis Font MA, Ruiz-Soriano A, Just-Baringo X, Pachón-Ibáñez ME, Salvador JP, Marco MP, Giralt E, Oliver A, Ballesté-Delpierre C, Vila J. In vitro potentiation of tetracyclines in Pseudomonas aeruginosa by RW01, a new cyclic peptide. Antimicrob Agents Chemother. 2025 Feb 13;69(2):e0145924. doi: 10.1128/aac.01459-24. Epub 2024 Dec 23. PMID: 39714156; PMCID: PMC11823630."
PMC11823630,Antibiotic MIC,16,NaN,Table - PMC,Isolate 11,P. aeruginosa,41A,Wild-type clinical isolate,–,NaN,Doxycycline,"In vitro potentiation of tetracyclines in Pseudomonas aeruginosa by RW01, a new cyclic peptide","Roson-Calero N, Gomis Font MA, Ruiz-Soriano A, Just-Baringo X, Pachón-Ibáñez ME, Salvador JP, Marco MP, Giralt E, Oliver A, Ballesté-Delpierre C, Vila J. In vitro potentiation of tetracyclines in Pseudomonas aeruginosa by RW01, a new cyclic peptide. Antimicrob Agents Chemother. 2025 Feb 13;69(2):e0145924. doi: 10.1128/aac.01459-24. Epub 2024 Dec 23. PMID: 39714156; PMCID: PMC11823630."
PMC11823630,Antibiotic MIC + RW01 100 mg/L,2,NaN,Table - PMC,Isolate 12,P. aeruginosa,41A,Wild-type clinical isolate,–,NaN,Doxycycline + RW01 100 mg/L,"In vitro potentiation of tetracyclines in Pseudomonas aeruginosa by RW01, a new cyclic peptide","Roson-Calero N, Gomis Font MA, Ruiz-Soriano A, Just-Baringo X, Pachón-Ibáñez ME, Salvador JP, Marco MP, Giralt E, Oliver A, Ballesté-Delpierre C, Vila J. In vitro potentiation of tetracyclines in Pseudomonas aeruginosa by RW01, a new cyclic peptide. Antimicrob Agents Chemother. 2025 Feb 13;69(2):e0145924. doi: 10.1128/aac.01459-24. Epub 2024 Dec 23. PMID: 39714156; PMCID: PMC11823630."
PMC11823630,Antibiotic MIC,16,NaN,Table - PMC,Isolate 13,P. aeruginosa,41B,Isolated after treatment with meropenem,Deletion in mexZ (C595–C605).Insertions and deletions.,NaN,Doxycycline,"In vitro potentiation of tetracyclines in Pseudomonas aeruginosa by RW01, a new cyclic peptide","Roson-Calero N, Gomis Font MA, Ruiz-Soriano A, Just-Baringo X, Pachón-Ibáñez ME, Salvador JP, Marco MP, Giralt E, Oliver A, Ballesté-Delpierre C, Vila J. In vitro potentiation of tetracyclines in Pseudomonas aeruginosa by RW01, a new cyclic peptide. Antimicrob Agents Chemother. 2025 Feb 13;69(2):e0145924. doi: 10.1128/aac.01459-24. Epub 2024 Dec 23. PMID: 39714156; PMCID: PMC11823630."
PMC11823630,Antibiotic MIC + RW01 100 mg/L,2,NaN,Table - PMC,Isolate 14,P. aeruginosa,41B,Isolated after treatment with meropenem,Deletion in mexZ (C595–C605).Insertions and deletions.,NaN,Doxycycline + RW01 100 mg/L,"In vitro potentiation of tetracyclines in Pseudomonas aeruginosa by RW01, a new cyclic peptide","Roson-Calero N, Gomis Font MA, Ruiz-Soriano A, Just-Baringo X, Pachón-Ibáñez ME, Salvador JP, Marco MP, Giralt E, Oliver A, Ballesté-Delpierre C, Vila J. In vitro potentiation of tetracyclines in Pseudomonas aeruginosa by RW01, a new cyclic peptide. Antimicrob Agents Chemother. 2025 Feb 13;69(2):e0145924. doi: 10.1128/aac.01459-24. Epub 2024 Dec 23. PMID: 39714156; PMCID: PMC11823630."
PMC11823630,Antibiotic MIC,4,NaN,Table - PMC,Isolate 15,P. aeruginosa,125A,Wild-type clinical isolate,–,NaN,Doxycycline,"In vitro potentiation of tetracyclines in Pseudomonas aeruginosa by RW01, a new cyclic peptide","Roson-Calero N, Gomis Font MA, Ruiz-Soriano A, Just-Baringo X, Pachón-Ibáñez ME, Salvador JP, Marco MP, Giralt E, Oliver A, Ballesté-Delpierre C, Vila J. In vitro potentiation of tetracyclines in Pseudomonas aeruginosa by RW01, a new cyclic peptide. Antimicrob Agents Chemother. 2025 Feb 13;69(2):e0145924. doi: 10.1128/aac.01459-24. Epub 2024 Dec 23. PMID: 39714156; PMCID: PMC11823630."
PMC11823630,Antibiotic MIC + RW01 100 mg/L,0.5,NaN,Table - PMC,Isolate 16,P. aeruginosa,125A,Wild-type clinical isolate,–,NaN,Doxycycline + RW01 100 mg/L,"In vitro potentiation of tetracyclines in Pseudomonas aeruginosa by RW01, a new cyclic peptide","Roson-Calero N, Gomis Font MA, Ruiz-Soriano A, Just-Baringo X, Pachón-Ibáñez ME, Salvador JP, Marco MP, Giralt E, Oliver A, Ballesté-Delpierre C, Vila J. In vitro potentiation of tetracyclines in Pseudomonas aeruginosa by RW01, a new cyclic peptide. Antimicrob Agents Chemother. 2025 Feb 13;69(2):e0145924. doi: 10.1128/aac.01459-24. Epub 2024 Dec 23. PMID: 39714156; PMCID: PMC11823630."
PMC11823630,Antibiotic MIC,4,NaN,Table - PMC,Isolate 17,P. aeruginosa,125B,Isolated after treatment with ceftazidime and meropenem,Mutation in mexR (MexR T98I),NaN,Doxycycline,"In vitro potentiation of tetracyclines in Pseudomonas aeruginosa by RW01, a new cyclic peptide","Roson-Calero N, Gomis Font MA, Ruiz-Soriano A, Just-Baringo X, Pachón-Ibáñez ME, Salvador JP, Marco MP, Giralt E, Oliver A, Ballesté-Delpierre C, Vila J. In vitro potentiation of tetracyclines in Pseudomonas aeruginosa by RW01, a new cyclic peptide. Antimicrob Agents Chemother. 2025 Feb 13;69(2):e0145924. doi: 10.1128/aac.01459-24. Epub 2024 Dec 23. PMID: 39714156; PMCID: PMC11823630."
PMC11823630,Antibiotic MIC + RW01 100 mg/L,0.5,NaN,Table - PMC,Isolate 18,P. aeruginosa,125B,Isolated after treatment with ceftazidime and meropenem,Mutation in mexR (MexR T98I),NaN,Doxycycline + RW01 100 mg/L,"In vitro potentiation of tetracyclines in Pseudomonas aeruginosa by RW01, a new cyclic peptide","Roson-Calero N, Gomis Font MA, Ruiz-Soriano A, Just-Baringo X, Pachón-Ibáñez ME, Salvador JP, Marco MP, Giralt E, Oliver A, Ballesté-Delpierre C, Vila J. In vitro potentiation of tetracyclines in Pseudomonas aeruginosa by RW01, a new cyclic peptide. Antimicrob Agents Chemother. 2025 Feb 13;69(2):e0145924. doi: 10.1128/aac.01459-24. Epub 2024 Dec 23. PMID: 39714156; PMCID: PMC11823630."
PMC11823630,Antibiotic MIC,16,NaN,Table - PMC,Isolate 19,P. aeruginosa,PAO1,Wild-type reference strain,–,NaN,Doxycycline,"In vitro potentiation of tetracyclines in Pseudomonas aeruginosa by RW01, a new cyclic peptide","Roson-Calero N, Gomis Font MA, Ruiz-Soriano A, Just-Baringo X, Pachón-Ibáñez ME, Salvador JP, Marco MP, Giralt E, Oliver A, Ballesté-Delpierre C, Vila J. In vitro potentiation of tetracyclines in Pseudomonas aeruginosa by RW01, a new cyclic peptide. Antimicrob Agents Chemother. 2025 Feb 13;69(2):e0145924. doi: 10.1128/aac.01459-24. Epub 2024 Dec 23. PMID: 39714156; PMCID: PMC11823630."
PMC11823630,Antibiotic MIC + RW01 100 mg/L,1,NaN,Table - PMC,Isolate 20,P. aeruginosa,PAO1,Wild-type reference strain,–,NaN,Doxycycline + RW01 100 mg/L,"In vitro potentiation of tetracyclines in Pseudomonas aeruginosa by RW01, a new cyclic peptide","Roson-Calero N, Gomis Font MA, Ruiz-Soriano A, Just-Baringo X, Pachón-Ibáñez ME, Salvador JP, Marco MP, Giralt E, Oliver A, Ballesté-Delpierre C, Vila J. In vitro potentiation of tetracyclines in Pseudomonas aeruginosa by RW01, a new cyclic peptide. Antimicrob Agents Chemother. 2025 Feb 13;69(2):e0145924. doi: 10.1128/aac.01459-24. Epub 2024 Dec 23. PMID: 39714156; PMCID: PMC11823630."
PMC11823630,Antibiotic MIC,0.5,NaN,Table - PMC,Isolate 21,P. aeruginosa,PAOΔoprM,NaN,NaN,NaN,Doxycycline,"In vitro potentiation of tetracyclines in Pseudomonas aeruginosa by RW01, a new cyclic peptide","Roson-Calero N, Gomis Font MA, Ruiz-Soriano A, Just-Baringo X, Pachón-Ibáñez ME, Salvador JP, Marco MP, Giralt E, Oliver A, Ballesté-Delpierre C, Vila J. In vitro potentiation of tetracyclines in Pseudomonas aeruginosa by RW01, a new cyclic peptide. Antimicrob Agents Chemother. 2025 Feb 13;69(2):e0145924. doi: 10.1128/aac.01459-24. Epub 2024 Dec 23. PMID: 39714156; PMCID: PMC11823630."
PMC11823630,Antibiotic MIC + RW01 100 mg/L,0.125,NaN,Table - PMC,Isolate 22,P. aeruginosa,PAOΔoprM,NaN,NaN,NaN,Doxycycline + RW01 100 mg/L,"In vitro potentiation of tetracyclines in Pseudomonas aeruginosa by RW01, a new cyclic peptide","Roson-Calero N, Gomis Font MA, Ruiz-Soriano A, Just-Baringo X, Pachón-Ibáñez ME, Salvador JP, Marco MP, Giralt E, Oliver A, Ballesté-Delpierre C, Vila J. In vitro potentiation of tetracyclines in Pseudomonas aeruginosa by RW01, a new cyclic peptide. Antimicrob Agents Chemother. 2025 Feb 13;69(2):e0145924. doi: 10.1128/aac.01459-24. Epub 2024 Dec 23. PMID: 39714156; PMCID: PMC11823630."
PMC11823630,Antibiotic MIC,64,NaN,Table - PMC,Isolate 23,P. aeruginosa,PAOΔmexR,NaN,NaN,NaN,Doxycycline,"In vitro potentiation of tetracyclines in Pseudomonas aeruginosa by RW01, a new cyclic peptide","Roson-Calero N, Gomis Font MA, Ruiz-Soriano A, Just-Baringo X, Pachón-Ibáñez ME, Salvador JP, Marco MP, Giralt E, Oliver A, Ballesté-Delpierre C, Vila J. In vitro potentiation of tetracyclines in Pseudomonas aeruginosa by RW01, a new cyclic peptide. Antimicrob Agents Chemother. 2025 Feb 13;69(2):e0145924. doi: 10.1128/aac.01459-24. Epub 2024 Dec 23. PMID: 39714156; PMCID: PMC11823630."
PMC11823630,Antibiotic MIC + RW01 100 mg/L,32,NaN,Table - PMC,Isolate 24,P. aeruginosa,PAOΔmexR,NaN,NaN,NaN,Doxycycline + RW01 100 mg/L,"In vitro potentiation of tetracyclines in Pseudomonas aeruginosa by RW01, a new cyclic peptide","Roson-Calero N, Gomis Font MA, Ruiz-Soriano A, Just-Baringo X, Pachón-Ibáñez ME, Salvador JP, Marco MP, Giralt E, Oliver A, Ballesté-Delpierre C, Vila J. In vitro potentiation of tetracyclines in Pseudomonas aeruginosa by RW01, a new cyclic peptide. Antimicrob Agents Chemother. 2025 Feb 13;69(2):e0145924. doi: 10.1128/aac.01459-24. Epub 2024 Dec 23. PMID: 39714156; PMCID: PMC11823630."
PMC11823630,Antibiotic MIC,64,NaN,Table - PMC,Isolate 25,P. aeruginosa,PAOΔmexZ,NaN,NaN,NaN,Doxycycline,"In vitro potentiation of tetracyclines in Pseudomonas aeruginosa by RW01, a new cyclic peptide","Roson-Calero N, Gomis Font MA, Ruiz-Soriano A, Just-Baringo X, Pachón-Ibáñez ME, Salvador JP, Marco MP, Giralt E, Oliver A, Ballesté-Delpierre C, Vila J. In vitro potentiation of tetracyclines in Pseudomonas aeruginosa by RW01, a new cyclic peptide. Antimicrob Agents Chemother. 2025 Feb 13;69(2):e0145924. doi: 10.1128/aac.01459-24. Epub 2024 Dec 23. PMID: 39714156; PMCID: PMC11823630."
PMC11823630,Antibiotic MIC + RW01 100 mg/L,4,NaN,Table - PMC,Isolate 26,P. aeruginosa,PAOΔmexZ,NaN,NaN,NaN,Doxycycline + RW01 100 mg/L,"In vitro potentiation of tetracyclines in Pseudomonas aeruginosa by RW01, a new cyclic peptide","Roson-Calero N, Gomis Font MA, Ruiz-Soriano A, Just-Baringo X, Pachón-Ibáñez ME, Salvador JP, Marco MP, Giralt E, Oliver A, Ballesté-Delpierre C, Vila J. In vitro potentiation of tetracyclines in Pseudomonas aeruginosa by RW01, a new cyclic peptide. Antimicrob Agents Chemother. 2025 Feb 13;69(2):e0145924. doi: 10.1128/aac.01459-24. Epub 2024 Dec 23. PMID: 39714156; PMCID: PMC11823630."
PMC11823630,Antibiotic MIC,32,NaN,Table - PMC,Isolate 27,P. aeruginosa,PAOUW,Wild-type reference strain,–,NaN,Doxycycline,"In vitro potentiation of tetracyclines in Pseudomonas aeruginosa by RW01, a new cyclic peptide","Roson-Calero N, Gomis Font MA, Ruiz-Soriano A, Just-Baringo X, Pachón-Ibáñez ME, Salvador JP, Marco MP, Giralt E, Oliver A, Ballesté-Delpierre C, Vila J. In vitro potentiation of tetracyclines in Pseudomonas aeruginosa by RW01, a new cyclic peptide. Antimicrob Agents Chemother. 2025 Feb 13;69(2):e0145924. doi: 10.1128/aac.01459-24. Epub 2024 Dec 23. PMID: 39714156; PMCID: PMC11823630."
PMC11823630,Antibiotic MIC + RW01 100 mg/L,4,NaN,Table - PMC,Isolate 28,P. aeruginosa,PAOUW,Wild-type reference strain,–,NaN,Doxycycline + RW01 100 mg/L,"In vitro potentiation of tetracyclines in Pseudomonas aeruginosa by RW01, a new cyclic peptide","Roson-Calero N, Gomis Font MA, Ruiz-Soriano A, Just-Baringo X, Pachón-Ibáñez ME, Salvador JP, Marco MP, Giralt E, Oliver A, Ballesté-Delpierre C, Vila J. In vitro potentiation of tetracyclines in Pseudomonas aeruginosa by RW01, a new cyclic peptide. Antimicrob Agents Chemother. 2025 Feb 13;69(2):e0145924. doi: 10.1128/aac.01459-24. Epub 2024 Dec 23. PMID: 39714156; PMCID: PMC11823630."
PMC11823630,Antibiotic MIC,16,NaN,Table - PMC,Isolate 29,P. aeruginosa,PAOΔoprF,NaN,NaN,NaN,Doxycycline,"In vitro potentiation of tetracyclines in Pseudomonas aeruginosa by RW01, a new cyclic peptide","Roson-Calero N, Gomis Font MA, Ruiz-Soriano A, Just-Baringo X, Pachón-Ibáñez ME, Salvador JP, Marco MP, Giralt E, Oliver A, Ballesté-Delpierre C, Vila J. In vitro potentiation of tetracyclines in Pseudomonas aeruginosa by RW01, a new cyclic peptide. Antimicrob Agents Chemother. 2025 Feb 13;69(2):e0145924. doi: 10.1128/aac.01459-24. Epub 2024 Dec 23. PMID: 39714156; PMCID: PMC11823630."
PMC11823630,Antibiotic MIC + RW01 100 mg/L,1,NaN,Table - PMC,Isolate 30,P. aeruginosa,PAOΔoprF,NaN,NaN,NaN,Doxycycline + RW01 100 mg/L,"In vitro potentiation of tetracyclines in Pseudomonas aeruginosa by RW01, a new cyclic peptide","Roson-Calero N, Gomis Font MA, Ruiz-Soriano A, Just-Baringo X, Pachón-Ibáñez ME, Salvador JP, Marco MP, Giralt E, Oliver A, Ballesté-Delpierre C, Vila J. In vitro potentiation of tetracyclines in Pseudomonas aeruginosa by RW01, a new cyclic peptide. Antimicrob Agents Chemother. 2025 Feb 13;69(2):e0145924. doi: 10.1128/aac.01459-24. Epub 2024 Dec 23. PMID: 39714156; PMCID: PMC11823630."
PMC11823630,Antibiotic MIC,8,NaN,Table - PMC,Isolate 31,P. aeruginosa,41A,Wild-type clinical isolate,–,NaN,Minocycline,"In vitro potentiation of tetracyclines in Pseudomonas aeruginosa by RW01, a new cyclic peptide","Roson-Calero N, Gomis Font MA, Ruiz-Soriano A, Just-Baringo X, Pachón-Ibáñez ME, Salvador JP, Marco MP, Giralt E, Oliver A, Ballesté-Delpierre C, Vila J. In vitro potentiation of tetracyclines in Pseudomonas aeruginosa by RW01, a new cyclic peptide. Antimicrob Agents Chemother. 2025 Feb 13;69(2):e0145924. doi: 10.1128/aac.01459-24. Epub 2024 Dec 23. PMID: 39714156; PMCID: PMC11823630."
PMC11823630,Antibiotic MIC + RW01 100 mg/L,2,NaN,Table - PMC,Isolate 32,P. aeruginosa,41A,Wild-type clinical isolate,–,NaN,Minocycline + RW01 100 mg/L,"In vitro potentiation of tetracyclines in Pseudomonas aeruginosa by RW01, a new cyclic peptide","Roson-Calero N, Gomis Font MA, Ruiz-Soriano A, Just-Baringo X, Pachón-Ibáñez ME, Salvador JP, Marco MP, Giralt E, Oliver A, Ballesté-Delpierre C, Vila J. In vitro potentiation of tetracyclines in Pseudomonas aeruginosa by RW01, a new cyclic peptide. Antimicrob Agents Chemother. 2025 Feb 13;69(2):e0145924. doi: 10.1128/aac.01459-24. Epub 2024 Dec 23. PMID: 39714156; PMCID: PMC11823630."
PMC11823630,Antibiotic MIC,16,NaN,Table - PMC,Isolate 33,P. aeruginosa,41B,Isolated after treatment with meropenem,Deletion in mexZ (C595–C605).Insertions and deletions.,NaN,Minocycline,"In vitro potentiation of tetracyclines in Pseudomonas aeruginosa by RW01, a new cyclic peptide","Roson-Calero N, Gomis Font MA, Ruiz-Soriano A, Just-Baringo X, Pachón-Ibáñez ME, Salvador JP, Marco MP, Giralt E, Oliver A, Ballesté-Delpierre C, Vila J. In vitro potentiation of tetracyclines in Pseudomonas aeruginosa by RW01, a new cyclic peptide. Antimicrob Agents Chemother. 2025 Feb 13;69(2):e0145924. doi: 10.1128/aac.01459-24. Epub 2024 Dec 23. PMID: 39714156; PMCID: PMC11823630."
PMC11823630,Antibiotic MIC + RW01 100 mg/L,2,NaN,Table - PMC,Isolate 34,P. aeruginosa,41B,Isolated after treatment with meropenem,Deletion in mexZ (C595–C605).Insertions and deletions.,NaN,Minocycline + RW01 100 mg/L,"In vitro potentiation of tetracyclines in Pseudomonas aeruginosa by RW01, a new cyclic peptide","Roson-Calero N, Gomis Font MA, Ruiz-Soriano A, Just-Baringo X, Pachón-Ibáñez ME, Salvador JP, Marco MP, Giralt E, Oliver A, Ballesté-Delpierre C, Vila J. In vitro potentiation of tetracyclines in Pseudomonas aeruginosa by RW01, a new cyclic peptide. Antimicrob Agents Chemother. 2025 Feb 13;69(2):e0145924. doi: 10.1128/aac.01459-24. Epub 2024 Dec 23. PMID: 39714156; PMCID: PMC11823630."
PMC11823630,Antibiotic MIC,8,NaN,Table - PMC,Isolate 35,P. aeruginosa,125A,Wild-type clinical isolate,–,NaN,Minocycline,"In vitro potentiation of tetracyclines in Pseudomonas aeruginosa by RW01, a new cyclic peptide","Roson-Calero N, Gomis Font MA, Ruiz-Soriano A, Just-Baringo X, Pachón-Ibáñez ME, Salvador JP, Marco MP, Giralt E, Oliver A, Ballesté-Delpierre C, Vila J. In vitro potentiation of tetracyclines in Pseudomonas aeruginosa by RW01, a new cyclic peptide. Antimicrob Agents Chemother. 2025 Feb 13;69(2):e0145924. doi: 10.1128/aac.01459-24. Epub 2024 Dec 23. PMID: 39714156; PMCID: PMC11823630."
PMC11823630,Antibiotic MIC + RW01 100 mg/L,1,NaN,Table - PMC,Isolate 36,P. aeruginosa,125A,Wild-type clinical isolate,–,NaN,Minocycline + RW01 100 mg/L,"In vitro potentiation of tetracyclines in Pseudomonas aeruginosa by RW01, a new cyclic peptide","Roson-Calero N, Gomis Font MA, Ruiz-Soriano A, Just-Baringo X, Pachón-Ibáñez ME, Salvador JP, Marco MP, Giralt E, Oliver A, Ballesté-Delpierre C, Vila J. In vitro potentiation of tetracyclines in Pseudomonas aeruginosa by RW01, a new cyclic peptide. Antimicrob Agents Chemother. 2025 Feb 13;69(2):e0145924. doi: 10.1128/aac.01459-24. Epub 2024 Dec 23. PMID: 39714156; PMCID: PMC11823630."
PMC11823630,Antibiotic MIC,8,NaN,Table - PMC,Isolate 37,P. aeruginosa,125B,Isolated after treatment with ceftazidime and meropenem,Mutation in mexR (MexR T98I),NaN,Minocycline,"In vitro potentiation of tetracyclines in Pseudomonas aeruginosa by RW01, a new cyclic peptide","Roson-Calero N, Gomis Font MA, Ruiz-Soriano A, Just-Baringo X, Pachón-Ibáñez ME, Salvador JP, Marco MP, Giralt E, Oliver A, Ballesté-Delpierre C, Vila J. In vitro potentiation of tetracyclines in Pseudomonas aeruginosa by RW01, a new cyclic peptide. Antimicrob Agents Chemother. 2025 Feb 13;69(2):e0145924. doi: 10.1128/aac.01459-24. Epub 2024 Dec 23. PMID: 39714156; PMCID: PMC11823630."
PMC11823630,Antibiotic MIC + RW01 100 mg/L,1,NaN,Table - PMC,Isolate 38,P. aeruginosa,125B,Isolated after treatment with ceftazidime and meropenem,Mutation in mexR (MexR T98I),NaN,Minocycline + RW01 100 mg/L,"In vitro potentiation of tetracyclines in Pseudomonas aeruginosa by RW01, a new cyclic peptide","Roson-Calero N, Gomis Font MA, Ruiz-Soriano A, Just-Baringo X, Pachón-Ibáñez ME, Salvador JP, Marco MP, Giralt E, Oliver A, Ballesté-Delpierre C, Vila J. In vitro potentiation of tetracyclines in Pseudomonas aeruginosa by RW01, a new cyclic peptide. Antimicrob Agents Chemother. 2025 Feb 13;69(2):e0145924. doi: 10.1128/aac.01459-24. Epub 2024 Dec 23. PMID: 39714156; PMCID: PMC11823630."
PMC11823630,Antibiotic MIC,8,NaN,Table - PMC,Isolate 39,P. aeruginosa,PAO1,Wild-type reference strain,–,NaN,Minocycline,"In vitro potentiation of tetracyclines in Pseudomonas aeruginosa by RW01, a new cyclic peptide","Roson-Calero N, Gomis Font MA, Ruiz-Soriano A, Just-Baringo X, Pachón-Ibáñez ME, Salvador JP, Marco MP, Giralt E, Oliver A, Ballesté-Delpierre C, Vila J. In vitro potentiation of tetracyclines in Pseudomonas aeruginosa by RW01, a new cyclic peptide. Antimicrob Agents Chemother. 2025 Feb 13;69(2):e0145924. doi: 10.1128/aac.01459-24. Epub 2024 Dec 23. PMID: 39714156; PMCID: PMC11823630."
PMC11823630,Antibiotic MIC + RW01 100 mg/L,2,NaN,Table - PMC,Isolate 40,P. aeruginosa,PAO1,Wild-type reference strain,–,NaN,Minocycline + RW01 100 mg/L,"In vitro potentiation of tetracyclines in Pseudomonas aeruginosa by RW01, a new cyclic peptide","Roson-Calero N, Gomis Font MA, Ruiz-Soriano A, Just-Baringo X, Pachón-Ibáñez ME, Salvador JP, Marco MP, Giralt E, Oliver A, Ballesté-Delpierre C, Vila J. In vitro potentiation of tetracyclines in Pseudomonas aeruginosa by RW01, a new cyclic peptide. Antimicrob Agents Chemother. 2025 Feb 13;69(2):e0145924. doi: 10.1128/aac.01459-24. Epub 2024 Dec 23. PMID: 39714156; PMCID: PMC11823630."
PMC11823630,Antibiotic MIC,2,NaN,Table - PMC,Isolate 41,P. aeruginosa,PAOΔoprM,NaN,NaN,NaN,Minocycline,"In vitro potentiation of tetracyclines in Pseudomonas aeruginosa by RW01, a new cyclic peptide","Roson-Calero N, Gomis Font MA, Ruiz-Soriano A, Just-Baringo X, Pachón-Ibáñez ME, Salvador JP, Marco MP, Giralt E, Oliver A, Ballesté-Delpierre C, Vila J. In vitro potentiation of tetracyclines in Pseudomonas aeruginosa by RW01, a new cyclic peptide. Antimicrob Agents Chemother. 2025 Feb 13;69(2):e0145924. doi: 10.1128/aac.01459-24. Epub 2024 Dec 23. PMID: 39714156; PMCID: PMC11823630."
PMC11823630,Antibiotic MIC + RW01 100 mg/L,0.5,NaN,Table - PMC,Isolate 42,P. aeruginosa,PAOΔoprM,NaN,NaN,NaN,Minocycline + RW01 100 mg/L,"In vitro potentiation of tetracyclines in Pseudomonas aeruginosa by RW01, a new cyclic peptide","Roson-Calero N, Gomis Font MA, Ruiz-Soriano A, Just-Baringo X, Pachón-Ibáñez ME, Salvador JP, Marco MP, Giralt E, Oliver A, Ballesté-Delpierre C, Vila J. In vitro potentiation of tetracyclines in Pseudomonas aeruginosa by RW01, a new cyclic peptide. Antimicrob Agents Chemother. 2025 Feb 13;69(2):e0145924. doi: 10.1128/aac.01459-24. Epub 2024 Dec 23. PMID: 39714156; PMCID: PMC11823630."
PMC11823630,Antibiotic MIC,8,NaN,Table - PMC,Isolate 43,P. aeruginosa,PAOΔmexR,NaN,NaN,NaN,Minocycline,"In vitro potentiation of tetracyclines in Pseudomonas aeruginosa by RW01, a new cyclic peptide","Roson-Calero N, Gomis Font MA, Ruiz-Soriano A, Just-Baringo X, Pachón-Ibáñez ME, Salvador JP, Marco MP, Giralt E, Oliver A, Ballesté-Delpierre C, Vila J. In vitro potentiation of tetracyclines in Pseudomonas aeruginosa by RW01, a new cyclic peptide. Antimicrob Agents Chemother. 2025 Feb 13;69(2):e0145924. doi: 10.1128/aac.01459-24. Epub 2024 Dec 23. PMID: 39714156; PMCID: PMC11823630."
PMC11823630,Antibiotic MIC + RW01 100 mg/L,1,NaN,Table - PMC,Isolate 44,P. aeruginosa,PAOΔmexR,NaN,NaN,NaN,Minocycline + RW01 100 mg/L,"In vitro potentiation of tetracyclines in Pseudomonas aeruginosa by RW01, a new cyclic peptide","Roson-Calero N, Gomis Font MA, Ruiz-Soriano A, Just-Baringo X, Pachón-Ibáñez ME, Salvador JP, Marco MP, Giralt E, Oliver A, Ballesté-Delpierre C, Vila J. In vitro potentiation of tetracyclines in Pseudomonas aeruginosa by RW01, a new cyclic peptide. Antimicrob Agents Chemother. 2025 Feb 13;69(2):e0145924. doi: 10.1128/aac.01459-24. Epub 2024 Dec 23. PMID: 39714156; PMCID: PMC11823630."
PMC11823630,Antibiotic MIC,16,NaN,Table - PMC,Isolate 45,P. aeruginosa,PAOΔmexZ,NaN,NaN,NaN,Minocycline,"In vitro potentiation of tetracyclines in Pseudomonas aeruginosa by RW01, a new cyclic peptide","Roson-Calero N, Gomis Font MA, Ruiz-Soriano A, Just-Baringo X, Pachón-Ibáñez ME, Salvador JP, Marco MP, Giralt E, Oliver A, Ballesté-Delpierre C, Vila J. In vitro potentiation of tetracyclines in Pseudomonas aeruginosa by RW01, a new cyclic peptide. Antimicrob Agents Chemother. 2025 Feb 13;69(2):e0145924. doi: 10.1128/aac.01459-24. Epub 2024 Dec 23. PMID: 39714156; PMCID: PMC11823630."
PMC11823630,Antibiotic MIC + RW01 100 mg/L,1,NaN,Table - PMC,Isolate 46,P. aeruginosa,PAOΔmexZ,NaN,NaN,NaN,Minocycline + RW01 100 mg/L,"In vitro potentiation of tetracyclines in Pseudomonas aeruginosa by RW01, a new cyclic peptide","Roson-Calero N, Gomis Font MA, Ruiz-Soriano A, Just-Baringo X, Pachón-Ibáñez ME, Salvador JP, Marco MP, Giralt E, Oliver A, Ballesté-Delpierre C, Vila J. In vitro potentiation of tetracyclines in Pseudomonas aeruginosa by RW01, a new cyclic peptide. Antimicrob Agents Chemother. 2025 Feb 13;69(2):e0145924. doi: 10.1128/aac.01459-24. Epub 2024 Dec 23. PMID: 39714156; PMCID: PMC11823630."
PMC11823630,Antibiotic MIC,8,NaN,Table - PMC,Isolate 47,P. aeruginosa,PAOUW,Wild-type reference strain,–,NaN,Minocycline,"In vitro potentiation of tetracyclines in Pseudomonas aeruginosa by RW01, a new cyclic peptide","Roson-Calero N, Gomis Font MA, Ruiz-Soriano A, Just-Baringo X, Pachón-Ibáñez ME, Salvador JP, Marco MP, Giralt E, Oliver A, Ballesté-Delpierre C, Vila J. In vitro potentiation of tetracyclines in Pseudomonas aeruginosa by RW01, a new cyclic peptide. Antimicrob Agents Chemother. 2025 Feb 13;69(2):e0145924. doi: 10.1128/aac.01459-24. Epub 2024 Dec 23. PMID: 39714156; PMCID: PMC11823630."
PMC11823630,Antibiotic MIC + RW01 100 mg/L,1,NaN,Table - PMC,Isolate 48,P. aeruginosa,PAOUW,Wild-type reference strain,–,NaN,Minocycline + RW01 100 mg/L,"In vitro potentiation of tetracyclines in Pseudomonas aeruginosa by RW01, a new cyclic peptide","Roson-Calero N, Gomis Font MA, Ruiz-Soriano A, Just-Baringo X, Pachón-Ibáñez ME, Salvador JP, Marco MP, Giralt E, Oliver A, Ballesté-Delpierre C, Vila J. In vitro potentiation of tetracyclines in Pseudomonas aeruginosa by RW01, a new cyclic peptide. Antimicrob Agents Chemother. 2025 Feb 13;69(2):e0145924. doi: 10.1128/aac.01459-24. Epub 2024 Dec 23. PMID: 39714156; PMCID: PMC11823630."
PMC11823630,Antibiotic MIC,8,NaN,Table - PMC,Isolate 49,P. aeruginosa,PAOΔoprF,NaN,NaN,NaN,Minocycline,"In vitro potentiation of tetracyclines in Pseudomonas aeruginosa by RW01, a new cyclic peptide","Roson-Calero N, Gomis Font MA, Ruiz-Soriano A, Just-Baringo X, Pachón-Ibáñez ME, Salvador JP, Marco MP, Giralt E, Oliver A, Ballesté-Delpierre C, Vila J. In vitro potentiation of tetracyclines in Pseudomonas aeruginosa by RW01, a new cyclic peptide. Antimicrob Agents Chemother. 2025 Feb 13;69(2):e0145924. doi: 10.1128/aac.01459-24. Epub 2024 Dec 23. PMID: 39714156; PMCID: PMC11823630."
PMC11823630,Antibiotic MIC + RW01 100 mg/L,1,NaN,Table - PMC,Isolate 50,P. aeruginosa,PAOΔoprF,NaN,NaN,NaN,Minocycline + RW01 100 mg/L,"In vitro potentiation of tetracyclines in Pseudomonas aeruginosa by RW01, a new cyclic peptide","Roson-Calero N, Gomis Font MA, Ruiz-Soriano A, Just-Baringo X, Pachón-Ibáñez ME, Salvador JP, Marco MP, Giralt E, Oliver A, Ballesté-Delpierre C, Vila J. In vitro potentiation of tetracyclines in Pseudomonas aeruginosa by RW01, a new cyclic peptide. Antimicrob Agents Chemother. 2025 Feb 13;69(2):e0145924. doi: 10.1128/aac.01459-24. Epub 2024 Dec 23. PMID: 39714156; PMCID: PMC11823630."
PMC11823630,Antibiotic MIC,16,NaN,Table - PMC,Isolate 51,P. aeruginosa,41A,Wild-type clinical isolate,–,NaN,Tetracycline,"In vitro potentiation of tetracyclines in Pseudomonas aeruginosa by RW01, a new cyclic peptide","Roson-Calero N, Gomis Font MA, Ruiz-Soriano A, Just-Baringo X, Pachón-Ibáñez ME, Salvador JP, Marco MP, Giralt E, Oliver A, Ballesté-Delpierre C, Vila J. In vitro potentiation of tetracyclines in Pseudomonas aeruginosa by RW01, a new cyclic peptide. Antimicrob Agents Chemother. 2025 Feb 13;69(2):e0145924. doi: 10.1128/aac.01459-24. Epub 2024 Dec 23. PMID: 39714156; PMCID: PMC11823630."
PMC11823630,Antibiotic MIC + RW01 100 mg/L,8,NaN,Table - PMC,Isolate 52,P. aeruginosa,41A,Wild-type clinical isolate,–,NaN,Tetracycline + RW01 100 mg/L,"In vitro potentiation of tetracyclines in Pseudomonas aeruginosa by RW01, a new cyclic peptide","Roson-Calero N, Gomis Font MA, Ruiz-Soriano A, Just-Baringo X, Pachón-Ibáñez ME, Salvador JP, Marco MP, Giralt E, Oliver A, Ballesté-Delpierre C, Vila J. In vitro potentiation of tetracyclines in Pseudomonas aeruginosa by RW01, a new cyclic peptide. Antimicrob Agents Chemother. 2025 Feb 13;69(2):e0145924. doi: 10.1128/aac.01459-24. Epub 2024 Dec 23. PMID: 39714156; PMCID: PMC11823630."
PMC11823630,Antibiotic MIC,16,NaN,Table - PMC,Isolate 53,P. aeruginosa,41B,Isolated after treatment with meropenem,Deletion in mexZ (C595–C605).Insertions and deletions.,NaN,Tetracycline,"In vitro potentiation of tetracyclines in Pseudomonas aeruginosa by RW01, a new cyclic peptide","Roson-Calero N, Gomis Font MA, Ruiz-Soriano A, Just-Baringo X, Pachón-Ibáñez ME, Salvador JP, Marco MP, Giralt E, Oliver A, Ballesté-Delpierre C, Vila J. In vitro potentiation of tetracyclines in Pseudomonas aeruginosa by RW01, a new cyclic peptide. Antimicrob Agents Chemother. 2025 Feb 13;69(2):e0145924. doi: 10.1128/aac.01459-24. Epub 2024 Dec 23. PMID: 39714156; PMCID: PMC11823630."
PMC11823630,Antibiotic MIC + RW01 100 mg/L,8,NaN,Table - PMC,Isolate 54,P. aeruginosa,41B,Isolated after treatment with meropenem,Deletion in mexZ (C595–C605).Insertions and deletions.,NaN,Tetracycline + RW01 100 mg/L,"In vitro potentiation of tetracyclines in Pseudomonas aeruginosa by RW01, a new cyclic peptide","Roson-Calero N, Gomis Font MA, Ruiz-Soriano A, Just-Baringo X, Pachón-Ibáñez ME, Salvador JP, Marco MP, Giralt E, Oliver A, Ballesté-Delpierre C, Vila J. In vitro potentiation of tetracyclines in Pseudomonas aeruginosa by RW01, a new cyclic peptide. Antimicrob Agents Chemother. 2025 Feb 13;69(2):e0145924. doi: 10.1128/aac.01459-24. Epub 2024 Dec 23. PMID: 39714156; PMCID: PMC11823630."
PMC11823630,Antibiotic MIC,8,NaN,Table - PMC,Isolate 55,P. aeruginosa,125A,Wild-type clinical isolate,–,NaN,Tetracycline,"In vitro potentiation of tetracyclines in Pseudomonas aeruginosa by RW01, a new cyclic peptide","Roson-Calero N, Gomis Font MA, Ruiz-Soriano A, Just-Baringo X, Pachón-Ibáñez ME, Salvador JP, Marco MP, Giralt E, Oliver A, Ballesté-Delpierre C, Vila J. In vitro potentiation of tetracyclines in Pseudomonas aeruginosa by RW01, a new cyclic peptide. Antimicrob Agents Chemother. 2025 Feb 13;69(2):e0145924. doi: 10.1128/aac.01459-24. Epub 2024 Dec 23. PMID: 39714156; PMCID: PMC11823630."
PMC11823630,Antibiotic MIC + RW01 100 mg/L,2,NaN,Table - PMC,Isolate 56,P. aeruginosa,125A,Wild-type clinical isolate,–,NaN,Tetracycline + RW01 100 mg/L,"In vitro potentiation of tetracyclines in Pseudomonas aeruginosa by RW01, a new cyclic peptide","Roson-Calero N, Gomis Font MA, Ruiz-Soriano A, Just-Baringo X, Pachón-Ibáñez ME, Salvador JP, Marco MP, Giralt E, Oliver A, Ballesté-Delpierre C, Vila J. In vitro potentiation of tetracyclines in Pseudomonas aeruginosa by RW01, a new cyclic peptide. Antimicrob Agents Chemother. 2025 Feb 13;69(2):e0145924. doi: 10.1128/aac.01459-24. Epub 2024 Dec 23. PMID: 39714156; PMCID: PMC11823630."
PMC11823630,Antibiotic MIC,8,NaN,Table - PMC,Isolate 57,P. aeruginosa,125B,Isolated after treatment with ceftazidime and meropenem,Mutation in mexR (MexR T98I),NaN,Tetracycline,"In vitro potentiation of tetracyclines in Pseudomonas aeruginosa by RW01, a new cyclic peptide","Roson-Calero N, Gomis Font MA, Ruiz-Soriano A, Just-Baringo X, Pachón-Ibáñez ME, Salvador JP, Marco MP, Giralt E, Oliver A, Ballesté-Delpierre C, Vila J. In vitro potentiation of tetracyclines in Pseudomonas aeruginosa by RW01, a new cyclic peptide. Antimicrob Agents Chemother. 2025 Feb 13;69(2):e0145924. doi: 10.1128/aac.01459-24. Epub 2024 Dec 23. PMID: 39714156; PMCID: PMC11823630."
PMC11823630,Antibiotic MIC + RW01 100 mg/L,2,NaN,Table - PMC,Isolate 58,P. aeruginosa,125B,Isolated after treatment with ceftazidime and meropenem,Mutation in mexR (MexR T98I),NaN,Tetracycline + RW01 100 mg/L,"In vitro potentiation of tetracyclines in Pseudomonas aeruginosa by RW01, a new cyclic peptide","Roson-Calero N, Gomis Font MA, Ruiz-Soriano A, Just-Baringo X, Pachón-Ibáñez ME, Salvador JP, Marco MP, Giralt E, Oliver A, Ballesté-Delpierre C, Vila J. In vitro potentiation of tetracyclines in Pseudomonas aeruginosa by RW01, a new cyclic peptide. Antimicrob Agents Chemother. 2025 Feb 13;69(2):e0145924. doi: 10.1128/aac.01459-24. Epub 2024 Dec 23. PMID: 39714156; PMCID: PMC11823630."
PMC11823630,Antibiotic MIC,8,NaN,Table - PMC,Isolate 59,P. aeruginosa,PAO1,Wild-type reference strain,–,NaN,Tetracycline,"In vitro potentiation of tetracyclines in Pseudomonas aeruginosa by RW01, a new cyclic peptide","Roson-Calero N, Gomis Font MA, Ruiz-Soriano A, Just-Baringo X, Pachón-Ibáñez ME, Salvador JP, Marco MP, Giralt E, Oliver A, Ballesté-Delpierre C, Vila J. In vitro potentiation of tetracyclines in Pseudomonas aeruginosa by RW01, a new cyclic peptide. Antimicrob Agents Chemother. 2025 Feb 13;69(2):e0145924. doi: 10.1128/aac.01459-24. Epub 2024 Dec 23. PMID: 39714156; PMCID: PMC11823630."
PMC11823630,Antibiotic MIC + RW01 100 mg/L,2,NaN,Table - PMC,Isolate 60,P. aeruginosa,PAO1,Wild-type reference strain,–,NaN,Tetracycline + RW01 100 mg/L,"In vitro potentiation of tetracyclines in Pseudomonas aeruginosa by RW01, a new cyclic peptide","Roson-Calero N, Gomis Font MA, Ruiz-Soriano A, Just-Baringo X, Pachón-Ibáñez ME, Salvador JP, Marco MP, Giralt E, Oliver A, Ballesté-Delpierre C, Vila J. In vitro potentiation of tetracyclines in Pseudomonas aeruginosa by RW01, a new cyclic peptide. Antimicrob Agents Chemother. 2025 Feb 13;69(2):e0145924. doi: 10.1128/aac.01459-24. Epub 2024 Dec 23. PMID: 39714156; PMCID: PMC11823630."
PMC11823630,Antibiotic MIC,1,NaN,Table - PMC,Isolate 61,P. aeruginosa,PAOΔoprM,NaN,NaN,NaN,Tetracycline,"In vitro potentiation of tetracyclines in Pseudomonas aeruginosa by RW01, a new cyclic peptide","Roson-Calero N, Gomis Font MA, Ruiz-Soriano A, Just-Baringo X, Pachón-Ibáñez ME, Salvador JP, Marco MP, Giralt E, Oliver A, Ballesté-Delpierre C, Vila J. In vitro potentiation of tetracyclines in Pseudomonas aeruginosa by RW01, a new cyclic peptide. Antimicrob Agents Chemother. 2025 Feb 13;69(2):e0145924. doi: 10.1128/aac.01459-24. Epub 2024 Dec 23. PMID: 39714156; PMCID: PMC11823630."
PMC11823630,Antibiotic MIC + RW01 100 mg/L,0.5,NaN,Table - PMC,Isolate 62,P. aeruginosa,PAOΔoprM,NaN,NaN,NaN,Tetracycline + RW01 100 mg/L,"In vitro potentiation of tetracyclines in Pseudomonas aeruginosa by RW01, a new cyclic peptide","Roson-Calero N, Gomis Font MA, Ruiz-Soriano A, Just-Baringo X, Pachón-Ibáñez ME, Salvador JP, Marco MP, Giralt E, Oliver A, Ballesté-Delpierre C, Vila J. In vitro potentiation of tetracyclines in Pseudomonas aeruginosa by RW01, a new cyclic peptide. Antimicrob Agents Chemother. 2025 Feb 13;69(2):e0145924. doi: 10.1128/aac.01459-24. Epub 2024 Dec 23. PMID: 39714156; PMCID: PMC11823630."
PMC11823630,Antibiotic MIC,16,NaN,Table - PMC,Isolate 63,P. aeruginosa,PAOΔmexR,NaN,NaN,NaN,Tetracycline,"In vitro potentiation of tetracyclines in Pseudomonas aeruginosa by RW01, a new cyclic peptide","Roson-Calero N, Gomis Font MA, Ruiz-Soriano A, Just-Baringo X, Pachón-Ibáñez ME, Salvador JP, Marco MP, Giralt E, Oliver A, Ballesté-Delpierre C, Vila J. In vitro potentiation of tetracyclines in Pseudomonas aeruginosa by RW01, a new cyclic peptide. Antimicrob Agents Chemother. 2025 Feb 13;69(2):e0145924. doi: 10.1128/aac.01459-24. Epub 2024 Dec 23. PMID: 39714156; PMCID: PMC11823630."
PMC11823630,Antibiotic MIC + RW01 100 mg/L,4,NaN,Table - PMC,Isolate 64,P. aeruginosa,PAOΔmexR,NaN,NaN,NaN,Tetracycline + RW01 100 mg/L,"In vitro potentiation of tetracyclines in Pseudomonas aeruginosa by RW01, a new cyclic peptide","Roson-Calero N, Gomis Font MA, Ruiz-Soriano A, Just-Baringo X, Pachón-Ibáñez ME, Salvador JP, Marco MP, Giralt E, Oliver A, Ballesté-Delpierre C, Vila J. In vitro potentiation of tetracyclines in Pseudomonas aeruginosa by RW01, a new cyclic peptide. Antimicrob Agents Chemother. 2025 Feb 13;69(2):e0145924. doi: 10.1128/aac.01459-24. Epub 2024 Dec 23. PMID: 39714156; PMCID: PMC11823630."
PMC11823630,Antibiotic MIC,16,NaN,Table - PMC,Isolate 65,P. aeruginosa,PAOΔmexZ,NaN,NaN,NaN,Tetracycline,"In vitro potentiation of tetracyclines in Pseudomonas aeruginosa by RW01, a new cyclic peptide","Roson-Calero N, Gomis Font MA, Ruiz-Soriano A, Just-Baringo X, Pachón-Ibáñez ME, Salvador JP, Marco MP, Giralt E, Oliver A, Ballesté-Delpierre C, Vila J. In vitro potentiation of tetracyclines in Pseudomonas aeruginosa by RW01, a new cyclic peptide. Antimicrob Agents Chemother. 2025 Feb 13;69(2):e0145924. doi: 10.1128/aac.01459-24. Epub 2024 Dec 23. PMID: 39714156; PMCID: PMC11823630."
PMC11823630,Antibiotic MIC + RW01 100 mg/L,2,NaN,Table - PMC,Isolate 66,P. aeruginosa,PAOΔmexZ,NaN,NaN,NaN,Tetracycline + RW01 100 mg/L,"In vitro potentiation of tetracyclines in Pseudomonas aeruginosa by RW01, a new cyclic peptide","Roson-Calero N, Gomis Font MA, Ruiz-Soriano A, Just-Baringo X, Pachón-Ibáñez ME, Salvador JP, Marco MP, Giralt E, Oliver A, Ballesté-Delpierre C, Vila J. In vitro potentiation of tetracyclines in Pseudomonas aeruginosa by RW01, a new cyclic peptide. Antimicrob Agents Chemother. 2025 Feb 13;69(2):e0145924. doi: 10.1128/aac.01459-24. Epub 2024 Dec 23. PMID: 39714156; PMCID: PMC11823630."
PMC11823630,Antibiotic MIC,64,NaN,Table - PMC,Isolate 67,P. aeruginosa,PAOUW,Wild-type reference strain,–,NaN,Tetracycline,"In vitro potentiation of tetracyclines in Pseudomonas aeruginosa by RW01, a new cyclic peptide","Roson-Calero N, Gomis Font MA, Ruiz-Soriano A, Just-Baringo X, Pachón-Ibáñez ME, Salvador JP, Marco MP, Giralt E, Oliver A, Ballesté-Delpierre C, Vila J. In vitro potentiation of tetracyclines in Pseudomonas aeruginosa by RW01, a new cyclic peptide. Antimicrob Agents Chemother. 2025 Feb 13;69(2):e0145924. doi: 10.1128/aac.01459-24. Epub 2024 Dec 23. PMID: 39714156; PMCID: PMC11823630."
PMC11823630,Antibiotic MIC + RW01 100 mg/L,16,NaN,Table - PMC,Isolate 68,P. aeruginosa,PAOUW,Wild-type reference strain,–,NaN,Tetracycline + RW01 100 mg/L,"In vitro potentiation of tetracyclines in Pseudomonas aeruginosa by RW01, a new cyclic peptide","Roson-Calero N, Gomis Font MA, Ruiz-Soriano A, Just-Baringo X, Pachón-Ibáñez ME, Salvador JP, Marco MP, Giralt E, Oliver A, Ballesté-Delpierre C, Vila J. In vitro potentiation of tetracyclines in Pseudomonas aeruginosa by RW01, a new cyclic peptide. Antimicrob Agents Chemother. 2025 Feb 13;69(2):e0145924. doi: 10.1128/aac.01459-24. Epub 2024 Dec 23. PMID: 39714156; PMCID: PMC11823630."
PMC11823630,Antibiotic MIC,16,NaN,Table - PMC,Isolate 69,P. aeruginosa,PAOΔoprF,NaN,NaN,NaN,Tetracycline,"In vitro potentiation of tetracyclines in Pseudomonas aeruginosa by RW01, a new cyclic peptide","Roson-Calero N, Gomis Font MA, Ruiz-Soriano A, Just-Baringo X, Pachón-Ibáñez ME, Salvador JP, Marco MP, Giralt E, Oliver A, Ballesté-Delpierre C, Vila J. In vitro potentiation of tetracyclines in Pseudomonas aeruginosa by RW01, a new cyclic peptide. Antimicrob Agents Chemother. 2025 Feb 13;69(2):e0145924. doi: 10.1128/aac.01459-24. Epub 2024 Dec 23. PMID: 39714156; PMCID: PMC11823630."
PMC11823630,Antibiotic MIC + RW01 100 mg/L,2,NaN,Table - PMC,Isolate 70,P. aeruginosa,PAOΔoprF,NaN,NaN,NaN,Tetracycline + RW01 100 mg/L,"In vitro potentiation of tetracyclines in Pseudomonas aeruginosa by RW01, a new cyclic peptide","Roson-Calero N, Gomis Font MA, Ruiz-Soriano A, Just-Baringo X, Pachón-Ibáñez ME, Salvador JP, Marco MP, Giralt E, Oliver A, Ballesté-Delpierre C, Vila J. In vitro potentiation of tetracyclines in Pseudomonas aeruginosa by RW01, a new cyclic peptide. Antimicrob Agents Chemother. 2025 Feb 13;69(2):e0145924. doi: 10.1128/aac.01459-24. Epub 2024 Dec 23. PMID: 39714156; PMCID: PMC11823630."
PMC11823630,Antibiotic MIC,8,NaN,Table - PMC,Isolate 71,P. aeruginosa,41A,Wild-type clinical isolate,–,NaN,Tigecycline,"In vitro potentiation of tetracyclines in Pseudomonas aeruginosa by RW01, a new cyclic peptide","Roson-Calero N, Gomis Font MA, Ruiz-Soriano A, Just-Baringo X, Pachón-Ibáñez ME, Salvador JP, Marco MP, Giralt E, Oliver A, Ballesté-Delpierre C, Vila J. In vitro potentiation of tetracyclines in Pseudomonas aeruginosa by RW01, a new cyclic peptide. Antimicrob Agents Chemother. 2025 Feb 13;69(2):e0145924. doi: 10.1128/aac.01459-24. Epub 2024 Dec 23. PMID: 39714156; PMCID: PMC11823630."
PMC11823630,Antibiotic MIC + RW01 100 mg/L,2,NaN,Table - PMC,Isolate 72,P. aeruginosa,41A,Wild-type clinical isolate,–,NaN,Tigecycline + RW01 100 mg/L,"In vitro potentiation of tetracyclines in Pseudomonas aeruginosa by RW01, a new cyclic peptide","Roson-Calero N, Gomis Font MA, Ruiz-Soriano A, Just-Baringo X, Pachón-Ibáñez ME, Salvador JP, Marco MP, Giralt E, Oliver A, Ballesté-Delpierre C, Vila J. In vitro potentiation of tetracyclines in Pseudomonas aeruginosa by RW01, a new cyclic peptide. Antimicrob Agents Chemother. 2025 Feb 13;69(2):e0145924. doi: 10.1128/aac.01459-24. Epub 2024 Dec 23. PMID: 39714156; PMCID: PMC11823630."
PMC11823630,Antibiotic MIC,8,NaN,Table - PMC,Isolate 73,P. aeruginosa,41B,Isolated after treatment with meropenem,Deletion in mexZ (C595–C605).Insertions and deletions.,NaN,Tigecycline,"In vitro potentiation of tetracyclines in Pseudomonas aeruginosa by RW01, a new cyclic peptide","Roson-Calero N, Gomis Font MA, Ruiz-Soriano A, Just-Baringo X, Pachón-Ibáñez ME, Salvador JP, Marco MP, Giralt E, Oliver A, Ballesté-Delpierre C, Vila J. In vitro potentiation of tetracyclines in Pseudomonas aeruginosa by RW01, a new cyclic peptide. Antimicrob Agents Chemother. 2025 Feb 13;69(2):e0145924. doi: 10.1128/aac.01459-24. Epub 2024 Dec 23. PMID: 39714156; PMCID: PMC11823630."
PMC11823630,Antibiotic MIC + RW01 100 mg/L,2,NaN,Table - PMC,Isolate 74,P. aeruginosa,41B,Isolated after treatment with meropenem,Deletion in mexZ (C595–C605).Insertions and deletions.,NaN,Tigecycline + RW01 100 mg/L,"In vitro potentiation of tetracyclines in Pseudomonas aeruginosa by RW01, a new cyclic peptide","Roson-Calero N, Gomis Font MA, Ruiz-Soriano A, Just-Baringo X, Pachón-Ibáñez ME, Salvador JP, Marco MP, Giralt E, Oliver A, Ballesté-Delpierre C, Vila J. In vitro potentiation of tetracyclines in Pseudomonas aeruginosa by RW01, a new cyclic peptide. Antimicrob Agents Chemother. 2025 Feb 13;69(2):e0145924. doi: 10.1128/aac.01459-24. Epub 2024 Dec 23. PMID: 39714156; PMCID: PMC11823630."
PMC11823630,Antibiotic MIC,8,NaN,Table - PMC,Isolate 75,P. aeruginosa,125A,Wild-type clinical isolate,–,NaN,Tigecycline,"In vitro potentiation of tetracyclines in Pseudomonas aeruginosa by RW01, a new cyclic peptide","Roson-Calero N, Gomis Font MA, Ruiz-Soriano A, Just-Baringo X, Pachón-Ibáñez ME, Salvador JP, Marco MP, Giralt E, Oliver A, Ballesté-Delpierre C, Vila J. In vitro potentiation of tetracyclines in Pseudomonas aeruginosa by RW01, a new cyclic peptide. Antimicrob Agents Chemother. 2025 Feb 13;69(2):e0145924. doi: 10.1128/aac.01459-24. Epub 2024 Dec 23. PMID: 39714156; PMCID: PMC11823630."
PMC11823630,Antibiotic MIC + RW01 100 mg/L,1,NaN,Table - PMC,Isolate 76,P. aeruginosa,125A,Wild-type clinical isolate,–,NaN,Tigecycline + RW01 100 mg/L,"In vitro potentiation of tetracyclines in Pseudomonas aeruginosa by RW01, a new cyclic peptide","Roson-Calero N, Gomis Font MA, Ruiz-Soriano A, Just-Baringo X, Pachón-Ibáñez ME, Salvador JP, Marco MP, Giralt E, Oliver A, Ballesté-Delpierre C, Vila J. In vitro potentiation of tetracyclines in Pseudomonas aeruginosa by RW01, a new cyclic peptide. Antimicrob Agents Chemother. 2025 Feb 13;69(2):e0145924. doi: 10.1128/aac.01459-24. Epub 2024 Dec 23. PMID: 39714156; PMCID: PMC11823630."
PMC11823630,Antibiotic MIC,8,NaN,Table - PMC,Isolate 77,P. aeruginosa,125B,Isolated after treatment with ceftazidime and meropenem,Mutation in mexR (MexR T98I),NaN,Tigecycline,"In vitro potentiation of tetracyclines in Pseudomonas aeruginosa by RW01, a new cyclic peptide","Roson-Calero N, Gomis Font MA, Ruiz-Soriano A, Just-Baringo X, Pachón-Ibáñez ME, Salvador JP, Marco MP, Giralt E, Oliver A, Ballesté-Delpierre C, Vila J. In vitro potentiation of tetracyclines in Pseudomonas aeruginosa by RW01, a new cyclic peptide. Antimicrob Agents Chemother. 2025 Feb 13;69(2):e0145924. doi: 10.1128/aac.01459-24. Epub 2024 Dec 23. PMID: 39714156; PMCID: PMC11823630."
PMC11823630,Antibiotic MIC + RW01 100 mg/L,1,NaN,Table - PMC,Isolate 78,P. aeruginosa,125B,Isolated after treatment with ceftazidime and meropenem,Mutation in mexR (MexR T98I),NaN,Tigecycline + RW01 100 mg/L,"In vitro potentiation of tetracyclines in Pseudomonas aeruginosa by RW01, a new cyclic peptide","Roson-Calero N, Gomis Font MA, Ruiz-Soriano A, Just-Baringo X, Pachón-Ibáñez ME, Salvador JP, Marco MP, Giralt E, Oliver A, Ballesté-Delpierre C, Vila J. In vitro potentiation of tetracyclines in Pseudomonas aeruginosa by RW01, a new cyclic peptide. Antimicrob Agents Chemother. 2025 Feb 13;69(2):e0145924. doi: 10.1128/aac.01459-24. Epub 2024 Dec 23. PMID: 39714156; PMCID: PMC11823630."
PMC11823630,Antibiotic MIC,8,NaN,Table - PMC,Isolate 79,P. aeruginosa,PAO1,Wild-type reference strain,–,NaN,Tigecycline,"In vitro potentiation of tetracyclines in Pseudomonas aeruginosa by RW01, a new cyclic peptide","Roson-Calero N, Gomis Font MA, Ruiz-Soriano A, Just-Baringo X, Pachón-Ibáñez ME, Salvador JP, Marco MP, Giralt E, Oliver A, Ballesté-Delpierre C, Vila J. In vitro potentiation of tetracyclines in Pseudomonas aeruginosa by RW01, a new cyclic peptide. Antimicrob Agents Chemother. 2025 Feb 13;69(2):e0145924. doi: 10.1128/aac.01459-24. Epub 2024 Dec 23. PMID: 39714156; PMCID: PMC11823630."
PMC11823630,Antibiotic MIC + RW01 100 mg/L,2,NaN,Table - PMC,Isolate 80,P. aeruginosa,PAO1,Wild-type reference strain,–,NaN,Tigecycline + RW01 100 mg/L,"In vitro potentiation of tetracyclines in Pseudomonas aeruginosa by RW01, a new cyclic peptide","Roson-Calero N, Gomis Font MA, Ruiz-Soriano A, Just-Baringo X, Pachón-Ibáñez ME, Salvador JP, Marco MP, Giralt E, Oliver A, Ballesté-Delpierre C, Vila J. In vitro potentiation of tetracyclines in Pseudomonas aeruginosa by RW01, a new cyclic peptide. Antimicrob Agents Chemother. 2025 Feb 13;69(2):e0145924. doi: 10.1128/aac.01459-24. Epub 2024 Dec 23. PMID: 39714156; PMCID: PMC11823630."
PMC11823630,Antibiotic MIC,1,NaN,Table - PMC,Isolate 81,P. aeruginosa,PAOΔoprM,NaN,NaN,NaN,Tigecycline,"In vitro potentiation of tetracyclines in Pseudomonas aeruginosa by RW01, a new cyclic peptide","Roson-Calero N, Gomis Font MA, Ruiz-Soriano A, Just-Baringo X, Pachón-Ibáñez ME, Salvador JP, Marco MP, Giralt E, Oliver A, Ballesté-Delpierre C, Vila J. In vitro potentiation of tetracyclines in Pseudomonas aeruginosa by RW01, a new cyclic peptide. Antimicrob Agents Chemother. 2025 Feb 13;69(2):e0145924. doi: 10.1128/aac.01459-24. Epub 2024 Dec 23. PMID: 39714156; PMCID: PMC11823630."
PMC11823630,Antibiotic MIC + RW01 100 mg/L,1,NaN,Table - PMC,Isolate 82,P. aeruginosa,PAOΔoprM,NaN,NaN,NaN,Tigecycline + RW01 100 mg/L,"In vitro potentiation of tetracyclines in Pseudomonas aeruginosa by RW01, a new cyclic peptide","Roson-Calero N, Gomis Font MA, Ruiz-Soriano A, Just-Baringo X, Pachón-Ibáñez ME, Salvador JP, Marco MP, Giralt E, Oliver A, Ballesté-Delpierre C, Vila J. In vitro potentiation of tetracyclines in Pseudomonas aeruginosa by RW01, a new cyclic peptide. Antimicrob Agents Chemother. 2025 Feb 13;69(2):e0145924. doi: 10.1128/aac.01459-24. Epub 2024 Dec 23. PMID: 39714156; PMCID: PMC11823630."
PMC11823630,Antibiotic MIC,8,NaN,Table - PMC,Isolate 83,P. aeruginosa,PAOΔmexR,NaN,NaN,NaN,Tigecycline,"In vitro potentiation of tetracyclines in Pseudomonas aeruginosa by RW01, a new cyclic peptide","Roson-Calero N, Gomis Font MA, Ruiz-Soriano A, Just-Baringo X, Pachón-Ibáñez ME, Salvador JP, Marco MP, Giralt E, Oliver A, Ballesté-Delpierre C, Vila J. In vitro potentiation of tetracyclines in Pseudomonas aeruginosa by RW01, a new cyclic peptide. Antimicrob Agents Chemother. 2025 Feb 13;69(2):e0145924. doi: 10.1128/aac.01459-24. Epub 2024 Dec 23. PMID: 39714156; PMCID: PMC11823630."
PMC11823630,Antibiotic MIC + RW01 100 mg/L,1,NaN,Table - PMC,Isolate 84,P. aeruginosa,PAOΔmexR,NaN,NaN,NaN,Tigecycline + RW01 100 mg/L,"In vitro potentiation of tetracyclines in Pseudomonas aeruginosa by RW01, a new cyclic peptide","Roson-Calero N, Gomis Font MA, Ruiz-Soriano A, Just-Baringo X, Pachón-Ibáñez ME, Salvador JP, Marco MP, Giralt E, Oliver A, Ballesté-Delpierre C, Vila J. In vitro potentiation of tetracyclines in Pseudomonas aeruginosa by RW01, a new cyclic peptide. Antimicrob Agents Chemother. 2025 Feb 13;69(2):e0145924. doi: 10.1128/aac.01459-24. Epub 2024 Dec 23. PMID: 39714156; PMCID: PMC11823630."
PMC11823630,Antibiotic MIC,8,NaN,Table - PMC,Isolate 85,P. aeruginosa,PAOΔmexZ,NaN,NaN,NaN,Tigecycline,"In vitro potentiation of tetracyclines in Pseudomonas aeruginosa by RW01, a new cyclic peptide","Roson-Calero N, Gomis Font MA, Ruiz-Soriano A, Just-Baringo X, Pachón-Ibáñez ME, Salvador JP, Marco MP, Giralt E, Oliver A, Ballesté-Delpierre C, Vila J. In vitro potentiation of tetracyclines in Pseudomonas aeruginosa by RW01, a new cyclic peptide. Antimicrob Agents Chemother. 2025 Feb 13;69(2):e0145924. doi: 10.1128/aac.01459-24. Epub 2024 Dec 23. PMID: 39714156; PMCID: PMC11823630."
PMC11823630,Antibiotic MIC + RW01 100 mg/L,1,NaN,Table - PMC,Isolate 86,P. aeruginosa,PAOΔmexZ,NaN,NaN,NaN,Tigecycline + RW01 100 mg/L,"In vitro potentiation of tetracyclines in Pseudomonas aeruginosa by RW01, a new cyclic peptide","Roson-Calero N, Gomis Font MA, Ruiz-Soriano A, Just-Baringo X, Pachón-Ibáñez ME, Salvador JP, Marco MP, Giralt E, Oliver A, Ballesté-Delpierre C, Vila J. In vitro potentiation of tetracyclines in Pseudomonas aeruginosa by RW01, a new cyclic peptide. Antimicrob Agents Chemother. 2025 Feb 13;69(2):e0145924. doi: 10.1128/aac.01459-24. Epub 2024 Dec 23. PMID: 39714156; PMCID: PMC11823630."
PMC11823630,Antibiotic MIC,4,NaN,Table - PMC,Isolate 87,P. aeruginosa,PAOUW,Wild-type reference strain,–,NaN,Tigecycline,"In vitro potentiation of tetracyclines in Pseudomonas aeruginosa by RW01, a new cyclic peptide","Roson-Calero N, Gomis Font MA, Ruiz-Soriano A, Just-Baringo X, Pachón-Ibáñez ME, Salvador JP, Marco MP, Giralt E, Oliver A, Ballesté-Delpierre C, Vila J. In vitro potentiation of tetracyclines in Pseudomonas aeruginosa by RW01, a new cyclic peptide. Antimicrob Agents Chemother. 2025 Feb 13;69(2):e0145924. doi: 10.1128/aac.01459-24. Epub 2024 Dec 23. PMID: 39714156; PMCID: PMC11823630."
PMC11823630,Antibiotic MIC + RW01 100 mg/L,1,NaN,Table - PMC,Isolate 88,P. aeruginosa,PAOUW,Wild-type reference strain,–,NaN,Tigecycline + RW01 100 mg/L,"In vitro potentiation of tetracyclines in Pseudomonas aeruginosa by RW01, a new cyclic peptide","Roson-Calero N, Gomis Font MA, Ruiz-Soriano A, Just-Baringo X, Pachón-Ibáñez ME, Salvador JP, Marco MP, Giralt E, Oliver A, Ballesté-Delpierre C, Vila J. In vitro potentiation of tetracyclines in Pseudomonas aeruginosa by RW01, a new cyclic peptide. Antimicrob Agents Chemother. 2025 Feb 13;69(2):e0145924. doi: 10.1128/aac.01459-24. Epub 2024 Dec 23. PMID: 39714156; PMCID: PMC11823630."
PMC11823630,Antibiotic MIC,16,NaN,Table - PMC,Isolate 89,P. aeruginosa,PAOΔoprF,NaN,NaN,NaN,Tigecycline,"In vitro potentiation of tetracyclines in Pseudomonas aeruginosa by RW01, a new cyclic peptide","Roson-Calero N, Gomis Font MA, Ruiz-Soriano A, Just-Baringo X, Pachón-Ibáñez ME, Salvador JP, Marco MP, Giralt E, Oliver A, Ballesté-Delpierre C, Vila J. In vitro potentiation of tetracyclines in Pseudomonas aeruginosa by RW01, a new cyclic peptide. Antimicrob Agents Chemother. 2025 Feb 13;69(2):e0145924. doi: 10.1128/aac.01459-24. Epub 2024 Dec 23. PMID: 39714156; PMCID: PMC11823630."
PMC11823630,Antibiotic MIC + RW01 100 mg/L,2,NaN,Table - PMC,Isolate 90,P. aeruginosa,PAOΔoprF,NaN,NaN,NaN,Tigecycline + RW01 100 mg/L,"In vitro potentiation of tetracyclines in Pseudomonas aeruginosa by RW01, a new cyclic peptide","Roson-Calero N, Gomis Font MA, Ruiz-Soriano A, Just-Baringo X, Pachón-Ibáñez ME, Salvador JP, Marco MP, Giralt E, Oliver A, Ballesté-Delpierre C, Vila J. In vitro potentiation of tetracyclines in Pseudomonas aeruginosa by RW01, a new cyclic peptide. Antimicrob Agents Chemother. 2025 Feb 13;69(2):e0145924. doi: 10.1128/aac.01459-24. Epub 2024 Dec 23. PMID: 39714156; PMCID: PMC11823630."
PMC11823630,MIC,≥8-fold reduction,NaN,"Notably, RW01 demonstrated a significant potentiation effect, evidenced by an ≥8-fold reduction in the MIC of specific isolates such as P. aeruginosa strains 125A and 125B when incubated with chloramphenicol and of the PAO1ΔmexR strain when incubated with cefepime, where the MIC decreased from 4 to 0.5 mg/L, respectively, upon combination with RW01.",Isolate 91,P. aeruginosa,125A,Wild-type clinical isolate,–,NaN,chloramphenicol + RW01,"In vitro potentiation of tetracyclines in Pseudomonas aeruginosa by RW01, a new cyclic peptide","Roson-Calero N, Gomis Font MA, Ruiz-Soriano A, Just-Baringo X, Pachón-Ibáñez ME, Salvador JP, Marco MP, Giralt E, Oliver A, Ballesté-Delpierre C, Vila J. In vitro potentiation of tetracyclines in Pseudomonas aeruginosa by RW01, a new cyclic peptide. Antimicrob Agents Chemother. 2025 Feb 13;69(2):e0145924. doi: 10.1128/aac.01459-24. Epub 2024 Dec 23. PMID: 39714156; PMCID: PMC11823630."
PMC11823630,MIC,≥8-fold reduction,NaN,"Notably, RW01 demonstrated a significant potentiation effect, evidenced by an ≥8-fold reduction in the MIC of specific isolates such as P. aeruginosa strains 125A and 125B when incubated with chloramphenicol and of the PAO1ΔmexR strain when incubated with cefepime, where the MIC decreased from 4 to 0.5 mg/L, respectively, upon combination with RW01.",Isolate 92,P. aeruginosa,125B,Isolated after treatment with ceftazidime and meropenem,Mutation in mexR (MexR T98I),NaN,chloramphenicol + RW01,"In vitro potentiation of tetracyclines in Pseudomonas aeruginosa by RW01, a new cyclic peptide","Roson-Calero N, Gomis Font MA, Ruiz-Soriano A, Just-Baringo X, Pachón-Ibáñez ME, Salvador JP, Marco MP, Giralt E, Oliver A, Ballesté-Delpierre C, Vila J. In vitro potentiation of tetracyclines in Pseudomonas aeruginosa by RW01, a new cyclic peptide. Antimicrob Agents Chemother. 2025 Feb 13;69(2):e0145924. doi: 10.1128/aac.01459-24. Epub 2024 Dec 23. PMID: 39714156; PMCID: PMC11823630."
PMC11823630,MIC,4,mg/L,"Notably, RW01 demonstrated a significant potentiation effect, evidenced by an ≥8-fold reduction in the MIC of specific isolates such as P. aeruginosa strains 125A and 125B when incubated with chloramphenicol and of the PAO1ΔmexR strain when incubated with cefepime, where the MIC decreased from 4 to 0.5 mg/L, respectively, upon combination with RW01.",Isolate 93,P. aeruginosa,PAO1ΔmexR,NaN,NaN,NaN,cefepime,"In vitro potentiation of tetracyclines in Pseudomonas aeruginosa by RW01, a new cyclic peptide","Roson-Calero N, Gomis Font MA, Ruiz-Soriano A, Just-Baringo X, Pachón-Ibáñez ME, Salvador JP, Marco MP, Giralt E, Oliver A, Ballesté-Delpierre C, Vila J. In vitro potentiation of tetracyclines in Pseudomonas aeruginosa by RW01, a new cyclic peptide. Antimicrob Agents Chemother. 2025 Feb 13;69(2):e0145924. doi: 10.1128/aac.01459-24. Epub 2024 Dec 23. PMID: 39714156; PMCID: PMC11823630."
PMC11823630,MIC,0.5,mg/L,"Notably, RW01 demonstrated a significant potentiation effect, evidenced by an ≥8-fold reduction in the MIC of specific isolates such as P. aeruginosa strains 125A and 125B when incubated with chloramphenicol and of the PAO1ΔmexR strain when incubated with cefepime, where the MIC decreased from 4 to 0.5 mg/L, respectively, upon combination with RW01.",Isolate 94,P. aeruginosa,PAO1ΔmexR,NaN,NaN,NaN,cefepime + RW01,"In vitro potentiation of tetracyclines in Pseudomonas aeruginosa by RW01, a new cyclic peptide","Roson-Calero N, Gomis Font MA, Ruiz-Soriano A, Just-Baringo X, Pachón-Ibáñez ME, Salvador JP, Marco MP, Giralt E, Oliver A, Ballesté-Delpierre C, Vila J. In vitro potentiation of tetracyclines in Pseudomonas aeruginosa by RW01, a new cyclic peptide. Antimicrob Agents Chemother. 2025 Feb 13;69(2):e0145924. doi: 10.1128/aac.01459-24. Epub 2024 Dec 23. PMID: 39714156; PMCID: PMC11823630."
PMC11823630,MICs,4 to 8,mg/L,Population studies illustrated in Fig. 5 revealed MICs of minocycline for wild-type P. aeruginosa PAO1 ranging from 4 to 8 mg/L.,Isolate 95,P. aeruginosa,PAO1,Wild-type reference strain,wild-type,NaN,minocycline,"In vitro potentiation of tetracyclines in Pseudomonas aeruginosa by RW01, a new cyclic peptide","Roson-Calero N, Gomis Font MA, Ruiz-Soriano A, Just-Baringo X, Pachón-Ibáñez ME, Salvador JP, Marco MP, Giralt E, Oliver A, Ballesté-Delpierre C, Vila J. In vitro potentiation of tetracyclines in Pseudomonas aeruginosa by RW01, a new cyclic peptide. Antimicrob Agents Chemother. 2025 Feb 13;69(2):e0145924. doi: 10.1128/aac.01459-24. Epub 2024 Dec 23. PMID: 39714156; PMCID: PMC11823630."
PMC11823630,MICs,0.5 to 1.0,mg/L,"However, when combined with 100 mg/L of RW01, the MICs were markedly reduced, ranging from 0.5 to 1.0 mg/L.",Isolate 96,P. aeruginosa,PAO1,Wild-type reference strain,wild-type,NaN,minocycline + RW01 100 mg/L,"In vitro potentiation of tetracyclines in Pseudomonas aeruginosa by RW01, a new cyclic peptide","Roson-Calero N, Gomis Font MA, Ruiz-Soriano A, Just-Baringo X, Pachón-Ibáñez ME, Salvador JP, Marco MP, Giralt E, Oliver A, Ballesté-Delpierre C, Vila J. In vitro potentiation of tetracyclines in Pseudomonas aeruginosa by RW01, a new cyclic peptide. Antimicrob Agents Chemother. 2025 Feb 13;69(2):e0145924. doi: 10.1128/aac.01459-24. Epub 2024 Dec 23. PMID: 39714156; PMCID: PMC11823630."
PMC11823630,MPC,32–64,mg/L,"Furthermore, the MPC demonstrated a significant reduction with the combination treatment, decreasing from 32–64 mg/L for minocycline alone to 8 mg/L when co-administered with RW01.",Isolate 97,P. aeruginosa,PAO1,Wild-type reference strain,wild-type,NaN,minocycline,"In vitro potentiation of tetracyclines in Pseudomonas aeruginosa by RW01, a new cyclic peptide","Roson-Calero N, Gomis Font MA, Ruiz-Soriano A, Just-Baringo X, Pachón-Ibáñez ME, Salvador JP, Marco MP, Giralt E, Oliver A, Ballesté-Delpierre C, Vila J. In vitro potentiation of tetracyclines in Pseudomonas aeruginosa by RW01, a new cyclic peptide. Antimicrob Agents Chemother. 2025 Feb 13;69(2):e0145924. doi: 10.1128/aac.01459-24. Epub 2024 Dec 23. PMID: 39714156; PMCID: PMC11823630."
PMC11823630,MPC,8,mg/L,"Furthermore, the MPC demonstrated a significant reduction with the combination treatment, decreasing from 32–64 mg/L for minocycline alone to 8 mg/L when co-administered with RW01.",Isolate 98,P. aeruginosa,PAO1,Wild-type reference strain,wild-type,NaN,minocycline + RW01,"In vitro potentiation of tetracyclines in Pseudomonas aeruginosa by RW01, a new cyclic peptide","Roson-Calero N, Gomis Font MA, Ruiz-Soriano A, Just-Baringo X, Pachón-Ibáñez ME, Salvador JP, Marco MP, Giralt E, Oliver A, Ballesté-Delpierre C, Vila J. In vitro potentiation of tetracyclines in Pseudomonas aeruginosa by RW01, a new cyclic peptide. Antimicrob Agents Chemother. 2025 Feb 13;69(2):e0145924. doi: 10.1128/aac.01459-24. Epub 2024 Dec 23. PMID: 39714156; PMCID: PMC11823630."
PMC11823630,MIC,16,mg/L,The MIC of doxycycline for the PAO1 strain was 16 mg/L when tested alone and reduced to 1 mg/L in combination with RW01.,Isolate 99,P. aeruginosa,PAO1,Wild-type reference strain,wild-type,NaN,doxycycline,"In vitro potentiation of tetracyclines in Pseudomonas aeruginosa by RW01, a new cyclic peptide","Roson-Calero N, Gomis Font MA, Ruiz-Soriano A, Just-Baringo X, Pachón-Ibáñez ME, Salvador JP, Marco MP, Giralt E, Oliver A, Ballesté-Delpierre C, Vila J. In vitro potentiation of tetracyclines in Pseudomonas aeruginosa by RW01, a new cyclic peptide. Antimicrob Agents Chemother. 2025 Feb 13;69(2):e0145924. doi: 10.1128/aac.01459-24. Epub 2024 Dec 23. PMID: 39714156; PMCID: PMC11823630."
PMC11823630,MIC,1,mg/L,The MIC of doxycycline for the PAO1 strain was 16 mg/L when tested alone and reduced to 1 mg/L in combination with RW01.,Isolate 100,P. aeruginosa,PAO1,Wild-type reference strain,wild-type,NaN,doxycycline + RW01,"In vitro potentiation of tetracyclines in Pseudomonas aeruginosa by RW01, a new cyclic peptide","Roson-Calero N, Gomis Font MA, Ruiz-Soriano A, Just-Baringo X, Pachón-Ibáñez ME, Salvador JP, Marco MP, Giralt E, Oliver A, Ballesté-Delpierre C, Vila J. In vitro potentiation of tetracyclines in Pseudomonas aeruginosa by RW01, a new cyclic peptide. Antimicrob Agents Chemother. 2025 Feb 13;69(2):e0145924. doi: 10.1128/aac.01459-24. Epub 2024 Dec 23. PMID: 39714156; PMCID: PMC11823630."
PMC11823630,MIC,8 to 16,mg/L,"For minocycline, the MIC values ranged from 8 to 16 mg/L when tested alone and increased to 32 mg/L in the presence of serum.",Isolate 101,P. aeruginosa,PAO1,Wild-type reference strain,wild-type,NaN,minocycline,"In vitro potentiation of tetracyclines in Pseudomonas aeruginosa by RW01, a new cyclic peptide","Roson-Calero N, Gomis Font MA, Ruiz-Soriano A, Just-Baringo X, Pachón-Ibáñez ME, Salvador JP, Marco MP, Giralt E, Oliver A, Ballesté-Delpierre C, Vila J. In vitro potentiation of tetracyclines in Pseudomonas aeruginosa by RW01, a new cyclic peptide. Antimicrob Agents Chemother. 2025 Feb 13;69(2):e0145924. doi: 10.1128/aac.01459-24. Epub 2024 Dec 23. PMID: 39714156; PMCID: PMC11823630."
PMC11823630,MIC,32,mg/L,"For minocycline, the MIC values ranged from 8 to 16 mg/L when tested alone and increased to 32 mg/L in the presence of serum.",Isolate 102,P. aeruginosa,PAO1,Wild-type reference strain,wild-type,NaN,minocycline + serum,"In vitro potentiation of tetracyclines in Pseudomonas aeruginosa by RW01, a new cyclic peptide","Roson-Calero N, Gomis Font MA, Ruiz-Soriano A, Just-Baringo X, Pachón-Ibáñez ME, Salvador JP, Marco MP, Giralt E, Oliver A, Ballesté-Delpierre C, Vila J. In vitro potentiation of tetracyclines in Pseudomonas aeruginosa by RW01, a new cyclic peptide. Antimicrob Agents Chemother. 2025 Feb 13;69(2):e0145924. doi: 10.1128/aac.01459-24. Epub 2024 Dec 23. PMID: 39714156; PMCID: PMC11823630."
PMC11823630,minocycline MIC,2,mg/L,"In combination with RW01, the minocycline MIC increased from 2 to 4 mg/L in serum, reflecting a non-significant onefold increase.",Isolate 103,P. aeruginosa,PAO1,Wild-type reference strain,wild-type,NaN,minocycline + RW01,"In vitro potentiation of tetracyclines in Pseudomonas aeruginosa by RW01, a new cyclic peptide","Roson-Calero N, Gomis Font MA, Ruiz-Soriano A, Just-Baringo X, Pachón-Ibáñez ME, Salvador JP, Marco MP, Giralt E, Oliver A, Ballesté-Delpierre C, Vila J. In vitro potentiation of tetracyclines in Pseudomonas aeruginosa by RW01, a new cyclic peptide. Antimicrob Agents Chemother. 2025 Feb 13;69(2):e0145924. doi: 10.1128/aac.01459-24. Epub 2024 Dec 23. PMID: 39714156; PMCID: PMC11823630."
PMC11823630,minocycline MIC,4,mg/L,"In combination with RW01, the minocycline MIC increased from 2 to 4 mg/L in serum, reflecting a non-significant onefold increase.",Isolate 104,P. aeruginosa,PAO1,Wild-type reference strain,wild-type,NaN,minocycline + RW01 + serum,"In vitro potentiation of tetracyclines in Pseudomonas aeruginosa by RW01, a new cyclic peptide","Roson-Calero N, Gomis Font MA, Ruiz-Soriano A, Just-Baringo X, Pachón-Ibáñez ME, Salvador JP, Marco MP, Giralt E, Oliver A, Ballesté-Delpierre C, Vila J. In vitro potentiation of tetracyclines in Pseudomonas aeruginosa by RW01, a new cyclic peptide. Antimicrob Agents Chemother. 2025 Feb 13;69(2):e0145924. doi: 10.1128/aac.01459-24. Epub 2024 Dec 23. PMID: 39714156; PMCID: PMC11823630."
PMC11823630,minocycline MIC,onefold,NaN,"In combination with RW01, the minocycline MIC increased from 2 to 4 mg/L in serum, reflecting a non-significant onefold increase.",Isolate 104,P. aeruginosa,PAO1,Wild-type reference strain,wild-type,NaN,minocycline + RW01 + serum,"In vitro potentiation of tetracyclines in Pseudomonas aeruginosa by RW01, a new cyclic peptide","Roson-Calero N, Gomis Font MA, Ruiz-Soriano A, Just-Baringo X, Pachón-Ibáñez ME, Salvador JP, Marco MP, Giralt E, Oliver A, Ballesté-Delpierre C, Vila J. In vitro potentiation of tetracyclines in Pseudomonas aeruginosa by RW01, a new cyclic peptide. Antimicrob Agents Chemother. 2025 Feb 13;69(2):e0145924. doi: 10.1128/aac.01459-24. Epub 2024 Dec 23. PMID: 39714156; PMCID: PMC11823630."
PMC11823630,MIC,1,mg/L,"PAO1 suspension was incubated for 4 and 24 h with 0.2× MIC, 0.5× MIC, 1.0× MIC, 5.0× MIC, and 10.0× MIC, as well as with colistin (control treatment) at the same MIC proportions, where 1 mg/L is the MIC for colistin.",Isolate 105,P. aeruginosa,PAO1,Wild-type reference strain,–,NaN,colistin,"In vitro potentiation of tetracyclines in Pseudomonas aeruginosa by RW01, a new cyclic peptide","Roson-Calero N, Gomis Font MA, Ruiz-Soriano A, Just-Baringo X, Pachón-Ibáñez ME, Salvador JP, Marco MP, Giralt E, Oliver A, Ballesté-Delpierre C, Vila J. In vitro potentiation of tetracyclines in Pseudomonas aeruginosa by RW01, a new cyclic peptide. Antimicrob Agents Chemother. 2025 Feb 13;69(2):e0145924. doi: 10.1128/aac.01459-24. Epub 2024 Dec 23. PMID: 39714156; PMCID: PMC11823630."
PMC11823630,MIC,500,mg/L,"Immediately after, 10 µL of RW01 was added to a final concentration of 1× MIC (500 mg/L) and 0.2× MIC (100 mg/mL) in three different replicate wells.",Isolate 106,P. aeruginosa,PAO1,Wild-type reference strain,–,NaN,RW01,"In vitro potentiation of tetracyclines in Pseudomonas aeruginosa by RW01, a new cyclic peptide","Roson-Calero N, Gomis Font MA, Ruiz-Soriano A, Just-Baringo X, Pachón-Ibáñez ME, Salvador JP, Marco MP, Giralt E, Oliver A, Ballesté-Delpierre C, Vila J. In vitro potentiation of tetracyclines in Pseudomonas aeruginosa by RW01, a new cyclic peptide. Antimicrob Agents Chemother. 2025 Feb 13;69(2):e0145924. doi: 10.1128/aac.01459-24. Epub 2024 Dec 23. PMID: 39714156; PMCID: PMC11823630."
PMC11823630,MICs,512–1024,mg/L,"Upon examining the MICs of RW01 for the tested mutants, no significant reduction was observed when RW01 was used alone, with MIC values remaining consistent in the range of 512–1024 mg/L.",Isolate 107,P. aeruginosa,NaN,NaN,tested mutants,NaN,RW01,"In vitro potentiation of tetracyclines in Pseudomonas aeruginosa by RW01, a new cyclic peptide","Roson-Calero N, Gomis Font MA, Ruiz-Soriano A, Just-Baringo X, Pachón-Ibáñez ME, Salvador JP, Marco MP, Giralt E, Oliver A, Ballesté-Delpierre C, Vila J. In vitro potentiation of tetracyclines in Pseudomonas aeruginosa by RW01, a new cyclic peptide. Antimicrob Agents Chemother. 2025 Feb 13;69(2):e0145924. doi: 10.1128/aac.01459-24. Epub 2024 Dec 23. PMID: 39714156; PMCID: PMC11823630."
PMC11823630,MICs,0.5–1.0,mg/L,"However, the MICs for the minocycline-RW01 combination exhibited notable increases, rising from 0.5–1.0 mg/L to 4.0–8.0 mg/L and reaching as high as 16 mg/L in the case of the mutant MIN4_RW01_3.",Isolate 108,P. aeruginosa,NaN,NaN,NaN,NaN,minocycline-RW01 combination,"In vitro potentiation of tetracyclines in Pseudomonas aeruginosa by RW01, a new cyclic peptide","Roson-Calero N, Gomis Font MA, Ruiz-Soriano A, Just-Baringo X, Pachón-Ibáñez ME, Salvador JP, Marco MP, Giralt E, Oliver A, Ballesté-Delpierre C, Vila J. In vitro potentiation of tetracyclines in Pseudomonas aeruginosa by RW01, a new cyclic peptide. Antimicrob Agents Chemother. 2025 Feb 13;69(2):e0145924. doi: 10.1128/aac.01459-24. Epub 2024 Dec 23. PMID: 39714156; PMCID: PMC11823630."
PMC11823630,MICs,4.0–8.0,mg/L,"However, the MICs for the minocycline-RW01 combination exhibited notable increases, rising from 0.5–1.0 mg/L to 4.0–8.0 mg/L and reaching as high as 16 mg/L in the case of the mutant MIN4_RW01_3.",Isolate 108,P. aeruginosa,NaN,NaN,NaN,NaN,minocycline-RW01 combination,"In vitro potentiation of tetracyclines in Pseudomonas aeruginosa by RW01, a new cyclic peptide","Roson-Calero N, Gomis Font MA, Ruiz-Soriano A, Just-Baringo X, Pachón-Ibáñez ME, Salvador JP, Marco MP, Giralt E, Oliver A, Ballesté-Delpierre C, Vila J. In vitro potentiation of tetracyclines in Pseudomonas aeruginosa by RW01, a new cyclic peptide. Antimicrob Agents Chemother. 2025 Feb 13;69(2):e0145924. doi: 10.1128/aac.01459-24. Epub 2024 Dec 23. PMID: 39714156; PMCID: PMC11823630."
PMC11823630,MICs,16,mg/L,"However, the MICs for the minocycline-RW01 combination exhibited notable increases, rising from 0.5–1.0 mg/L to 4.0–8.0 mg/L and reaching as high as 16 mg/L in the case of the mutant MIN4_RW01_3.",Isolate 109,P. aeruginosa,MIN4_RW01_3,NaN,mutant MIN4_RW01_3,NaN,minocycline-RW01 combination,"In vitro potentiation of tetracyclines in Pseudomonas aeruginosa by RW01, a new cyclic peptide","Roson-Calero N, Gomis Font MA, Ruiz-Soriano A, Just-Baringo X, Pachón-Ibáñez ME, Salvador JP, Marco MP, Giralt E, Oliver A, Ballesté-Delpierre C, Vila J. In vitro potentiation of tetracyclines in Pseudomonas aeruginosa by RW01, a new cyclic peptide. Antimicrob Agents Chemother. 2025 Feb 13;69(2):e0145924. doi: 10.1128/aac.01459-24. Epub 2024 Dec 23. PMID: 39714156; PMCID: PMC11823630."
PMC11823630,MIC,twofold,NaN,"For spontaneous minocycline-resistant mutants, the MICs for the combination treatment showed smaller changes compared to those observed in mutants selected by the combination treatment, with only a twofold increase in MIC relative to the wild type and, in one case, a fourfold increase in the MIC of mutant MIN16_3.",Isolate 110,P. aeruginosa,NaN,NaN,spontaneous minocycline-resistant mutants,NaN,combination treatment,"In vitro potentiation of tetracyclines in Pseudomonas aeruginosa by RW01, a new cyclic peptide","Roson-Calero N, Gomis Font MA, Ruiz-Soriano A, Just-Baringo X, Pachón-Ibáñez ME, Salvador JP, Marco MP, Giralt E, Oliver A, Ballesté-Delpierre C, Vila J. In vitro potentiation of tetracyclines in Pseudomonas aeruginosa by RW01, a new cyclic peptide. Antimicrob Agents Chemother. 2025 Feb 13;69(2):e0145924. doi: 10.1128/aac.01459-24. Epub 2024 Dec 23. PMID: 39714156; PMCID: PMC11823630."
PMC11823630,MIC,fourfold,NaN,"For spontaneous minocycline-resistant mutants, the MICs for the combination treatment showed smaller changes compared to those observed in mutants selected by the combination treatment, with only a twofold increase in MIC relative to the wild type and, in one case, a fourfold increase in the MIC of mutant MIN16_3.",Isolate 111,P. aeruginosa,MIN16_3,NaN,mutant MIN16_3,NaN,combination treatment,"In vitro potentiation of tetracyclines in Pseudomonas aeruginosa by RW01, a new cyclic peptide","Roson-Calero N, Gomis Font MA, Ruiz-Soriano A, Just-Baringo X, Pachón-Ibáñez ME, Salvador JP, Marco MP, Giralt E, Oliver A, Ballesté-Delpierre C, Vila J. In vitro potentiation of tetracyclines in Pseudomonas aeruginosa by RW01, a new cyclic peptide. Antimicrob Agents Chemother. 2025 Feb 13;69(2):e0145924. doi: 10.1128/aac.01459-24. Epub 2024 Dec 23. PMID: 39714156; PMCID: PMC11823630."
PMC11823630,MICs,64,mg/L,"The MICs for minocycline alone increased similarly across both mutant types, with values reaching up to 64 mg/L, though they typically remained within the range of 16–32 mg/L.",Isolate 112,P. aeruginosa,NaN,NaN,both mutant types,NaN,minocycline,"In vitro potentiation of tetracyclines in Pseudomonas aeruginosa by RW01, a new cyclic peptide","Roson-Calero N, Gomis Font MA, Ruiz-Soriano A, Just-Baringo X, Pachón-Ibáñez ME, Salvador JP, Marco MP, Giralt E, Oliver A, Ballesté-Delpierre C, Vila J. In vitro potentiation of tetracyclines in Pseudomonas aeruginosa by RW01, a new cyclic peptide. Antimicrob Agents Chemother. 2025 Feb 13;69(2):e0145924. doi: 10.1128/aac.01459-24. Epub 2024 Dec 23. PMID: 39714156; PMCID: PMC11823630."
PMC11823630,MICs,16–32,mg/L,"The MICs for minocycline alone increased similarly across both mutant types, with values reaching up to 64 mg/L, though they typically remained within the range of 16–32 mg/L.",Isolate 112,P. aeruginosa,NaN,NaN,both mutant types,NaN,minocycline,"In vitro potentiation of tetracyclines in Pseudomonas aeruginosa by RW01, a new cyclic peptide","Roson-Calero N, Gomis Font MA, Ruiz-Soriano A, Just-Baringo X, Pachón-Ibáñez ME, Salvador JP, Marco MP, Giralt E, Oliver A, Ballesté-Delpierre C, Vila J. In vitro potentiation of tetracyclines in Pseudomonas aeruginosa by RW01, a new cyclic peptide. Antimicrob Agents Chemother. 2025 Feb 13;69(2):e0145924. doi: 10.1128/aac.01459-24. Epub 2024 Dec 23. PMID: 39714156; PMCID: PMC11823630."
PMC11823630,colistin MICs,1,mg/L,"Susceptibility assays performed with Sensititre custom plates confirmed the presence of cross-resistance to colistin in mutants derived from the combination treatment, with colistin MICs increasing from 1 to 2–4 mg/L in most cases and reaching 16 mg/L in the mutant MIN4_RW01_4.",Isolate 113,P. aeruginosa,NaN,NaN,mutants derived from the combination treatment,NaN,colistin,"In vitro potentiation of tetracyclines in Pseudomonas aeruginosa by RW01, a new cyclic peptide","Roson-Calero N, Gomis Font MA, Ruiz-Soriano A, Just-Baringo X, Pachón-Ibáñez ME, Salvador JP, Marco MP, Giralt E, Oliver A, Ballesté-Delpierre C, Vila J. In vitro potentiation of tetracyclines in Pseudomonas aeruginosa by RW01, a new cyclic peptide. Antimicrob Agents Chemother. 2025 Feb 13;69(2):e0145924. doi: 10.1128/aac.01459-24. Epub 2024 Dec 23. PMID: 39714156; PMCID: PMC11823630."
PMC11823630,colistin MICs,2–4,mg/L,"Susceptibility assays performed with Sensititre custom plates confirmed the presence of cross-resistance to colistin in mutants derived from the combination treatment, with colistin MICs increasing from 1 to 2–4 mg/L in most cases and reaching 16 mg/L in the mutant MIN4_RW01_4.",Isolate 113,P. aeruginosa,NaN,NaN,mutants derived from the combination treatment,NaN,colistin,"In vitro potentiation of tetracyclines in Pseudomonas aeruginosa by RW01, a new cyclic peptide","Roson-Calero N, Gomis Font MA, Ruiz-Soriano A, Just-Baringo X, Pachón-Ibáñez ME, Salvador JP, Marco MP, Giralt E, Oliver A, Ballesté-Delpierre C, Vila J. In vitro potentiation of tetracyclines in Pseudomonas aeruginosa by RW01, a new cyclic peptide. Antimicrob Agents Chemother. 2025 Feb 13;69(2):e0145924. doi: 10.1128/aac.01459-24. Epub 2024 Dec 23. PMID: 39714156; PMCID: PMC11823630."
PMC11823630,colistin MICs,16,mg/L,"Susceptibility assays performed with Sensititre custom plates confirmed the presence of cross-resistance to colistin in mutants derived from the combination treatment, with colistin MICs increasing from 1 to 2–4 mg/L in most cases and reaching 16 mg/L in the mutant MIN4_RW01_4.",Isolate 114,P. aeruginosa,MIN4_RW01_4,NaN,mutant MIN4_RW01_4,NaN,colistin,"In vitro potentiation of tetracyclines in Pseudomonas aeruginosa by RW01, a new cyclic peptide","Roson-Calero N, Gomis Font MA, Ruiz-Soriano A, Just-Baringo X, Pachón-Ibáñez ME, Salvador JP, Marco MP, Giralt E, Oliver A, Ballesté-Delpierre C, Vila J. In vitro potentiation of tetracyclines in Pseudomonas aeruginosa by RW01, a new cyclic peptide. Antimicrob Agents Chemother. 2025 Feb 13;69(2):e0145924. doi: 10.1128/aac.01459-24. Epub 2024 Dec 23. PMID: 39714156; PMCID: PMC11823630."
PMC2865528,selection coefficient,zero,NaN,A selection coefficient of zero indicates that strains have equal fitness.,Isolate 1,P. aeruginosa,NaN,NaN,lasR mutants,NaN,azithromycin,Quorum Sensing Inhibition Selects for Virulence and Cooperation in Pseudomonas aeruginosa,"Köhler T, Perron GG, Buckling A, van Delden C. Quorum sensing inhibition selects for virulence and cooperation in Pseudomonas aeruginosa. PLoS Pathog. 2010 May 6;6(5):e1000883. doi: 10.1371/journal.ppat.1000883. PMID: 20463812; PMCID: PMC2865528."
PMC2865528,growth rate,reduced by approximately 50,%,"Consistent with previous studies, growth rate of the lasR mutant in monoculture was reduced relative to the wildtype (by approximately 50%) in the absence of azithromycin, demonstrating an advantage of QS in this environment (Figure 4a; 2-sample t-test: P<0.05).",Isolate 2,P. aeruginosa,NaN,NaN,lasR mutant,NaN,azithromycin,Quorum Sensing Inhibition Selects for Virulence and Cooperation in Pseudomonas aeruginosa,"Köhler T, Perron GG, Buckling A, van Delden C. Quorum sensing inhibition selects for virulence and cooperation in Pseudomonas aeruginosa. PLoS Pathog. 2010 May 6;6(5):e1000883. doi: 10.1371/journal.ppat.1000883. PMID: 20463812; PMCID: PMC2865528."
PMC12330098,MIC,16,µg/ml,Table - PMC,Isolate 1,P. aeruginosa,PA161,retrieved from the archives of the Department of Microbiology.,CSPA1,NaN,Ciprofloxacin,The in vitro evaluation of synergistic effects of ciprofloxacin and berberine hydrochloride against Pseudomonas aeruginosa,"Zeraatpisheh A, Moradi M, Arshadi M, Taheri B, Zahmatkeshan M, Dehbashi FN, Esmaeili F, Amanzadi B, Farshadzadeh Z. The in vitro evaluation of synergistic effects of ciprofloxacin and berberine hydrochloride against Pseudomonas aeruginosa. BMC Microbiol. 2025 Aug 7;25(1):487. doi: 10.1186/s12866-025-04223-w. PMID: 40775294; PMCID: PMC12330098."
PMC12330098,MBC,16,µg/ml,Table - PMC,Isolate 1,P. aeruginosa,PA161,retrieved from the archives of the Department of Microbiology.,CSPA1,NaN,Ciprofloxacin,The in vitro evaluation of synergistic effects of ciprofloxacin and berberine hydrochloride against Pseudomonas aeruginosa,"Zeraatpisheh A, Moradi M, Arshadi M, Taheri B, Zahmatkeshan M, Dehbashi FN, Esmaeili F, Amanzadi B, Farshadzadeh Z. The in vitro evaluation of synergistic effects of ciprofloxacin and berberine hydrochloride against Pseudomonas aeruginosa. BMC Microbiol. 2025 Aug 7;25(1):487. doi: 10.1186/s12866-025-04223-w. PMID: 40775294; PMCID: PMC12330098."
PMC12330098,MBEC,> 256,µg/ml,Table - PMC,Isolate 2,P. aeruginosa,PA161,retrieved from the archives of the Department of Microbiology.,CSPA1,biofilm,Ciprofloxacin,The in vitro evaluation of synergistic effects of ciprofloxacin and berberine hydrochloride against Pseudomonas aeruginosa,"Zeraatpisheh A, Moradi M, Arshadi M, Taheri B, Zahmatkeshan M, Dehbashi FN, Esmaeili F, Amanzadi B, Farshadzadeh Z. The in vitro evaluation of synergistic effects of ciprofloxacin and berberine hydrochloride against Pseudomonas aeruginosa. BMC Microbiol. 2025 Aug 7;25(1):487. doi: 10.1186/s12866-025-04223-w. PMID: 40775294; PMCID: PMC12330098."
PMC12330098,MBIC,16,µg/ml,Table - PMC,Isolate 2,P. aeruginosa,PA161,retrieved from the archives of the Department of Microbiology.,CSPA1,biofilm,Ciprofloxacin,The in vitro evaluation of synergistic effects of ciprofloxacin and berberine hydrochloride against Pseudomonas aeruginosa,"Zeraatpisheh A, Moradi M, Arshadi M, Taheri B, Zahmatkeshan M, Dehbashi FN, Esmaeili F, Amanzadi B, Farshadzadeh Z. The in vitro evaluation of synergistic effects of ciprofloxacin and berberine hydrochloride against Pseudomonas aeruginosa. BMC Microbiol. 2025 Aug 7;25(1):487. doi: 10.1186/s12866-025-04223-w. PMID: 40775294; PMCID: PMC12330098."
PMC12330098,MIC,1187,µg/mL,Table - PMC,Isolate 3,P. aeruginosa,PA161,retrieved from the archives of the Department of Microbiology.,CSPA1,NaN,Berberine hydrochloride,The in vitro evaluation of synergistic effects of ciprofloxacin and berberine hydrochloride against Pseudomonas aeruginosa,"Zeraatpisheh A, Moradi M, Arshadi M, Taheri B, Zahmatkeshan M, Dehbashi FN, Esmaeili F, Amanzadi B, Farshadzadeh Z. The in vitro evaluation of synergistic effects of ciprofloxacin and berberine hydrochloride against Pseudomonas aeruginosa. BMC Microbiol. 2025 Aug 7;25(1):487. doi: 10.1186/s12866-025-04223-w. PMID: 40775294; PMCID: PMC12330098."
PMC12330098,MBC,2375,µg/mL,Table - PMC,Isolate 3,P. aeruginosa,PA161,retrieved from the archives of the Department of Microbiology.,CSPA1,NaN,Berberine hydrochloride,The in vitro evaluation of synergistic effects of ciprofloxacin and berberine hydrochloride against Pseudomonas aeruginosa,"Zeraatpisheh A, Moradi M, Arshadi M, Taheri B, Zahmatkeshan M, Dehbashi FN, Esmaeili F, Amanzadi B, Farshadzadeh Z. The in vitro evaluation of synergistic effects of ciprofloxacin and berberine hydrochloride against Pseudomonas aeruginosa. BMC Microbiol. 2025 Aug 7;25(1):487. doi: 10.1186/s12866-025-04223-w. PMID: 40775294; PMCID: PMC12330098."
PMC12330098,MBEC,> 2375,µg/mL,Table - PMC,Isolate 4,P. aeruginosa,PA161,retrieved from the archives of the Department of Microbiology.,CSPA1,biofilm,Berberine hydrochloride,The in vitro evaluation of synergistic effects of ciprofloxacin and berberine hydrochloride against Pseudomonas aeruginosa,"Zeraatpisheh A, Moradi M, Arshadi M, Taheri B, Zahmatkeshan M, Dehbashi FN, Esmaeili F, Amanzadi B, Farshadzadeh Z. The in vitro evaluation of synergistic effects of ciprofloxacin and berberine hydrochloride against Pseudomonas aeruginosa. BMC Microbiol. 2025 Aug 7;25(1):487. doi: 10.1186/s12866-025-04223-w. PMID: 40775294; PMCID: PMC12330098."
PMC12330098,MBIC,1187,µg/mL,Table - PMC,Isolate 4,P. aeruginosa,PA161,retrieved from the archives of the Department of Microbiology.,CSPA1,biofilm,Berberine hydrochloride,The in vitro evaluation of synergistic effects of ciprofloxacin and berberine hydrochloride against Pseudomonas aeruginosa,"Zeraatpisheh A, Moradi M, Arshadi M, Taheri B, Zahmatkeshan M, Dehbashi FN, Esmaeili F, Amanzadi B, Farshadzadeh Z. The in vitro evaluation of synergistic effects of ciprofloxacin and berberine hydrochloride against Pseudomonas aeruginosa. BMC Microbiol. 2025 Aug 7;25(1):487. doi: 10.1186/s12866-025-04223-w. PMID: 40775294; PMCID: PMC12330098."
PMC12330098,MIC,1,µg/ml,Table - PMC,Isolate 5,P. aeruginosa,PA163,retrieved from the archives of the Department of Microbiology.,CSPA2,NaN,Ciprofloxacin,The in vitro evaluation of synergistic effects of ciprofloxacin and berberine hydrochloride against Pseudomonas aeruginosa,"Zeraatpisheh A, Moradi M, Arshadi M, Taheri B, Zahmatkeshan M, Dehbashi FN, Esmaeili F, Amanzadi B, Farshadzadeh Z. The in vitro evaluation of synergistic effects of ciprofloxacin and berberine hydrochloride against Pseudomonas aeruginosa. BMC Microbiol. 2025 Aug 7;25(1):487. doi: 10.1186/s12866-025-04223-w. PMID: 40775294; PMCID: PMC12330098."
PMC12330098,MBC,4,µg/ml,Table - PMC,Isolate 5,P. aeruginosa,PA163,retrieved from the archives of the Department of Microbiology.,CSPA2,NaN,Ciprofloxacin,The in vitro evaluation of synergistic effects of ciprofloxacin and berberine hydrochloride against Pseudomonas aeruginosa,"Zeraatpisheh A, Moradi M, Arshadi M, Taheri B, Zahmatkeshan M, Dehbashi FN, Esmaeili F, Amanzadi B, Farshadzadeh Z. The in vitro evaluation of synergistic effects of ciprofloxacin and berberine hydrochloride against Pseudomonas aeruginosa. BMC Microbiol. 2025 Aug 7;25(1):487. doi: 10.1186/s12866-025-04223-w. PMID: 40775294; PMCID: PMC12330098."
PMC12330098,MBEC,> 256,µg/ml,Table - PMC,Isolate 6,P. aeruginosa,PA163,retrieved from the archives of the Department of Microbiology.,CSPA2,biofilm,Ciprofloxacin,The in vitro evaluation of synergistic effects of ciprofloxacin and berberine hydrochloride against Pseudomonas aeruginosa,"Zeraatpisheh A, Moradi M, Arshadi M, Taheri B, Zahmatkeshan M, Dehbashi FN, Esmaeili F, Amanzadi B, Farshadzadeh Z. The in vitro evaluation of synergistic effects of ciprofloxacin and berberine hydrochloride against Pseudomonas aeruginosa. BMC Microbiol. 2025 Aug 7;25(1):487. doi: 10.1186/s12866-025-04223-w. PMID: 40775294; PMCID: PMC12330098."
PMC12330098,MBIC,1,µg/ml,Table - PMC,Isolate 6,P. aeruginosa,PA163,retrieved from the archives of the Department of Microbiology.,CSPA2,biofilm,Ciprofloxacin,The in vitro evaluation of synergistic effects of ciprofloxacin and berberine hydrochloride against Pseudomonas aeruginosa,"Zeraatpisheh A, Moradi M, Arshadi M, Taheri B, Zahmatkeshan M, Dehbashi FN, Esmaeili F, Amanzadi B, Farshadzadeh Z. The in vitro evaluation of synergistic effects of ciprofloxacin and berberine hydrochloride against Pseudomonas aeruginosa. BMC Microbiol. 2025 Aug 7;25(1):487. doi: 10.1186/s12866-025-04223-w. PMID: 40775294; PMCID: PMC12330098."
PMC12330098,MIC,1187,µg/mL,Table - PMC,Isolate 7,P. aeruginosa,PA163,retrieved from the archives of the Department of Microbiology.,CSPA2,NaN,Berberine hydrochloride,The in vitro evaluation of synergistic effects of ciprofloxacin and berberine hydrochloride against Pseudomonas aeruginosa,"Zeraatpisheh A, Moradi M, Arshadi M, Taheri B, Zahmatkeshan M, Dehbashi FN, Esmaeili F, Amanzadi B, Farshadzadeh Z. The in vitro evaluation of synergistic effects of ciprofloxacin and berberine hydrochloride against Pseudomonas aeruginosa. BMC Microbiol. 2025 Aug 7;25(1):487. doi: 10.1186/s12866-025-04223-w. PMID: 40775294; PMCID: PMC12330098."
PMC12330098,MBC,2375,µg/mL,Table - PMC,Isolate 7,P. aeruginosa,PA163,retrieved from the archives of the Department of Microbiology.,CSPA2,NaN,Berberine hydrochloride,The in vitro evaluation of synergistic effects of ciprofloxacin and berberine hydrochloride against Pseudomonas aeruginosa,"Zeraatpisheh A, Moradi M, Arshadi M, Taheri B, Zahmatkeshan M, Dehbashi FN, Esmaeili F, Amanzadi B, Farshadzadeh Z. The in vitro evaluation of synergistic effects of ciprofloxacin and berberine hydrochloride against Pseudomonas aeruginosa. BMC Microbiol. 2025 Aug 7;25(1):487. doi: 10.1186/s12866-025-04223-w. PMID: 40775294; PMCID: PMC12330098."
PMC12330098,MBEC,> 2375,µg/mL,Table - PMC,Isolate 8,P. aeruginosa,PA163,retrieved from the archives of the Department of Microbiology.,CSPA2,biofilm,Berberine hydrochloride,The in vitro evaluation of synergistic effects of ciprofloxacin and berberine hydrochloride against Pseudomonas aeruginosa,"Zeraatpisheh A, Moradi M, Arshadi M, Taheri B, Zahmatkeshan M, Dehbashi FN, Esmaeili F, Amanzadi B, Farshadzadeh Z. The in vitro evaluation of synergistic effects of ciprofloxacin and berberine hydrochloride against Pseudomonas aeruginosa. BMC Microbiol. 2025 Aug 7;25(1):487. doi: 10.1186/s12866-025-04223-w. PMID: 40775294; PMCID: PMC12330098."
PMC12330098,MBIC,1187,µg/mL,Table - PMC,Isolate 8,P. aeruginosa,PA163,retrieved from the archives of the Department of Microbiology.,CSPA2,biofilm,Berberine hydrochloride,The in vitro evaluation of synergistic effects of ciprofloxacin and berberine hydrochloride against Pseudomonas aeruginosa,"Zeraatpisheh A, Moradi M, Arshadi M, Taheri B, Zahmatkeshan M, Dehbashi FN, Esmaeili F, Amanzadi B, Farshadzadeh Z. The in vitro evaluation of synergistic effects of ciprofloxacin and berberine hydrochloride against Pseudomonas aeruginosa. BMC Microbiol. 2025 Aug 7;25(1):487. doi: 10.1186/s12866-025-04223-w. PMID: 40775294; PMCID: PMC12330098."
PMC12330098,MIC,0.5,µg/ml,Table - PMC,Isolate 9,P. aeruginosa,PA165,retrieved from the archives of the Department of Microbiology.,CRPA1,NaN,Ciprofloxacin,The in vitro evaluation of synergistic effects of ciprofloxacin and berberine hydrochloride against Pseudomonas aeruginosa,"Zeraatpisheh A, Moradi M, Arshadi M, Taheri B, Zahmatkeshan M, Dehbashi FN, Esmaeili F, Amanzadi B, Farshadzadeh Z. The in vitro evaluation of synergistic effects of ciprofloxacin and berberine hydrochloride against Pseudomonas aeruginosa. BMC Microbiol. 2025 Aug 7;25(1):487. doi: 10.1186/s12866-025-04223-w. PMID: 40775294; PMCID: PMC12330098."
PMC12330098,MBC,0.5,µg/ml,Table - PMC,Isolate 9,P. aeruginosa,PA165,retrieved from the archives of the Department of Microbiology.,CRPA1,NaN,Ciprofloxacin,The in vitro evaluation of synergistic effects of ciprofloxacin and berberine hydrochloride against Pseudomonas aeruginosa,"Zeraatpisheh A, Moradi M, Arshadi M, Taheri B, Zahmatkeshan M, Dehbashi FN, Esmaeili F, Amanzadi B, Farshadzadeh Z. The in vitro evaluation of synergistic effects of ciprofloxacin and berberine hydrochloride against Pseudomonas aeruginosa. BMC Microbiol. 2025 Aug 7;25(1):487. doi: 10.1186/s12866-025-04223-w. PMID: 40775294; PMCID: PMC12330098."
PMC12330098,MBEC,> 256,µg/ml,Table - PMC,Isolate 10,P. aeruginosa,PA165,retrieved from the archives of the Department of Microbiology.,CRPA1,biofilm,Ciprofloxacin,The in vitro evaluation of synergistic effects of ciprofloxacin and berberine hydrochloride against Pseudomonas aeruginosa,"Zeraatpisheh A, Moradi M, Arshadi M, Taheri B, Zahmatkeshan M, Dehbashi FN, Esmaeili F, Amanzadi B, Farshadzadeh Z. The in vitro evaluation of synergistic effects of ciprofloxacin and berberine hydrochloride against Pseudomonas aeruginosa. BMC Microbiol. 2025 Aug 7;25(1):487. doi: 10.1186/s12866-025-04223-w. PMID: 40775294; PMCID: PMC12330098."
PMC12330098,MBIC,0.5,µg/ml,Table - PMC,Isolate 10,P. aeruginosa,PA165,retrieved from the archives of the Department of Microbiology.,CRPA1,biofilm,Ciprofloxacin,The in vitro evaluation of synergistic effects of ciprofloxacin and berberine hydrochloride against Pseudomonas aeruginosa,"Zeraatpisheh A, Moradi M, Arshadi M, Taheri B, Zahmatkeshan M, Dehbashi FN, Esmaeili F, Amanzadi B, Farshadzadeh Z. The in vitro evaluation of synergistic effects of ciprofloxacin and berberine hydrochloride against Pseudomonas aeruginosa. BMC Microbiol. 2025 Aug 7;25(1):487. doi: 10.1186/s12866-025-04223-w. PMID: 40775294; PMCID: PMC12330098."
PMC12330098,MIC,1187,µg/mL,Table - PMC,Isolate 11,P. aeruginosa,PA165,retrieved from the archives of the Department of Microbiology.,CRPA1,NaN,Berberine hydrochloride,The in vitro evaluation of synergistic effects of ciprofloxacin and berberine hydrochloride against Pseudomonas aeruginosa,"Zeraatpisheh A, Moradi M, Arshadi M, Taheri B, Zahmatkeshan M, Dehbashi FN, Esmaeili F, Amanzadi B, Farshadzadeh Z. The in vitro evaluation of synergistic effects of ciprofloxacin and berberine hydrochloride against Pseudomonas aeruginosa. BMC Microbiol. 2025 Aug 7;25(1):487. doi: 10.1186/s12866-025-04223-w. PMID: 40775294; PMCID: PMC12330098."
PMC12330098,MBC,2375,µg/mL,Table - PMC,Isolate 11,P. aeruginosa,PA165,retrieved from the archives of the Department of Microbiology.,CRPA1,NaN,Berberine hydrochloride,The in vitro evaluation of synergistic effects of ciprofloxacin and berberine hydrochloride against Pseudomonas aeruginosa,"Zeraatpisheh A, Moradi M, Arshadi M, Taheri B, Zahmatkeshan M, Dehbashi FN, Esmaeili F, Amanzadi B, Farshadzadeh Z. The in vitro evaluation of synergistic effects of ciprofloxacin and berberine hydrochloride against Pseudomonas aeruginosa. BMC Microbiol. 2025 Aug 7;25(1):487. doi: 10.1186/s12866-025-04223-w. PMID: 40775294; PMCID: PMC12330098."
PMC12330098,MBEC,> 2375,µg/mL,Table - PMC,Isolate 12,P. aeruginosa,PA165,retrieved from the archives of the Department of Microbiology.,CRPA1,biofilm,Berberine hydrochloride,The in vitro evaluation of synergistic effects of ciprofloxacin and berberine hydrochloride against Pseudomonas aeruginosa,"Zeraatpisheh A, Moradi M, Arshadi M, Taheri B, Zahmatkeshan M, Dehbashi FN, Esmaeili F, Amanzadi B, Farshadzadeh Z. The in vitro evaluation of synergistic effects of ciprofloxacin and berberine hydrochloride against Pseudomonas aeruginosa. BMC Microbiol. 2025 Aug 7;25(1):487. doi: 10.1186/s12866-025-04223-w. PMID: 40775294; PMCID: PMC12330098."
PMC12330098,MBIC,1187,µg/mL,Table - PMC,Isolate 12,P. aeruginosa,PA165,retrieved from the archives of the Department of Microbiology.,CRPA1,biofilm,Berberine hydrochloride,The in vitro evaluation of synergistic effects of ciprofloxacin and berberine hydrochloride against Pseudomonas aeruginosa,"Zeraatpisheh A, Moradi M, Arshadi M, Taheri B, Zahmatkeshan M, Dehbashi FN, Esmaeili F, Amanzadi B, Farshadzadeh Z. The in vitro evaluation of synergistic effects of ciprofloxacin and berberine hydrochloride against Pseudomonas aeruginosa. BMC Microbiol. 2025 Aug 7;25(1):487. doi: 10.1186/s12866-025-04223-w. PMID: 40775294; PMCID: PMC12330098."
PMC12330098,MIC,0.5,µg/ml,Table - PMC,Isolate 13,P. aeruginosa,PA166,retrieved from the archives of the Department of Microbiology.,CSPA3,NaN,Ciprofloxacin,The in vitro evaluation of synergistic effects of ciprofloxacin and berberine hydrochloride against Pseudomonas aeruginosa,"Zeraatpisheh A, Moradi M, Arshadi M, Taheri B, Zahmatkeshan M, Dehbashi FN, Esmaeili F, Amanzadi B, Farshadzadeh Z. The in vitro evaluation of synergistic effects of ciprofloxacin and berberine hydrochloride against Pseudomonas aeruginosa. BMC Microbiol. 2025 Aug 7;25(1):487. doi: 10.1186/s12866-025-04223-w. PMID: 40775294; PMCID: PMC12330098."
PMC12330098,MBC,0.5,µg/ml,Table - PMC,Isolate 13,P. aeruginosa,PA166,retrieved from the archives of the Department of Microbiology.,CSPA3,NaN,Ciprofloxacin,The in vitro evaluation of synergistic effects of ciprofloxacin and berberine hydrochloride against Pseudomonas aeruginosa,"Zeraatpisheh A, Moradi M, Arshadi M, Taheri B, Zahmatkeshan M, Dehbashi FN, Esmaeili F, Amanzadi B, Farshadzadeh Z. The in vitro evaluation of synergistic effects of ciprofloxacin and berberine hydrochloride against Pseudomonas aeruginosa. BMC Microbiol. 2025 Aug 7;25(1):487. doi: 10.1186/s12866-025-04223-w. PMID: 40775294; PMCID: PMC12330098."
PMC12330098,MBEC,> 256,µg/ml,Table - PMC,Isolate 14,P. aeruginosa,PA166,retrieved from the archives of the Department of Microbiology.,CSPA3,biofilm,Ciprofloxacin,The in vitro evaluation of synergistic effects of ciprofloxacin and berberine hydrochloride against Pseudomonas aeruginosa,"Zeraatpisheh A, Moradi M, Arshadi M, Taheri B, Zahmatkeshan M, Dehbashi FN, Esmaeili F, Amanzadi B, Farshadzadeh Z. The in vitro evaluation of synergistic effects of ciprofloxacin and berberine hydrochloride against Pseudomonas aeruginosa. BMC Microbiol. 2025 Aug 7;25(1):487. doi: 10.1186/s12866-025-04223-w. PMID: 40775294; PMCID: PMC12330098."
PMC12330098,MBIC,0.5,µg/ml,Table - PMC,Isolate 14,P. aeruginosa,PA166,retrieved from the archives of the Department of Microbiology.,CSPA3,biofilm,Ciprofloxacin,The in vitro evaluation of synergistic effects of ciprofloxacin and berberine hydrochloride against Pseudomonas aeruginosa,"Zeraatpisheh A, Moradi M, Arshadi M, Taheri B, Zahmatkeshan M, Dehbashi FN, Esmaeili F, Amanzadi B, Farshadzadeh Z. The in vitro evaluation of synergistic effects of ciprofloxacin and berberine hydrochloride against Pseudomonas aeruginosa. BMC Microbiol. 2025 Aug 7;25(1):487. doi: 10.1186/s12866-025-04223-w. PMID: 40775294; PMCID: PMC12330098."
PMC12330098,MIC,1187,µg/mL,Table - PMC,Isolate 15,P. aeruginosa,PA166,retrieved from the archives of the Department of Microbiology.,CSPA3,NaN,Berberine hydrochloride,The in vitro evaluation of synergistic effects of ciprofloxacin and berberine hydrochloride against Pseudomonas aeruginosa,"Zeraatpisheh A, Moradi M, Arshadi M, Taheri B, Zahmatkeshan M, Dehbashi FN, Esmaeili F, Amanzadi B, Farshadzadeh Z. The in vitro evaluation of synergistic effects of ciprofloxacin and berberine hydrochloride against Pseudomonas aeruginosa. BMC Microbiol. 2025 Aug 7;25(1):487. doi: 10.1186/s12866-025-04223-w. PMID: 40775294; PMCID: PMC12330098."
PMC12330098,MBC,2375,µg/mL,Table - PMC,Isolate 15,P. aeruginosa,PA166,retrieved from the archives of the Department of Microbiology.,CSPA3,NaN,Berberine hydrochloride,The in vitro evaluation of synergistic effects of ciprofloxacin and berberine hydrochloride against Pseudomonas aeruginosa,"Zeraatpisheh A, Moradi M, Arshadi M, Taheri B, Zahmatkeshan M, Dehbashi FN, Esmaeili F, Amanzadi B, Farshadzadeh Z. The in vitro evaluation of synergistic effects of ciprofloxacin and berberine hydrochloride against Pseudomonas aeruginosa. BMC Microbiol. 2025 Aug 7;25(1):487. doi: 10.1186/s12866-025-04223-w. PMID: 40775294; PMCID: PMC12330098."
PMC12330098,MBEC,> 2375,µg/mL,Table - PMC,Isolate 16,P. aeruginosa,PA166,retrieved from the archives of the Department of Microbiology.,CSPA3,biofilm,Berberine hydrochloride,The in vitro evaluation of synergistic effects of ciprofloxacin and berberine hydrochloride against Pseudomonas aeruginosa,"Zeraatpisheh A, Moradi M, Arshadi M, Taheri B, Zahmatkeshan M, Dehbashi FN, Esmaeili F, Amanzadi B, Farshadzadeh Z. The in vitro evaluation of synergistic effects of ciprofloxacin and berberine hydrochloride against Pseudomonas aeruginosa. BMC Microbiol. 2025 Aug 7;25(1):487. doi: 10.1186/s12866-025-04223-w. PMID: 40775294; PMCID: PMC12330098."
PMC12330098,MBIC,1187,µg/mL,Table - PMC,Isolate 16,P. aeruginosa,PA166,retrieved from the archives of the Department of Microbiology.,CSPA3,biofilm,Berberine hydrochloride,The in vitro evaluation of synergistic effects of ciprofloxacin and berberine hydrochloride against Pseudomonas aeruginosa,"Zeraatpisheh A, Moradi M, Arshadi M, Taheri B, Zahmatkeshan M, Dehbashi FN, Esmaeili F, Amanzadi B, Farshadzadeh Z. The in vitro evaluation of synergistic effects of ciprofloxacin and berberine hydrochloride against Pseudomonas aeruginosa. BMC Microbiol. 2025 Aug 7;25(1):487. doi: 10.1186/s12866-025-04223-w. PMID: 40775294; PMCID: PMC12330098."
PMC12330098,MIC,0.5,µg/ml,Table - PMC,Isolate 17,P. aeruginosa,PA180,retrieved from the archives of the Department of Microbiology.,CSPA4,NaN,Ciprofloxacin,The in vitro evaluation of synergistic effects of ciprofloxacin and berberine hydrochloride against Pseudomonas aeruginosa,"Zeraatpisheh A, Moradi M, Arshadi M, Taheri B, Zahmatkeshan M, Dehbashi FN, Esmaeili F, Amanzadi B, Farshadzadeh Z. The in vitro evaluation of synergistic effects of ciprofloxacin and berberine hydrochloride against Pseudomonas aeruginosa. BMC Microbiol. 2025 Aug 7;25(1):487. doi: 10.1186/s12866-025-04223-w. PMID: 40775294; PMCID: PMC12330098."
PMC12330098,MBC,1,µg/ml,Table - PMC,Isolate 17,P. aeruginosa,PA180,retrieved from the archives of the Department of Microbiology.,CSPA4,NaN,Ciprofloxacin,The in vitro evaluation of synergistic effects of ciprofloxacin and berberine hydrochloride against Pseudomonas aeruginosa,"Zeraatpisheh A, Moradi M, Arshadi M, Taheri B, Zahmatkeshan M, Dehbashi FN, Esmaeili F, Amanzadi B, Farshadzadeh Z. The in vitro evaluation of synergistic effects of ciprofloxacin and berberine hydrochloride against Pseudomonas aeruginosa. BMC Microbiol. 2025 Aug 7;25(1):487. doi: 10.1186/s12866-025-04223-w. PMID: 40775294; PMCID: PMC12330098."
PMC12330098,MBEC,> 256,µg/ml,Table - PMC,Isolate 18,P. aeruginosa,PA180,retrieved from the archives of the Department of Microbiology.,CSPA4,biofilm,Ciprofloxacin,The in vitro evaluation of synergistic effects of ciprofloxacin and berberine hydrochloride against Pseudomonas aeruginosa,"Zeraatpisheh A, Moradi M, Arshadi M, Taheri B, Zahmatkeshan M, Dehbashi FN, Esmaeili F, Amanzadi B, Farshadzadeh Z. The in vitro evaluation of synergistic effects of ciprofloxacin and berberine hydrochloride against Pseudomonas aeruginosa. BMC Microbiol. 2025 Aug 7;25(1):487. doi: 10.1186/s12866-025-04223-w. PMID: 40775294; PMCID: PMC12330098."
PMC12330098,MBIC,0.5,µg/ml,Table - PMC,Isolate 18,P. aeruginosa,PA180,retrieved from the archives of the Department of Microbiology.,CSPA4,biofilm,Ciprofloxacin,The in vitro evaluation of synergistic effects of ciprofloxacin and berberine hydrochloride against Pseudomonas aeruginosa,"Zeraatpisheh A, Moradi M, Arshadi M, Taheri B, Zahmatkeshan M, Dehbashi FN, Esmaeili F, Amanzadi B, Farshadzadeh Z. The in vitro evaluation of synergistic effects of ciprofloxacin and berberine hydrochloride against Pseudomonas aeruginosa. BMC Microbiol. 2025 Aug 7;25(1):487. doi: 10.1186/s12866-025-04223-w. PMID: 40775294; PMCID: PMC12330098."
PMC12330098,MIC,1187,µg/mL,Table - PMC,Isolate 19,P. aeruginosa,PA180,retrieved from the archives of the Department of Microbiology.,CSPA4,NaN,Berberine hydrochloride,The in vitro evaluation of synergistic effects of ciprofloxacin and berberine hydrochloride against Pseudomonas aeruginosa,"Zeraatpisheh A, Moradi M, Arshadi M, Taheri B, Zahmatkeshan M, Dehbashi FN, Esmaeili F, Amanzadi B, Farshadzadeh Z. The in vitro evaluation of synergistic effects of ciprofloxacin and berberine hydrochloride against Pseudomonas aeruginosa. BMC Microbiol. 2025 Aug 7;25(1):487. doi: 10.1186/s12866-025-04223-w. PMID: 40775294; PMCID: PMC12330098."
PMC12330098,MBC,2375,µg/mL,Table - PMC,Isolate 19,P. aeruginosa,PA180,retrieved from the archives of the Department of Microbiology.,CSPA4,NaN,Berberine hydrochloride,The in vitro evaluation of synergistic effects of ciprofloxacin and berberine hydrochloride against Pseudomonas aeruginosa,"Zeraatpisheh A, Moradi M, Arshadi M, Taheri B, Zahmatkeshan M, Dehbashi FN, Esmaeili F, Amanzadi B, Farshadzadeh Z. The in vitro evaluation of synergistic effects of ciprofloxacin and berberine hydrochloride against Pseudomonas aeruginosa. BMC Microbiol. 2025 Aug 7;25(1):487. doi: 10.1186/s12866-025-04223-w. PMID: 40775294; PMCID: PMC12330098."
PMC12330098,MBEC,> 2375,µg/mL,Table - PMC,Isolate 20,P. aeruginosa,PA180,retrieved from the archives of the Department of Microbiology.,CSPA4,biofilm,Berberine hydrochloride,The in vitro evaluation of synergistic effects of ciprofloxacin and berberine hydrochloride against Pseudomonas aeruginosa,"Zeraatpisheh A, Moradi M, Arshadi M, Taheri B, Zahmatkeshan M, Dehbashi FN, Esmaeili F, Amanzadi B, Farshadzadeh Z. The in vitro evaluation of synergistic effects of ciprofloxacin and berberine hydrochloride against Pseudomonas aeruginosa. BMC Microbiol. 2025 Aug 7;25(1):487. doi: 10.1186/s12866-025-04223-w. PMID: 40775294; PMCID: PMC12330098."
PMC12330098,MBIC,1187,µg/mL,Table - PMC,Isolate 20,P. aeruginosa,PA180,retrieved from the archives of the Department of Microbiology.,CSPA4,biofilm,Berberine hydrochloride,The in vitro evaluation of synergistic effects of ciprofloxacin and berberine hydrochloride against Pseudomonas aeruginosa,"Zeraatpisheh A, Moradi M, Arshadi M, Taheri B, Zahmatkeshan M, Dehbashi FN, Esmaeili F, Amanzadi B, Farshadzadeh Z. The in vitro evaluation of synergistic effects of ciprofloxacin and berberine hydrochloride against Pseudomonas aeruginosa. BMC Microbiol. 2025 Aug 7;25(1):487. doi: 10.1186/s12866-025-04223-w. PMID: 40775294; PMCID: PMC12330098."
PMC12330098,MIC,4,µg/ml,Table - PMC,Isolate 21,P. aeruginosa,PA188,retrieved from the archives of the Department of Microbiology.,CSPA5,NaN,Ciprofloxacin,The in vitro evaluation of synergistic effects of ciprofloxacin and berberine hydrochloride against Pseudomonas aeruginosa,"Zeraatpisheh A, Moradi M, Arshadi M, Taheri B, Zahmatkeshan M, Dehbashi FN, Esmaeili F, Amanzadi B, Farshadzadeh Z. The in vitro evaluation of synergistic effects of ciprofloxacin and berberine hydrochloride against Pseudomonas aeruginosa. BMC Microbiol. 2025 Aug 7;25(1):487. doi: 10.1186/s12866-025-04223-w. PMID: 40775294; PMCID: PMC12330098."
PMC12330098,MBC,8,µg/ml,Table - PMC,Isolate 21,P. aeruginosa,PA188,retrieved from the archives of the Department of Microbiology.,CSPA5,NaN,Ciprofloxacin,The in vitro evaluation of synergistic effects of ciprofloxacin and berberine hydrochloride against Pseudomonas aeruginosa,"Zeraatpisheh A, Moradi M, Arshadi M, Taheri B, Zahmatkeshan M, Dehbashi FN, Esmaeili F, Amanzadi B, Farshadzadeh Z. The in vitro evaluation of synergistic effects of ciprofloxacin and berberine hydrochloride against Pseudomonas aeruginosa. BMC Microbiol. 2025 Aug 7;25(1):487. doi: 10.1186/s12866-025-04223-w. PMID: 40775294; PMCID: PMC12330098."
PMC12330098,MBEC,> 256,µg/ml,Table - PMC,Isolate 22,P. aeruginosa,PA188,retrieved from the archives of the Department of Microbiology.,CSPA5,biofilm,Ciprofloxacin,The in vitro evaluation of synergistic effects of ciprofloxacin and berberine hydrochloride against Pseudomonas aeruginosa,"Zeraatpisheh A, Moradi M, Arshadi M, Taheri B, Zahmatkeshan M, Dehbashi FN, Esmaeili F, Amanzadi B, Farshadzadeh Z. The in vitro evaluation of synergistic effects of ciprofloxacin and berberine hydrochloride against Pseudomonas aeruginosa. BMC Microbiol. 2025 Aug 7;25(1):487. doi: 10.1186/s12866-025-04223-w. PMID: 40775294; PMCID: PMC12330098."
PMC12330098,MBIC,4,µg/ml,Table - PMC,Isolate 22,P. aeruginosa,PA188,retrieved from the archives of the Department of Microbiology.,CSPA5,biofilm,Ciprofloxacin,The in vitro evaluation of synergistic effects of ciprofloxacin and berberine hydrochloride against Pseudomonas aeruginosa,"Zeraatpisheh A, Moradi M, Arshadi M, Taheri B, Zahmatkeshan M, Dehbashi FN, Esmaeili F, Amanzadi B, Farshadzadeh Z. The in vitro evaluation of synergistic effects of ciprofloxacin and berberine hydrochloride against Pseudomonas aeruginosa. BMC Microbiol. 2025 Aug 7;25(1):487. doi: 10.1186/s12866-025-04223-w. PMID: 40775294; PMCID: PMC12330098."
PMC12330098,MIC,1187,µg/mL,Table - PMC,Isolate 23,P. aeruginosa,PA188,retrieved from the archives of the Department of Microbiology.,CSPA5,NaN,Berberine hydrochloride,The in vitro evaluation of synergistic effects of ciprofloxacin and berberine hydrochloride against Pseudomonas aeruginosa,"Zeraatpisheh A, Moradi M, Arshadi M, Taheri B, Zahmatkeshan M, Dehbashi FN, Esmaeili F, Amanzadi B, Farshadzadeh Z. The in vitro evaluation of synergistic effects of ciprofloxacin and berberine hydrochloride against Pseudomonas aeruginosa. BMC Microbiol. 2025 Aug 7;25(1):487. doi: 10.1186/s12866-025-04223-w. PMID: 40775294; PMCID: PMC12330098."
PMC12330098,MBC,2375,µg/mL,Table - PMC,Isolate 23,P. aeruginosa,PA188,retrieved from the archives of the Department of Microbiology.,CSPA5,NaN,Berberine hydrochloride,The in vitro evaluation of synergistic effects of ciprofloxacin and berberine hydrochloride against Pseudomonas aeruginosa,"Zeraatpisheh A, Moradi M, Arshadi M, Taheri B, Zahmatkeshan M, Dehbashi FN, Esmaeili F, Amanzadi B, Farshadzadeh Z. The in vitro evaluation of synergistic effects of ciprofloxacin and berberine hydrochloride against Pseudomonas aeruginosa. BMC Microbiol. 2025 Aug 7;25(1):487. doi: 10.1186/s12866-025-04223-w. PMID: 40775294; PMCID: PMC12330098."
PMC12330098,MBEC,> 2375,µg/mL,Table - PMC,Isolate 24,P. aeruginosa,PA188,retrieved from the archives of the Department of Microbiology.,CSPA5,biofilm,Berberine hydrochloride,The in vitro evaluation of synergistic effects of ciprofloxacin and berberine hydrochloride against Pseudomonas aeruginosa,"Zeraatpisheh A, Moradi M, Arshadi M, Taheri B, Zahmatkeshan M, Dehbashi FN, Esmaeili F, Amanzadi B, Farshadzadeh Z. The in vitro evaluation of synergistic effects of ciprofloxacin and berberine hydrochloride against Pseudomonas aeruginosa. BMC Microbiol. 2025 Aug 7;25(1):487. doi: 10.1186/s12866-025-04223-w. PMID: 40775294; PMCID: PMC12330098."
PMC12330098,MBIC,1187,µg/mL,Table - PMC,Isolate 24,P. aeruginosa,PA188,retrieved from the archives of the Department of Microbiology.,CSPA5,biofilm,Berberine hydrochloride,The in vitro evaluation of synergistic effects of ciprofloxacin and berberine hydrochloride against Pseudomonas aeruginosa,"Zeraatpisheh A, Moradi M, Arshadi M, Taheri B, Zahmatkeshan M, Dehbashi FN, Esmaeili F, Amanzadi B, Farshadzadeh Z. The in vitro evaluation of synergistic effects of ciprofloxacin and berberine hydrochloride against Pseudomonas aeruginosa. BMC Microbiol. 2025 Aug 7;25(1):487. doi: 10.1186/s12866-025-04223-w. PMID: 40775294; PMCID: PMC12330098."
PMC12330098,MIC,64,µg/ml,Table - PMC,Isolate 25,P. aeruginosa,PA192,retrieved from the archives of the Department of Microbiology.,CRPA2,NaN,Ciprofloxacin,The in vitro evaluation of synergistic effects of ciprofloxacin and berberine hydrochloride against Pseudomonas aeruginosa,"Zeraatpisheh A, Moradi M, Arshadi M, Taheri B, Zahmatkeshan M, Dehbashi FN, Esmaeili F, Amanzadi B, Farshadzadeh Z. The in vitro evaluation of synergistic effects of ciprofloxacin and berberine hydrochloride against Pseudomonas aeruginosa. BMC Microbiol. 2025 Aug 7;25(1):487. doi: 10.1186/s12866-025-04223-w. PMID: 40775294; PMCID: PMC12330098."
PMC12330098,MBC,128,µg/ml,Table - PMC,Isolate 25,P. aeruginosa,PA192,retrieved from the archives of the Department of Microbiology.,CRPA2,NaN,Ciprofloxacin,The in vitro evaluation of synergistic effects of ciprofloxacin and berberine hydrochloride against Pseudomonas aeruginosa,"Zeraatpisheh A, Moradi M, Arshadi M, Taheri B, Zahmatkeshan M, Dehbashi FN, Esmaeili F, Amanzadi B, Farshadzadeh Z. The in vitro evaluation of synergistic effects of ciprofloxacin and berberine hydrochloride against Pseudomonas aeruginosa. BMC Microbiol. 2025 Aug 7;25(1):487. doi: 10.1186/s12866-025-04223-w. PMID: 40775294; PMCID: PMC12330098."
PMC12330098,MBEC,> 256,µg/ml,Table - PMC,Isolate 26,P. aeruginosa,PA192,retrieved from the archives of the Department of Microbiology.,CRPA2,biofilm,Ciprofloxacin,The in vitro evaluation of synergistic effects of ciprofloxacin and berberine hydrochloride against Pseudomonas aeruginosa,"Zeraatpisheh A, Moradi M, Arshadi M, Taheri B, Zahmatkeshan M, Dehbashi FN, Esmaeili F, Amanzadi B, Farshadzadeh Z. The in vitro evaluation of synergistic effects of ciprofloxacin and berberine hydrochloride against Pseudomonas aeruginosa. BMC Microbiol. 2025 Aug 7;25(1):487. doi: 10.1186/s12866-025-04223-w. PMID: 40775294; PMCID: PMC12330098."
PMC12330098,MBIC,64,µg/ml,Table - PMC,Isolate 26,P. aeruginosa,PA192,retrieved from the archives of the Department of Microbiology.,CRPA2,biofilm,Ciprofloxacin,The in vitro evaluation of synergistic effects of ciprofloxacin and berberine hydrochloride against Pseudomonas aeruginosa,"Zeraatpisheh A, Moradi M, Arshadi M, Taheri B, Zahmatkeshan M, Dehbashi FN, Esmaeili F, Amanzadi B, Farshadzadeh Z. The in vitro evaluation of synergistic effects of ciprofloxacin and berberine hydrochloride against Pseudomonas aeruginosa. BMC Microbiol. 2025 Aug 7;25(1):487. doi: 10.1186/s12866-025-04223-w. PMID: 40775294; PMCID: PMC12330098."
PMC12330098,MIC,1187,µg/mL,Table - PMC,Isolate 27,P. aeruginosa,PA192,retrieved from the archives of the Department of Microbiology.,CRPA2,NaN,Berberine hydrochloride,The in vitro evaluation of synergistic effects of ciprofloxacin and berberine hydrochloride against Pseudomonas aeruginosa,"Zeraatpisheh A, Moradi M, Arshadi M, Taheri B, Zahmatkeshan M, Dehbashi FN, Esmaeili F, Amanzadi B, Farshadzadeh Z. The in vitro evaluation of synergistic effects of ciprofloxacin and berberine hydrochloride against Pseudomonas aeruginosa. BMC Microbiol. 2025 Aug 7;25(1):487. doi: 10.1186/s12866-025-04223-w. PMID: 40775294; PMCID: PMC12330098."
PMC12330098,MBC,2375,µg/mL,Table - PMC,Isolate 27,P. aeruginosa,PA192,retrieved from the archives of the Department of Microbiology.,CRPA2,NaN,Berberine hydrochloride,The in vitro evaluation of synergistic effects of ciprofloxacin and berberine hydrochloride against Pseudomonas aeruginosa,"Zeraatpisheh A, Moradi M, Arshadi M, Taheri B, Zahmatkeshan M, Dehbashi FN, Esmaeili F, Amanzadi B, Farshadzadeh Z. The in vitro evaluation of synergistic effects of ciprofloxacin and berberine hydrochloride against Pseudomonas aeruginosa. BMC Microbiol. 2025 Aug 7;25(1):487. doi: 10.1186/s12866-025-04223-w. PMID: 40775294; PMCID: PMC12330098."
PMC12330098,MBEC,> 2375,µg/mL,Table - PMC,Isolate 28,P. aeruginosa,PA192,retrieved from the archives of the Department of Microbiology.,CRPA2,biofilm,Berberine hydrochloride,The in vitro evaluation of synergistic effects of ciprofloxacin and berberine hydrochloride against Pseudomonas aeruginosa,"Zeraatpisheh A, Moradi M, Arshadi M, Taheri B, Zahmatkeshan M, Dehbashi FN, Esmaeili F, Amanzadi B, Farshadzadeh Z. The in vitro evaluation of synergistic effects of ciprofloxacin and berberine hydrochloride against Pseudomonas aeruginosa. BMC Microbiol. 2025 Aug 7;25(1):487. doi: 10.1186/s12866-025-04223-w. PMID: 40775294; PMCID: PMC12330098."
PMC12330098,MBIC,1187,µg/mL,Table - PMC,Isolate 28,P. aeruginosa,PA192,retrieved from the archives of the Department of Microbiology.,CRPA2,biofilm,Berberine hydrochloride,The in vitro evaluation of synergistic effects of ciprofloxacin and berberine hydrochloride against Pseudomonas aeruginosa,"Zeraatpisheh A, Moradi M, Arshadi M, Taheri B, Zahmatkeshan M, Dehbashi FN, Esmaeili F, Amanzadi B, Farshadzadeh Z. The in vitro evaluation of synergistic effects of ciprofloxacin and berberine hydrochloride against Pseudomonas aeruginosa. BMC Microbiol. 2025 Aug 7;25(1):487. doi: 10.1186/s12866-025-04223-w. PMID: 40775294; PMCID: PMC12330098."
PMC12330098,MIC,64,µg/ml,Table - PMC,Isolate 29,P. aeruginosa,PA193,retrieved from the archives of the Department of Microbiology.,CRPA3,NaN,Ciprofloxacin,The in vitro evaluation of synergistic effects of ciprofloxacin and berberine hydrochloride against Pseudomonas aeruginosa,"Zeraatpisheh A, Moradi M, Arshadi M, Taheri B, Zahmatkeshan M, Dehbashi FN, Esmaeili F, Amanzadi B, Farshadzadeh Z. The in vitro evaluation of synergistic effects of ciprofloxacin and berberine hydrochloride against Pseudomonas aeruginosa. BMC Microbiol. 2025 Aug 7;25(1):487. doi: 10.1186/s12866-025-04223-w. PMID: 40775294; PMCID: PMC12330098."
PMC12330098,MBC,128,µg/ml,Table - PMC,Isolate 29,P. aeruginosa,PA193,retrieved from the archives of the Department of Microbiology.,CRPA3,NaN,Ciprofloxacin,The in vitro evaluation of synergistic effects of ciprofloxacin and berberine hydrochloride against Pseudomonas aeruginosa,"Zeraatpisheh A, Moradi M, Arshadi M, Taheri B, Zahmatkeshan M, Dehbashi FN, Esmaeili F, Amanzadi B, Farshadzadeh Z. The in vitro evaluation of synergistic effects of ciprofloxacin and berberine hydrochloride against Pseudomonas aeruginosa. BMC Microbiol. 2025 Aug 7;25(1):487. doi: 10.1186/s12866-025-04223-w. PMID: 40775294; PMCID: PMC12330098."
PMC12330098,MBEC,> 256,µg/ml,Table - PMC,Isolate 30,P. aeruginosa,PA193,retrieved from the archives of the Department of Microbiology.,CRPA3,biofilm,Ciprofloxacin,The in vitro evaluation of synergistic effects of ciprofloxacin and berberine hydrochloride against Pseudomonas aeruginosa,"Zeraatpisheh A, Moradi M, Arshadi M, Taheri B, Zahmatkeshan M, Dehbashi FN, Esmaeili F, Amanzadi B, Farshadzadeh Z. The in vitro evaluation of synergistic effects of ciprofloxacin and berberine hydrochloride against Pseudomonas aeruginosa. BMC Microbiol. 2025 Aug 7;25(1):487. doi: 10.1186/s12866-025-04223-w. PMID: 40775294; PMCID: PMC12330098."
PMC12330098,MBIC,64,µg/ml,Table - PMC,Isolate 30,P. aeruginosa,PA193,retrieved from the archives of the Department of Microbiology.,CRPA3,biofilm,Ciprofloxacin,The in vitro evaluation of synergistic effects of ciprofloxacin and berberine hydrochloride against Pseudomonas aeruginosa,"Zeraatpisheh A, Moradi M, Arshadi M, Taheri B, Zahmatkeshan M, Dehbashi FN, Esmaeili F, Amanzadi B, Farshadzadeh Z. The in vitro evaluation of synergistic effects of ciprofloxacin and berberine hydrochloride against Pseudomonas aeruginosa. BMC Microbiol. 2025 Aug 7;25(1):487. doi: 10.1186/s12866-025-04223-w. PMID: 40775294; PMCID: PMC12330098."
PMC12330098,MIC,1187,µg/mL,Table - PMC,Isolate 31,P. aeruginosa,PA193,retrieved from the archives of the Department of Microbiology.,CRPA3,NaN,Berberine hydrochloride,The in vitro evaluation of synergistic effects of ciprofloxacin and berberine hydrochloride against Pseudomonas aeruginosa,"Zeraatpisheh A, Moradi M, Arshadi M, Taheri B, Zahmatkeshan M, Dehbashi FN, Esmaeili F, Amanzadi B, Farshadzadeh Z. The in vitro evaluation of synergistic effects of ciprofloxacin and berberine hydrochloride against Pseudomonas aeruginosa. BMC Microbiol. 2025 Aug 7;25(1):487. doi: 10.1186/s12866-025-04223-w. PMID: 40775294; PMCID: PMC12330098."
PMC12330098,MBC,2375,µg/mL,Table - PMC,Isolate 31,P. aeruginosa,PA193,retrieved from the archives of the Department of Microbiology.,CRPA3,NaN,Berberine hydrochloride,The in vitro evaluation of synergistic effects of ciprofloxacin and berberine hydrochloride against Pseudomonas aeruginosa,"Zeraatpisheh A, Moradi M, Arshadi M, Taheri B, Zahmatkeshan M, Dehbashi FN, Esmaeili F, Amanzadi B, Farshadzadeh Z. The in vitro evaluation of synergistic effects of ciprofloxacin and berberine hydrochloride against Pseudomonas aeruginosa. BMC Microbiol. 2025 Aug 7;25(1):487. doi: 10.1186/s12866-025-04223-w. PMID: 40775294; PMCID: PMC12330098."
PMC12330098,MBEC,> 2375,µg/mL,Table - PMC,Isolate 32,P. aeruginosa,PA193,retrieved from the archives of the Department of Microbiology.,CRPA3,biofilm,Berberine hydrochloride,The in vitro evaluation of synergistic effects of ciprofloxacin and berberine hydrochloride against Pseudomonas aeruginosa,"Zeraatpisheh A, Moradi M, Arshadi M, Taheri B, Zahmatkeshan M, Dehbashi FN, Esmaeili F, Amanzadi B, Farshadzadeh Z. The in vitro evaluation of synergistic effects of ciprofloxacin and berberine hydrochloride against Pseudomonas aeruginosa. BMC Microbiol. 2025 Aug 7;25(1):487. doi: 10.1186/s12866-025-04223-w. PMID: 40775294; PMCID: PMC12330098."
PMC12330098,MBIC,1187,µg/mL,Table - PMC,Isolate 32,P. aeruginosa,PA193,retrieved from the archives of the Department of Microbiology.,CRPA3,biofilm,Berberine hydrochloride,The in vitro evaluation of synergistic effects of ciprofloxacin and berberine hydrochloride against Pseudomonas aeruginosa,"Zeraatpisheh A, Moradi M, Arshadi M, Taheri B, Zahmatkeshan M, Dehbashi FN, Esmaeili F, Amanzadi B, Farshadzadeh Z. The in vitro evaluation of synergistic effects of ciprofloxacin and berberine hydrochloride against Pseudomonas aeruginosa. BMC Microbiol. 2025 Aug 7;25(1):487. doi: 10.1186/s12866-025-04223-w. PMID: 40775294; PMCID: PMC12330098."
PMC12330098,MIC,16,µg/ml,Table - PMC,Isolate 33,P. aeruginosa,PA195,retrieved from the archives of the Department of Microbiology.,CRPA4,NaN,Ciprofloxacin,The in vitro evaluation of synergistic effects of ciprofloxacin and berberine hydrochloride against Pseudomonas aeruginosa,"Zeraatpisheh A, Moradi M, Arshadi M, Taheri B, Zahmatkeshan M, Dehbashi FN, Esmaeili F, Amanzadi B, Farshadzadeh Z. The in vitro evaluation of synergistic effects of ciprofloxacin and berberine hydrochloride against Pseudomonas aeruginosa. BMC Microbiol. 2025 Aug 7;25(1):487. doi: 10.1186/s12866-025-04223-w. PMID: 40775294; PMCID: PMC12330098."
PMC12330098,MBC,32,µg/ml,Table - PMC,Isolate 33,P. aeruginosa,PA195,retrieved from the archives of the Department of Microbiology.,CRPA4,NaN,Ciprofloxacin,The in vitro evaluation of synergistic effects of ciprofloxacin and berberine hydrochloride against Pseudomonas aeruginosa,"Zeraatpisheh A, Moradi M, Arshadi M, Taheri B, Zahmatkeshan M, Dehbashi FN, Esmaeili F, Amanzadi B, Farshadzadeh Z. The in vitro evaluation of synergistic effects of ciprofloxacin and berberine hydrochloride against Pseudomonas aeruginosa. BMC Microbiol. 2025 Aug 7;25(1):487. doi: 10.1186/s12866-025-04223-w. PMID: 40775294; PMCID: PMC12330098."
PMC12330098,MBEC,> 256,µg/ml,Table - PMC,Isolate 34,P. aeruginosa,PA195,retrieved from the archives of the Department of Microbiology.,CRPA4,biofilm,Ciprofloxacin,The in vitro evaluation of synergistic effects of ciprofloxacin and berberine hydrochloride against Pseudomonas aeruginosa,"Zeraatpisheh A, Moradi M, Arshadi M, Taheri B, Zahmatkeshan M, Dehbashi FN, Esmaeili F, Amanzadi B, Farshadzadeh Z. The in vitro evaluation of synergistic effects of ciprofloxacin and berberine hydrochloride against Pseudomonas aeruginosa. BMC Microbiol. 2025 Aug 7;25(1):487. doi: 10.1186/s12866-025-04223-w. PMID: 40775294; PMCID: PMC12330098."
PMC12330098,MBIC,16,µg/ml,Table - PMC,Isolate 34,P. aeruginosa,PA195,retrieved from the archives of the Department of Microbiology.,CRPA4,biofilm,Ciprofloxacin,The in vitro evaluation of synergistic effects of ciprofloxacin and berberine hydrochloride against Pseudomonas aeruginosa,"Zeraatpisheh A, Moradi M, Arshadi M, Taheri B, Zahmatkeshan M, Dehbashi FN, Esmaeili F, Amanzadi B, Farshadzadeh Z. The in vitro evaluation of synergistic effects of ciprofloxacin and berberine hydrochloride against Pseudomonas aeruginosa. BMC Microbiol. 2025 Aug 7;25(1):487. doi: 10.1186/s12866-025-04223-w. PMID: 40775294; PMCID: PMC12330098."
PMC12330098,MIC,1187,µg/mL,Table - PMC,Isolate 35,P. aeruginosa,PA195,retrieved from the archives of the Department of Microbiology.,CRPA4,NaN,Berberine hydrochloride,The in vitro evaluation of synergistic effects of ciprofloxacin and berberine hydrochloride against Pseudomonas aeruginosa,"Zeraatpisheh A, Moradi M, Arshadi M, Taheri B, Zahmatkeshan M, Dehbashi FN, Esmaeili F, Amanzadi B, Farshadzadeh Z. The in vitro evaluation of synergistic effects of ciprofloxacin and berberine hydrochloride against Pseudomonas aeruginosa. BMC Microbiol. 2025 Aug 7;25(1):487. doi: 10.1186/s12866-025-04223-w. PMID: 40775294; PMCID: PMC12330098."
PMC12330098,MBC,2375,µg/mL,Table - PMC,Isolate 35,P. aeruginosa,PA195,retrieved from the archives of the Department of Microbiology.,CRPA4,NaN,Berberine hydrochloride,The in vitro evaluation of synergistic effects of ciprofloxacin and berberine hydrochloride against Pseudomonas aeruginosa,"Zeraatpisheh A, Moradi M, Arshadi M, Taheri B, Zahmatkeshan M, Dehbashi FN, Esmaeili F, Amanzadi B, Farshadzadeh Z. The in vitro evaluation of synergistic effects of ciprofloxacin and berberine hydrochloride against Pseudomonas aeruginosa. BMC Microbiol. 2025 Aug 7;25(1):487. doi: 10.1186/s12866-025-04223-w. PMID: 40775294; PMCID: PMC12330098."
PMC12330098,MBEC,> 2375,µg/mL,Table - PMC,Isolate 36,P. aeruginosa,PA195,retrieved from the archives of the Department of Microbiology.,CRPA4,biofilm,Berberine hydrochloride,The in vitro evaluation of synergistic effects of ciprofloxacin and berberine hydrochloride against Pseudomonas aeruginosa,"Zeraatpisheh A, Moradi M, Arshadi M, Taheri B, Zahmatkeshan M, Dehbashi FN, Esmaeili F, Amanzadi B, Farshadzadeh Z. The in vitro evaluation of synergistic effects of ciprofloxacin and berberine hydrochloride against Pseudomonas aeruginosa. BMC Microbiol. 2025 Aug 7;25(1):487. doi: 10.1186/s12866-025-04223-w. PMID: 40775294; PMCID: PMC12330098."
PMC12330098,MBIC,1187,µg/mL,Table - PMC,Isolate 36,P. aeruginosa,PA195,retrieved from the archives of the Department of Microbiology.,CRPA4,biofilm,Berberine hydrochloride,The in vitro evaluation of synergistic effects of ciprofloxacin and berberine hydrochloride against Pseudomonas aeruginosa,"Zeraatpisheh A, Moradi M, Arshadi M, Taheri B, Zahmatkeshan M, Dehbashi FN, Esmaeili F, Amanzadi B, Farshadzadeh Z. The in vitro evaluation of synergistic effects of ciprofloxacin and berberine hydrochloride against Pseudomonas aeruginosa. BMC Microbiol. 2025 Aug 7;25(1):487. doi: 10.1186/s12866-025-04223-w. PMID: 40775294; PMCID: PMC12330098."
PMC12330098,MIC,32,µg/ml,Table - PMC,Isolate 37,P. aeruginosa,PA196,retrieved from the archives of the Department of Microbiology.,CRPA5,NaN,Ciprofloxacin,The in vitro evaluation of synergistic effects of ciprofloxacin and berberine hydrochloride against Pseudomonas aeruginosa,"Zeraatpisheh A, Moradi M, Arshadi M, Taheri B, Zahmatkeshan M, Dehbashi FN, Esmaeili F, Amanzadi B, Farshadzadeh Z. The in vitro evaluation of synergistic effects of ciprofloxacin and berberine hydrochloride against Pseudomonas aeruginosa. BMC Microbiol. 2025 Aug 7;25(1):487. doi: 10.1186/s12866-025-04223-w. PMID: 40775294; PMCID: PMC12330098."
PMC12330098,MBC,64,µg/ml,Table - PMC,Isolate 37,P. aeruginosa,PA196,retrieved from the archives of the Department of Microbiology.,CRPA5,NaN,Ciprofloxacin,The in vitro evaluation of synergistic effects of ciprofloxacin and berberine hydrochloride against Pseudomonas aeruginosa,"Zeraatpisheh A, Moradi M, Arshadi M, Taheri B, Zahmatkeshan M, Dehbashi FN, Esmaeili F, Amanzadi B, Farshadzadeh Z. The in vitro evaluation of synergistic effects of ciprofloxacin and berberine hydrochloride against Pseudomonas aeruginosa. BMC Microbiol. 2025 Aug 7;25(1):487. doi: 10.1186/s12866-025-04223-w. PMID: 40775294; PMCID: PMC12330098."
PMC12330098,MBEC,> 256,µg/ml,Table - PMC,Isolate 38,P. aeruginosa,PA196,retrieved from the archives of the Department of Microbiology.,CRPA5,biofilm,Ciprofloxacin,The in vitro evaluation of synergistic effects of ciprofloxacin and berberine hydrochloride against Pseudomonas aeruginosa,"Zeraatpisheh A, Moradi M, Arshadi M, Taheri B, Zahmatkeshan M, Dehbashi FN, Esmaeili F, Amanzadi B, Farshadzadeh Z. The in vitro evaluation of synergistic effects of ciprofloxacin and berberine hydrochloride against Pseudomonas aeruginosa. BMC Microbiol. 2025 Aug 7;25(1):487. doi: 10.1186/s12866-025-04223-w. PMID: 40775294; PMCID: PMC12330098."
PMC12330098,MBIC,32,µg/ml,Table - PMC,Isolate 38,P. aeruginosa,PA196,retrieved from the archives of the Department of Microbiology.,CRPA5,biofilm,Ciprofloxacin,The in vitro evaluation of synergistic effects of ciprofloxacin and berberine hydrochloride against Pseudomonas aeruginosa,"Zeraatpisheh A, Moradi M, Arshadi M, Taheri B, Zahmatkeshan M, Dehbashi FN, Esmaeili F, Amanzadi B, Farshadzadeh Z. The in vitro evaluation of synergistic effects of ciprofloxacin and berberine hydrochloride against Pseudomonas aeruginosa. BMC Microbiol. 2025 Aug 7;25(1):487. doi: 10.1186/s12866-025-04223-w. PMID: 40775294; PMCID: PMC12330098."
PMC12330098,MIC,593,µg/mL,Table - PMC,Isolate 39,P. aeruginosa,PA196,retrieved from the archives of the Department of Microbiology.,CRPA5,NaN,Berberine hydrochloride,The in vitro evaluation of synergistic effects of ciprofloxacin and berberine hydrochloride against Pseudomonas aeruginosa,"Zeraatpisheh A, Moradi M, Arshadi M, Taheri B, Zahmatkeshan M, Dehbashi FN, Esmaeili F, Amanzadi B, Farshadzadeh Z. The in vitro evaluation of synergistic effects of ciprofloxacin and berberine hydrochloride against Pseudomonas aeruginosa. BMC Microbiol. 2025 Aug 7;25(1):487. doi: 10.1186/s12866-025-04223-w. PMID: 40775294; PMCID: PMC12330098."
PMC12330098,MBC,1187,µg/mL,Table - PMC,Isolate 39,P. aeruginosa,PA196,retrieved from the archives of the Department of Microbiology.,CRPA5,NaN,Berberine hydrochloride,The in vitro evaluation of synergistic effects of ciprofloxacin and berberine hydrochloride against Pseudomonas aeruginosa,"Zeraatpisheh A, Moradi M, Arshadi M, Taheri B, Zahmatkeshan M, Dehbashi FN, Esmaeili F, Amanzadi B, Farshadzadeh Z. The in vitro evaluation of synergistic effects of ciprofloxacin and berberine hydrochloride against Pseudomonas aeruginosa. BMC Microbiol. 2025 Aug 7;25(1):487. doi: 10.1186/s12866-025-04223-w. PMID: 40775294; PMCID: PMC12330098."
PMC12330098,MBEC,> 2375,µg/mL,Table - PMC,Isolate 40,P. aeruginosa,PA196,retrieved from the archives of the Department of Microbiology.,CRPA5,biofilm,Berberine hydrochloride,The in vitro evaluation of synergistic effects of ciprofloxacin and berberine hydrochloride against Pseudomonas aeruginosa,"Zeraatpisheh A, Moradi M, Arshadi M, Taheri B, Zahmatkeshan M, Dehbashi FN, Esmaeili F, Amanzadi B, Farshadzadeh Z. The in vitro evaluation of synergistic effects of ciprofloxacin and berberine hydrochloride against Pseudomonas aeruginosa. BMC Microbiol. 2025 Aug 7;25(1):487. doi: 10.1186/s12866-025-04223-w. PMID: 40775294; PMCID: PMC12330098."
PMC12330098,MBIC,593,µg/mL,Table - PMC,Isolate 40,P. aeruginosa,PA196,retrieved from the archives of the Department of Microbiology.,CRPA5,biofilm,Berberine hydrochloride,The in vitro evaluation of synergistic effects of ciprofloxacin and berberine hydrochloride against Pseudomonas aeruginosa,"Zeraatpisheh A, Moradi M, Arshadi M, Taheri B, Zahmatkeshan M, Dehbashi FN, Esmaeili F, Amanzadi B, Farshadzadeh Z. The in vitro evaluation of synergistic effects of ciprofloxacin and berberine hydrochloride against Pseudomonas aeruginosa. BMC Microbiol. 2025 Aug 7;25(1):487. doi: 10.1186/s12866-025-04223-w. PMID: 40775294; PMCID: PMC12330098."
PMC12330098,MIC,2,µg/ml,Table - PMC,Isolate 41,P. aeruginosa,PAO1,"obtained from the Iranian Biological Resource Center, Tehran, Iran.",CSPA,NaN,Ciprofloxacin,The in vitro evaluation of synergistic effects of ciprofloxacin and berberine hydrochloride against Pseudomonas aeruginosa,"Zeraatpisheh A, Moradi M, Arshadi M, Taheri B, Zahmatkeshan M, Dehbashi FN, Esmaeili F, Amanzadi B, Farshadzadeh Z. The in vitro evaluation of synergistic effects of ciprofloxacin and berberine hydrochloride against Pseudomonas aeruginosa. BMC Microbiol. 2025 Aug 7;25(1):487. doi: 10.1186/s12866-025-04223-w. PMID: 40775294; PMCID: PMC12330098."
PMC12330098,MBC,4,µg/ml,Table - PMC,Isolate 41,P. aeruginosa,PAO1,"obtained from the Iranian Biological Resource Center, Tehran, Iran.",CSPA,NaN,Ciprofloxacin,The in vitro evaluation of synergistic effects of ciprofloxacin and berberine hydrochloride against Pseudomonas aeruginosa,"Zeraatpisheh A, Moradi M, Arshadi M, Taheri B, Zahmatkeshan M, Dehbashi FN, Esmaeili F, Amanzadi B, Farshadzadeh Z. The in vitro evaluation of synergistic effects of ciprofloxacin and berberine hydrochloride against Pseudomonas aeruginosa. BMC Microbiol. 2025 Aug 7;25(1):487. doi: 10.1186/s12866-025-04223-w. PMID: 40775294; PMCID: PMC12330098."
PMC12330098,MBEC,8,µg/ml,Table - PMC,Isolate 42,P. aeruginosa,PAO1,"obtained from the Iranian Biological Resource Center, Tehran, Iran.",CSPA,biofilm,Ciprofloxacin,The in vitro evaluation of synergistic effects of ciprofloxacin and berberine hydrochloride against Pseudomonas aeruginosa,"Zeraatpisheh A, Moradi M, Arshadi M, Taheri B, Zahmatkeshan M, Dehbashi FN, Esmaeili F, Amanzadi B, Farshadzadeh Z. The in vitro evaluation of synergistic effects of ciprofloxacin and berberine hydrochloride against Pseudomonas aeruginosa. BMC Microbiol. 2025 Aug 7;25(1):487. doi: 10.1186/s12866-025-04223-w. PMID: 40775294; PMCID: PMC12330098."
PMC12330098,MBIC,2,µg/ml,Table - PMC,Isolate 42,P. aeruginosa,PAO1,"obtained from the Iranian Biological Resource Center, Tehran, Iran.",CSPA,biofilm,Ciprofloxacin,The in vitro evaluation of synergistic effects of ciprofloxacin and berberine hydrochloride against Pseudomonas aeruginosa,"Zeraatpisheh A, Moradi M, Arshadi M, Taheri B, Zahmatkeshan M, Dehbashi FN, Esmaeili F, Amanzadi B, Farshadzadeh Z. The in vitro evaluation of synergistic effects of ciprofloxacin and berberine hydrochloride against Pseudomonas aeruginosa. BMC Microbiol. 2025 Aug 7;25(1):487. doi: 10.1186/s12866-025-04223-w. PMID: 40775294; PMCID: PMC12330098."
PMC12330098,MIC,1187,µg/mL,Table - PMC,Isolate 43,P. aeruginosa,PAO1,"obtained from the Iranian Biological Resource Center, Tehran, Iran.",CSPA,NaN,Berberine hydrochloride,The in vitro evaluation of synergistic effects of ciprofloxacin and berberine hydrochloride against Pseudomonas aeruginosa,"Zeraatpisheh A, Moradi M, Arshadi M, Taheri B, Zahmatkeshan M, Dehbashi FN, Esmaeili F, Amanzadi B, Farshadzadeh Z. The in vitro evaluation of synergistic effects of ciprofloxacin and berberine hydrochloride against Pseudomonas aeruginosa. BMC Microbiol. 2025 Aug 7;25(1):487. doi: 10.1186/s12866-025-04223-w. PMID: 40775294; PMCID: PMC12330098."
PMC12330098,MBC,2375,µg/mL,Table - PMC,Isolate 43,P. aeruginosa,PAO1,"obtained from the Iranian Biological Resource Center, Tehran, Iran.",CSPA,NaN,Berberine hydrochloride,The in vitro evaluation of synergistic effects of ciprofloxacin and berberine hydrochloride against Pseudomonas aeruginosa,"Zeraatpisheh A, Moradi M, Arshadi M, Taheri B, Zahmatkeshan M, Dehbashi FN, Esmaeili F, Amanzadi B, Farshadzadeh Z. The in vitro evaluation of synergistic effects of ciprofloxacin and berberine hydrochloride against Pseudomonas aeruginosa. BMC Microbiol. 2025 Aug 7;25(1):487. doi: 10.1186/s12866-025-04223-w. PMID: 40775294; PMCID: PMC12330098."
PMC12330098,MBEC,> 2375,µg/mL,Table - PMC,Isolate 44,P. aeruginosa,PAO1,"obtained from the Iranian Biological Resource Center, Tehran, Iran.",CSPA,biofilm,Berberine hydrochloride,The in vitro evaluation of synergistic effects of ciprofloxacin and berberine hydrochloride against Pseudomonas aeruginosa,"Zeraatpisheh A, Moradi M, Arshadi M, Taheri B, Zahmatkeshan M, Dehbashi FN, Esmaeili F, Amanzadi B, Farshadzadeh Z. The in vitro evaluation of synergistic effects of ciprofloxacin and berberine hydrochloride against Pseudomonas aeruginosa. BMC Microbiol. 2025 Aug 7;25(1):487. doi: 10.1186/s12866-025-04223-w. PMID: 40775294; PMCID: PMC12330098."
PMC12330098,MBIC,1187,µg/mL,Table - PMC,Isolate 44,P. aeruginosa,PAO1,"obtained from the Iranian Biological Resource Center, Tehran, Iran.",CSPA,biofilm,Berberine hydrochloride,The in vitro evaluation of synergistic effects of ciprofloxacin and berberine hydrochloride against Pseudomonas aeruginosa,"Zeraatpisheh A, Moradi M, Arshadi M, Taheri B, Zahmatkeshan M, Dehbashi FN, Esmaeili F, Amanzadi B, Farshadzadeh Z. The in vitro evaluation of synergistic effects of ciprofloxacin and berberine hydrochloride against Pseudomonas aeruginosa. BMC Microbiol. 2025 Aug 7;25(1):487. doi: 10.1186/s12866-025-04223-w. PMID: 40775294; PMCID: PMC12330098."
PMC3149602,IC50,19.1±7.4,µM,Table - PMC,Isolate 1,Pseudomonas aeruginosa,NaN,healthy volunteers,NaN,NaN,fluvastatin,Anti-Inflammatory Effect of Fluvastatin on IL-8 Production Induced by Pseudomonas aeruginosa and Aspergillus fumigatus Antigens in Cystic Fibrosis,"Jouneau S, Bonizec M, Belleguic C, Desrues B, Brinchault G, Galaine J, Gangneux JP, Martin-Chouly C. Anti-inflammatory effect of fluvastatin on IL-8 production induced by Pseudomonas aeruginosa and Aspergillus fumigatus antigens in cystic fibrosis. PLoS One. 2011;6(8):e22655. doi: 10.1371/journal.pone.0022655. Epub 2011 Aug 3. PMID: 21826199; PMCID: PMC3149602."
PMC3149602,IC50,4.6±1.0,µM,Table - PMC,Isolate 2,Pseudomonas aeruginosa,NaN,CF patients,NaN,NaN,fluvastatin,Anti-Inflammatory Effect of Fluvastatin on IL-8 Production Induced by Pseudomonas aeruginosa and Aspergillus fumigatus Antigens in Cystic Fibrosis,"Jouneau S, Bonizec M, Belleguic C, Desrues B, Brinchault G, Galaine J, Gangneux JP, Martin-Chouly C. Anti-inflammatory effect of fluvastatin on IL-8 production induced by Pseudomonas aeruginosa and Aspergillus fumigatus antigens in cystic fibrosis. PLoS One. 2011;6(8):e22655. doi: 10.1371/journal.pone.0022655. Epub 2011 Aug 3. PMID: 21826199; PMCID: PMC3149602."
PMC3619485,mutation rate,one-third-fold decrease,NaN,"Mutators, on the other hand, showed a one-third-fold decrease in mutation rate in the case of the strong mutator (mutS; t14 = 4.19, p < 0.001) and no significant change for the mild and weak mutators.",Isolate 1,P. aeruginosa,PAO1,NaN,ΔmutS (mutS),NaN,hydrogen peroxide,A trade-off between oxidative stress resistance and DNA repair plays a role in the evolution of elevated mutation rates in bacteria,"Torres-Barceló C, Cabot G, Oliver A, Buckling A, Maclean RC. A trade-off between oxidative stress resistance and DNA repair plays a role in the evolution of elevated mutation rates in bacteria. Proc Biol Sci. 2013 Feb 27;280(1757):20130007. doi: 10.1098/rspb.2013.0007. PMID: 23446530; PMCID: PMC3619485."
PMC3619485,mean fitness,1.0152 ± 0.0336,NaN,"Consistent with this hypothesis, we found no fitness differences between the mutator and the wild-type when cultured together (see the electronic supplementary material, figure S1, ANOVA F2 = 2.57, p = 0.0931), or between the hydrogen peroxide treated and the untreated cultures (ANOVA, F1 = 0.13, p = 0.7227), with mean fitness minimally higher in treated cultures (1.0152 ± 0.0336 compared with 1.0014 ± 0.0346).",Isolate 2,P. aeruginosa,PAO1,NaN,mutator and the wild-type,NaN,hydrogen peroxide,A trade-off between oxidative stress resistance and DNA repair plays a role in the evolution of elevated mutation rates in bacteria,"Torres-Barceló C, Cabot G, Oliver A, Buckling A, Maclean RC. A trade-off between oxidative stress resistance and DNA repair plays a role in the evolution of elevated mutation rates in bacteria. Proc Biol Sci. 2013 Feb 27;280(1757):20130007. doi: 10.1098/rspb.2013.0007. PMID: 23446530; PMCID: PMC3619485."
PMC3619485,mean fitness,1.0014 ± 0.0346,NaN,"Consistent with this hypothesis, we found no fitness differences between the mutator and the wild-type when cultured together (see the electronic supplementary material, figure S1, ANOVA F2 = 2.57, p = 0.0931), or between the hydrogen peroxide treated and the untreated cultures (ANOVA, F1 = 0.13, p = 0.7227), with mean fitness minimally higher in treated cultures (1.0152 ± 0.0336 compared with 1.0014 ± 0.0346).",Isolate 3,P. aeruginosa,PAO1,NaN,mutator and the wild-type,NaN,NaN,A trade-off between oxidative stress resistance and DNA repair plays a role in the evolution of elevated mutation rates in bacteria,"Torres-Barceló C, Cabot G, Oliver A, Buckling A, Maclean RC. A trade-off between oxidative stress resistance and DNA repair plays a role in the evolution of elevated mutation rates in bacteria. Proc Biol Sci. 2013 Feb 27;280(1757):20130007. doi: 10.1098/rspb.2013.0007. PMID: 23446530; PMCID: PMC3619485."
PMC4324240,mean fitness,0.842,NaN,"The average competitive fitness of the resistant mutants was lower than that of the ancestor, as shown by the results in Fig. 1 (mean fitness = 0.842, standard error [SE] = 0.059), and the competitive fitness varied significantly between mutants with different rpoB mutations (one-way analysis of variance [ANOVA]: P < 0.0005, F9, 20 = 5.82).",Isolate 1,P. aeruginosa,PAO1::mini-Tn7-pLAC-lux,fluctuation test,rifampin-resistant mutants,NaN,rifampin,Linking System-Wide Impacts of RNA Polymerase Mutations to the Fitness Cost of Rifampin Resistance in Pseudomonas aeruginosa,"Qi Q, Preston GM, MacLean RC. Linking system-wide impacts of RNA polymerase mutations to the fitness cost of rifampin resistance in Pseudomonas aeruginosa. mBio. 2014 Dec 9;5(6):e01562. doi: 10.1128/mBio.01562-14. PMID: 25491352; PMCID: PMC4324240."
PMC3646708,MIC,0.063,μg/ml,Table - PMC,Isolate 1,E. coli,E1,domestic dogs,wt,NaN,orbifloxacin,"Mutant prevention concentration of orbifloxacin: comparison between Escherichia coli, Pseudomonas aeruginosa, and Staphylococcus pseudintermedius of canine origin","Shimizu T, Harada K, Kataoka Y. Mutant prevention concentration of orbifloxacin: comparison between Escherichia coli, Pseudomonas aeruginosa, and Staphylococcus pseudintermedius of canine origin. Acta Vet Scand. 2013 May 1;55(1):37. doi: 10.1186/1751-0147-55-37. PMID: 23634902; PMCID: PMC3646708."
PMC3646708,MIC (+EPI)b,<0.015,μg/ml,Table - PMC,Isolate 2,E. coli,E1,domestic dogs,wt,NaN,orbifloxacin PAβN,"Mutant prevention concentration of orbifloxacin: comparison between Escherichia coli, Pseudomonas aeruginosa, and Staphylococcus pseudintermedius of canine origin","Shimizu T, Harada K, Kataoka Y. Mutant prevention concentration of orbifloxacin: comparison between Escherichia coli, Pseudomonas aeruginosa, and Staphylococcus pseudintermedius of canine origin. Acta Vet Scand. 2013 May 1;55(1):37. doi: 10.1186/1751-0147-55-37. PMID: 23634902; PMCID: PMC3646708."
PMC3646708,MPC,1,μg/ml,Table - PMC,Isolate 1,E. coli,E1,domestic dogs,wt,NaN,orbifloxacin,"Mutant prevention concentration of orbifloxacin: comparison between Escherichia coli, Pseudomonas aeruginosa, and Staphylococcus pseudintermedius of canine origin","Shimizu T, Harada K, Kataoka Y. Mutant prevention concentration of orbifloxacin: comparison between Escherichia coli, Pseudomonas aeruginosa, and Staphylococcus pseudintermedius of canine origin. Acta Vet Scand. 2013 May 1;55(1):37. doi: 10.1186/1751-0147-55-37. PMID: 23634902; PMCID: PMC3646708."
PMC3646708,MIC,0.063,μg/ml,Table - PMC,Isolate 3,E. coli,E2,domestic dogs,wt,NaN,orbifloxacin,"Mutant prevention concentration of orbifloxacin: comparison between Escherichia coli, Pseudomonas aeruginosa, and Staphylococcus pseudintermedius of canine origin","Shimizu T, Harada K, Kataoka Y. Mutant prevention concentration of orbifloxacin: comparison between Escherichia coli, Pseudomonas aeruginosa, and Staphylococcus pseudintermedius of canine origin. Acta Vet Scand. 2013 May 1;55(1):37. doi: 10.1186/1751-0147-55-37. PMID: 23634902; PMCID: PMC3646708."
PMC3646708,MIC (+EPI)b,<0.015,μg/ml,Table - PMC,Isolate 4,E. coli,E2,domestic dogs,wt,NaN,orbifloxacin PAβN,"Mutant prevention concentration of orbifloxacin: comparison between Escherichia coli, Pseudomonas aeruginosa, and Staphylococcus pseudintermedius of canine origin","Shimizu T, Harada K, Kataoka Y. Mutant prevention concentration of orbifloxacin: comparison between Escherichia coli, Pseudomonas aeruginosa, and Staphylococcus pseudintermedius of canine origin. Acta Vet Scand. 2013 May 1;55(1):37. doi: 10.1186/1751-0147-55-37. PMID: 23634902; PMCID: PMC3646708."
PMC3646708,MPC,0.5,μg/ml,Table - PMC,Isolate 3,E. coli,E2,domestic dogs,wt,NaN,orbifloxacin,"Mutant prevention concentration of orbifloxacin: comparison between Escherichia coli, Pseudomonas aeruginosa, and Staphylococcus pseudintermedius of canine origin","Shimizu T, Harada K, Kataoka Y. Mutant prevention concentration of orbifloxacin: comparison between Escherichia coli, Pseudomonas aeruginosa, and Staphylococcus pseudintermedius of canine origin. Acta Vet Scand. 2013 May 1;55(1):37. doi: 10.1186/1751-0147-55-37. PMID: 23634902; PMCID: PMC3646708."
PMC3646708,MIC,0.063,μg/ml,Table - PMC,Isolate 5,E. coli,E3,domestic dogs,wt,NaN,orbifloxacin,"Mutant prevention concentration of orbifloxacin: comparison between Escherichia coli, Pseudomonas aeruginosa, and Staphylococcus pseudintermedius of canine origin","Shimizu T, Harada K, Kataoka Y. Mutant prevention concentration of orbifloxacin: comparison between Escherichia coli, Pseudomonas aeruginosa, and Staphylococcus pseudintermedius of canine origin. Acta Vet Scand. 2013 May 1;55(1):37. doi: 10.1186/1751-0147-55-37. PMID: 23634902; PMCID: PMC3646708."
PMC3646708,MIC (+EPI)b,<0.015,μg/ml,Table - PMC,Isolate 6,E. coli,E3,domestic dogs,wt,NaN,orbifloxacin PAβN,"Mutant prevention concentration of orbifloxacin: comparison between Escherichia coli, Pseudomonas aeruginosa, and Staphylococcus pseudintermedius of canine origin","Shimizu T, Harada K, Kataoka Y. Mutant prevention concentration of orbifloxacin: comparison between Escherichia coli, Pseudomonas aeruginosa, and Staphylococcus pseudintermedius of canine origin. Acta Vet Scand. 2013 May 1;55(1):37. doi: 10.1186/1751-0147-55-37. PMID: 23634902; PMCID: PMC3646708."
PMC3646708,MPC,1,μg/ml,Table - PMC,Isolate 5,E. coli,E3,domestic dogs,wt,NaN,orbifloxacin,"Mutant prevention concentration of orbifloxacin: comparison between Escherichia coli, Pseudomonas aeruginosa, and Staphylococcus pseudintermedius of canine origin","Shimizu T, Harada K, Kataoka Y. Mutant prevention concentration of orbifloxacin: comparison between Escherichia coli, Pseudomonas aeruginosa, and Staphylococcus pseudintermedius of canine origin. Acta Vet Scand. 2013 May 1;55(1):37. doi: 10.1186/1751-0147-55-37. PMID: 23634902; PMCID: PMC3646708."
PMC3646708,MIC,0.125,μg/ml,Table - PMC,Isolate 7,E. coli,E4,domestic dogs,wt,NaN,orbifloxacin,"Mutant prevention concentration of orbifloxacin: comparison between Escherichia coli, Pseudomonas aeruginosa, and Staphylococcus pseudintermedius of canine origin","Shimizu T, Harada K, Kataoka Y. Mutant prevention concentration of orbifloxacin: comparison between Escherichia coli, Pseudomonas aeruginosa, and Staphylococcus pseudintermedius of canine origin. Acta Vet Scand. 2013 May 1;55(1):37. doi: 10.1186/1751-0147-55-37. PMID: 23634902; PMCID: PMC3646708."
PMC3646708,MIC (+EPI)b,<0.015,μg/ml,Table - PMC,Isolate 8,E. coli,E4,domestic dogs,wt,NaN,orbifloxacin PAβN,"Mutant prevention concentration of orbifloxacin: comparison between Escherichia coli, Pseudomonas aeruginosa, and Staphylococcus pseudintermedius of canine origin","Shimizu T, Harada K, Kataoka Y. Mutant prevention concentration of orbifloxacin: comparison between Escherichia coli, Pseudomonas aeruginosa, and Staphylococcus pseudintermedius of canine origin. Acta Vet Scand. 2013 May 1;55(1):37. doi: 10.1186/1751-0147-55-37. PMID: 23634902; PMCID: PMC3646708."
PMC3646708,MPC,2,μg/ml,Table - PMC,Isolate 7,E. coli,E4,domestic dogs,wt,NaN,orbifloxacin,"Mutant prevention concentration of orbifloxacin: comparison between Escherichia coli, Pseudomonas aeruginosa, and Staphylococcus pseudintermedius of canine origin","Shimizu T, Harada K, Kataoka Y. Mutant prevention concentration of orbifloxacin: comparison between Escherichia coli, Pseudomonas aeruginosa, and Staphylococcus pseudintermedius of canine origin. Acta Vet Scand. 2013 May 1;55(1):37. doi: 10.1186/1751-0147-55-37. PMID: 23634902; PMCID: PMC3646708."
PMC3646708,MIC,0.125,μg/ml,Table - PMC,Isolate 9,E. coli,E5,domestic dogs,wt,NaN,orbifloxacin,"Mutant prevention concentration of orbifloxacin: comparison between Escherichia coli, Pseudomonas aeruginosa, and Staphylococcus pseudintermedius of canine origin","Shimizu T, Harada K, Kataoka Y. Mutant prevention concentration of orbifloxacin: comparison between Escherichia coli, Pseudomonas aeruginosa, and Staphylococcus pseudintermedius of canine origin. Acta Vet Scand. 2013 May 1;55(1):37. doi: 10.1186/1751-0147-55-37. PMID: 23634902; PMCID: PMC3646708."
PMC3646708,MIC (+EPI)b,<0.015,μg/ml,Table - PMC,Isolate 10,E. coli,E5,domestic dogs,wt,NaN,orbifloxacin PAβN,"Mutant prevention concentration of orbifloxacin: comparison between Escherichia coli, Pseudomonas aeruginosa, and Staphylococcus pseudintermedius of canine origin","Shimizu T, Harada K, Kataoka Y. Mutant prevention concentration of orbifloxacin: comparison between Escherichia coli, Pseudomonas aeruginosa, and Staphylococcus pseudintermedius of canine origin. Acta Vet Scand. 2013 May 1;55(1):37. doi: 10.1186/1751-0147-55-37. PMID: 23634902; PMCID: PMC3646708."
PMC3646708,MPC,2,μg/ml,Table - PMC,Isolate 9,E. coli,E5,domestic dogs,wt,NaN,orbifloxacin,"Mutant prevention concentration of orbifloxacin: comparison between Escherichia coli, Pseudomonas aeruginosa, and Staphylococcus pseudintermedius of canine origin","Shimizu T, Harada K, Kataoka Y. Mutant prevention concentration of orbifloxacin: comparison between Escherichia coli, Pseudomonas aeruginosa, and Staphylococcus pseudintermedius of canine origin. Acta Vet Scand. 2013 May 1;55(1):37. doi: 10.1186/1751-0147-55-37. PMID: 23634902; PMCID: PMC3646708."
PMC3646708,MIC,0.25,μg/ml,Table - PMC,Isolate 11,E. coli,E6,domestic dogs,wt,NaN,orbifloxacin,"Mutant prevention concentration of orbifloxacin: comparison between Escherichia coli, Pseudomonas aeruginosa, and Staphylococcus pseudintermedius of canine origin","Shimizu T, Harada K, Kataoka Y. Mutant prevention concentration of orbifloxacin: comparison between Escherichia coli, Pseudomonas aeruginosa, and Staphylococcus pseudintermedius of canine origin. Acta Vet Scand. 2013 May 1;55(1):37. doi: 10.1186/1751-0147-55-37. PMID: 23634902; PMCID: PMC3646708."
PMC3646708,MIC (+EPI)b,<0.015,μg/ml,Table - PMC,Isolate 12,E. coli,E6,domestic dogs,wt,NaN,orbifloxacin PAβN,"Mutant prevention concentration of orbifloxacin: comparison between Escherichia coli, Pseudomonas aeruginosa, and Staphylococcus pseudintermedius of canine origin","Shimizu T, Harada K, Kataoka Y. Mutant prevention concentration of orbifloxacin: comparison between Escherichia coli, Pseudomonas aeruginosa, and Staphylococcus pseudintermedius of canine origin. Acta Vet Scand. 2013 May 1;55(1):37. doi: 10.1186/1751-0147-55-37. PMID: 23634902; PMCID: PMC3646708."
PMC3646708,MPC,1,μg/ml,Table - PMC,Isolate 11,E. coli,E6,domestic dogs,wt,NaN,orbifloxacin,"Mutant prevention concentration of orbifloxacin: comparison between Escherichia coli, Pseudomonas aeruginosa, and Staphylococcus pseudintermedius of canine origin","Shimizu T, Harada K, Kataoka Y. Mutant prevention concentration of orbifloxacin: comparison between Escherichia coli, Pseudomonas aeruginosa, and Staphylococcus pseudintermedius of canine origin. Acta Vet Scand. 2013 May 1;55(1):37. doi: 10.1186/1751-0147-55-37. PMID: 23634902; PMCID: PMC3646708."
PMC3646708,MIC,0.5,μg/ml,Table - PMC,Isolate 13,E. coli,E7,domestic dogs,S83L,NaN,orbifloxacin,"Mutant prevention concentration of orbifloxacin: comparison between Escherichia coli, Pseudomonas aeruginosa, and Staphylococcus pseudintermedius of canine origin","Shimizu T, Harada K, Kataoka Y. Mutant prevention concentration of orbifloxacin: comparison between Escherichia coli, Pseudomonas aeruginosa, and Staphylococcus pseudintermedius of canine origin. Acta Vet Scand. 2013 May 1;55(1):37. doi: 10.1186/1751-0147-55-37. PMID: 23634902; PMCID: PMC3646708."
PMC3646708,MIC (+EPI)b,0.063,μg/ml,Table - PMC,Isolate 14,E. coli,E7,domestic dogs,S83L,NaN,orbifloxacin PAβN,"Mutant prevention concentration of orbifloxacin: comparison between Escherichia coli, Pseudomonas aeruginosa, and Staphylococcus pseudintermedius of canine origin","Shimizu T, Harada K, Kataoka Y. Mutant prevention concentration of orbifloxacin: comparison between Escherichia coli, Pseudomonas aeruginosa, and Staphylococcus pseudintermedius of canine origin. Acta Vet Scand. 2013 May 1;55(1):37. doi: 10.1186/1751-0147-55-37. PMID: 23634902; PMCID: PMC3646708."
PMC3646708,MPC,16,μg/ml,Table - PMC,Isolate 13,E. coli,E7,domestic dogs,S83L,NaN,orbifloxacin,"Mutant prevention concentration of orbifloxacin: comparison between Escherichia coli, Pseudomonas aeruginosa, and Staphylococcus pseudintermedius of canine origin","Shimizu T, Harada K, Kataoka Y. Mutant prevention concentration of orbifloxacin: comparison between Escherichia coli, Pseudomonas aeruginosa, and Staphylococcus pseudintermedius of canine origin. Acta Vet Scand. 2013 May 1;55(1):37. doi: 10.1186/1751-0147-55-37. PMID: 23634902; PMCID: PMC3646708."
PMC3646708,MIC,1,μg/ml,Table - PMC,Isolate 15,E. coli,E8,domestic dogs,D87N,NaN,orbifloxacin,"Mutant prevention concentration of orbifloxacin: comparison between Escherichia coli, Pseudomonas aeruginosa, and Staphylococcus pseudintermedius of canine origin","Shimizu T, Harada K, Kataoka Y. Mutant prevention concentration of orbifloxacin: comparison between Escherichia coli, Pseudomonas aeruginosa, and Staphylococcus pseudintermedius of canine origin. Acta Vet Scand. 2013 May 1;55(1):37. doi: 10.1186/1751-0147-55-37. PMID: 23634902; PMCID: PMC3646708."
PMC3646708,MIC (+EPI)b,0.063,μg/ml,Table - PMC,Isolate 16,E. coli,E8,domestic dogs,D87N,NaN,orbifloxacin PAβN,"Mutant prevention concentration of orbifloxacin: comparison between Escherichia coli, Pseudomonas aeruginosa, and Staphylococcus pseudintermedius of canine origin","Shimizu T, Harada K, Kataoka Y. Mutant prevention concentration of orbifloxacin: comparison between Escherichia coli, Pseudomonas aeruginosa, and Staphylococcus pseudintermedius of canine origin. Acta Vet Scand. 2013 May 1;55(1):37. doi: 10.1186/1751-0147-55-37. PMID: 23634902; PMCID: PMC3646708."
PMC3646708,MPC,8,μg/ml,Table - PMC,Isolate 15,E. coli,E8,domestic dogs,D87N,NaN,orbifloxacin,"Mutant prevention concentration of orbifloxacin: comparison between Escherichia coli, Pseudomonas aeruginosa, and Staphylococcus pseudintermedius of canine origin","Shimizu T, Harada K, Kataoka Y. Mutant prevention concentration of orbifloxacin: comparison between Escherichia coli, Pseudomonas aeruginosa, and Staphylococcus pseudintermedius of canine origin. Acta Vet Scand. 2013 May 1;55(1):37. doi: 10.1186/1751-0147-55-37. PMID: 23634902; PMCID: PMC3646708."
PMC3646708,MIC,2,μg/ml,Table - PMC,Isolate 17,E. coli,E9,domestic dogs,D87N,NaN,orbifloxacin,"Mutant prevention concentration of orbifloxacin: comparison between Escherichia coli, Pseudomonas aeruginosa, and Staphylococcus pseudintermedius of canine origin","Shimizu T, Harada K, Kataoka Y. Mutant prevention concentration of orbifloxacin: comparison between Escherichia coli, Pseudomonas aeruginosa, and Staphylococcus pseudintermedius of canine origin. Acta Vet Scand. 2013 May 1;55(1):37. doi: 10.1186/1751-0147-55-37. PMID: 23634902; PMCID: PMC3646708."
PMC3646708,MIC (+EPI)b,0.125,μg/ml,Table - PMC,Isolate 18,E. coli,E9,domestic dogs,D87N,NaN,orbifloxacin PAβN,"Mutant prevention concentration of orbifloxacin: comparison between Escherichia coli, Pseudomonas aeruginosa, and Staphylococcus pseudintermedius of canine origin","Shimizu T, Harada K, Kataoka Y. Mutant prevention concentration of orbifloxacin: comparison between Escherichia coli, Pseudomonas aeruginosa, and Staphylococcus pseudintermedius of canine origin. Acta Vet Scand. 2013 May 1;55(1):37. doi: 10.1186/1751-0147-55-37. PMID: 23634902; PMCID: PMC3646708."
PMC3646708,MPC,8,μg/ml,Table - PMC,Isolate 17,E. coli,E9,domestic dogs,D87N,NaN,orbifloxacin,"Mutant prevention concentration of orbifloxacin: comparison between Escherichia coli, Pseudomonas aeruginosa, and Staphylococcus pseudintermedius of canine origin","Shimizu T, Harada K, Kataoka Y. Mutant prevention concentration of orbifloxacin: comparison between Escherichia coli, Pseudomonas aeruginosa, and Staphylococcus pseudintermedius of canine origin. Acta Vet Scand. 2013 May 1;55(1):37. doi: 10.1186/1751-0147-55-37. PMID: 23634902; PMCID: PMC3646708."
PMC3646708,MIC,2,μg/ml,Table - PMC,Isolate 19,E. coli,E10,domestic dogs,S83L,NaN,orbifloxacin,"Mutant prevention concentration of orbifloxacin: comparison between Escherichia coli, Pseudomonas aeruginosa, and Staphylococcus pseudintermedius of canine origin","Shimizu T, Harada K, Kataoka Y. Mutant prevention concentration of orbifloxacin: comparison between Escherichia coli, Pseudomonas aeruginosa, and Staphylococcus pseudintermedius of canine origin. Acta Vet Scand. 2013 May 1;55(1):37. doi: 10.1186/1751-0147-55-37. PMID: 23634902; PMCID: PMC3646708."
PMC3646708,MIC (+EPI)b,0.125,μg/ml,Table - PMC,Isolate 20,E. coli,E10,domestic dogs,S83L,NaN,orbifloxacin PAβN,"Mutant prevention concentration of orbifloxacin: comparison between Escherichia coli, Pseudomonas aeruginosa, and Staphylococcus pseudintermedius of canine origin","Shimizu T, Harada K, Kataoka Y. Mutant prevention concentration of orbifloxacin: comparison between Escherichia coli, Pseudomonas aeruginosa, and Staphylococcus pseudintermedius of canine origin. Acta Vet Scand. 2013 May 1;55(1):37. doi: 10.1186/1751-0147-55-37. PMID: 23634902; PMCID: PMC3646708."
PMC3646708,MPC,32,μg/ml,Table - PMC,Isolate 19,E. coli,E10,domestic dogs,S83L,NaN,orbifloxacin,"Mutant prevention concentration of orbifloxacin: comparison between Escherichia coli, Pseudomonas aeruginosa, and Staphylococcus pseudintermedius of canine origin","Shimizu T, Harada K, Kataoka Y. Mutant prevention concentration of orbifloxacin: comparison between Escherichia coli, Pseudomonas aeruginosa, and Staphylococcus pseudintermedius of canine origin. Acta Vet Scand. 2013 May 1;55(1):37. doi: 10.1186/1751-0147-55-37. PMID: 23634902; PMCID: PMC3646708."
PMC3646708,MIC,1,μg/ml,Table - PMC,Isolate 21,E. coli,EM1 (0.5),domestic dogs,S83L,NaN,orbifloxacin,"Mutant prevention concentration of orbifloxacin: comparison between Escherichia coli, Pseudomonas aeruginosa, and Staphylococcus pseudintermedius of canine origin","Shimizu T, Harada K, Kataoka Y. Mutant prevention concentration of orbifloxacin: comparison between Escherichia coli, Pseudomonas aeruginosa, and Staphylococcus pseudintermedius of canine origin. Acta Vet Scand. 2013 May 1;55(1):37. doi: 10.1186/1751-0147-55-37. PMID: 23634902; PMCID: PMC3646708."
PMC3646708,MIC (+EPI)b,0.125,μg/ml,Table - PMC,Isolate 22,E. coli,EM1 (0.5),domestic dogs,S83L,NaN,orbifloxacin PAβN,"Mutant prevention concentration of orbifloxacin: comparison between Escherichia coli, Pseudomonas aeruginosa, and Staphylococcus pseudintermedius of canine origin","Shimizu T, Harada K, Kataoka Y. Mutant prevention concentration of orbifloxacin: comparison between Escherichia coli, Pseudomonas aeruginosa, and Staphylococcus pseudintermedius of canine origin. Acta Vet Scand. 2013 May 1;55(1):37. doi: 10.1186/1751-0147-55-37. PMID: 23634902; PMCID: PMC3646708."
PMC3646708,MIC,1,μg/ml,Table - PMC,Isolate 23,E. coli,EM2 (0.25),domestic dogs,S83L,NaN,orbifloxacin,"Mutant prevention concentration of orbifloxacin: comparison between Escherichia coli, Pseudomonas aeruginosa, and Staphylococcus pseudintermedius of canine origin","Shimizu T, Harada K, Kataoka Y. Mutant prevention concentration of orbifloxacin: comparison between Escherichia coli, Pseudomonas aeruginosa, and Staphylococcus pseudintermedius of canine origin. Acta Vet Scand. 2013 May 1;55(1):37. doi: 10.1186/1751-0147-55-37. PMID: 23634902; PMCID: PMC3646708."
PMC3646708,MIC (+EPI)b,0.125,μg/ml,Table - PMC,Isolate 24,E. coli,EM2 (0.25),domestic dogs,S83L,NaN,orbifloxacin PAβN,"Mutant prevention concentration of orbifloxacin: comparison between Escherichia coli, Pseudomonas aeruginosa, and Staphylococcus pseudintermedius of canine origin","Shimizu T, Harada K, Kataoka Y. Mutant prevention concentration of orbifloxacin: comparison between Escherichia coli, Pseudomonas aeruginosa, and Staphylococcus pseudintermedius of canine origin. Acta Vet Scand. 2013 May 1;55(1):37. doi: 10.1186/1751-0147-55-37. PMID: 23634902; PMCID: PMC3646708."
PMC3646708,MIC,1,μg/ml,Table - PMC,Isolate 25,E. coli,EM3 (0.5),domestic dogs,S83L,NaN,orbifloxacin,"Mutant prevention concentration of orbifloxacin: comparison between Escherichia coli, Pseudomonas aeruginosa, and Staphylococcus pseudintermedius of canine origin","Shimizu T, Harada K, Kataoka Y. Mutant prevention concentration of orbifloxacin: comparison between Escherichia coli, Pseudomonas aeruginosa, and Staphylococcus pseudintermedius of canine origin. Acta Vet Scand. 2013 May 1;55(1):37. doi: 10.1186/1751-0147-55-37. PMID: 23634902; PMCID: PMC3646708."
PMC3646708,MIC (+EPI)b,0.125,μg/ml,Table - PMC,Isolate 26,E. coli,EM3 (0.5),domestic dogs,S83L,NaN,orbifloxacin PAβN,"Mutant prevention concentration of orbifloxacin: comparison between Escherichia coli, Pseudomonas aeruginosa, and Staphylococcus pseudintermedius of canine origin","Shimizu T, Harada K, Kataoka Y. Mutant prevention concentration of orbifloxacin: comparison between Escherichia coli, Pseudomonas aeruginosa, and Staphylococcus pseudintermedius of canine origin. Acta Vet Scand. 2013 May 1;55(1):37. doi: 10.1186/1751-0147-55-37. PMID: 23634902; PMCID: PMC3646708."
PMC3646708,MIC,2,μg/ml,Table - PMC,Isolate 27,E. coli,EM4 (1),domestic dogs,S83L,NaN,orbifloxacin,"Mutant prevention concentration of orbifloxacin: comparison between Escherichia coli, Pseudomonas aeruginosa, and Staphylococcus pseudintermedius of canine origin","Shimizu T, Harada K, Kataoka Y. Mutant prevention concentration of orbifloxacin: comparison between Escherichia coli, Pseudomonas aeruginosa, and Staphylococcus pseudintermedius of canine origin. Acta Vet Scand. 2013 May 1;55(1):37. doi: 10.1186/1751-0147-55-37. PMID: 23634902; PMCID: PMC3646708."
PMC3646708,MIC (+EPI)b,0.125,μg/ml,Table - PMC,Isolate 28,E. coli,EM4 (1),domestic dogs,S83L,NaN,orbifloxacin PAβN,"Mutant prevention concentration of orbifloxacin: comparison between Escherichia coli, Pseudomonas aeruginosa, and Staphylococcus pseudintermedius of canine origin","Shimizu T, Harada K, Kataoka Y. Mutant prevention concentration of orbifloxacin: comparison between Escherichia coli, Pseudomonas aeruginosa, and Staphylococcus pseudintermedius of canine origin. Acta Vet Scand. 2013 May 1;55(1):37. doi: 10.1186/1751-0147-55-37. PMID: 23634902; PMCID: PMC3646708."
PMC3646708,MIC,2,μg/ml,Table - PMC,Isolate 29,E. coli,EM5 (1),domestic dogs,S83L,NaN,orbifloxacin,"Mutant prevention concentration of orbifloxacin: comparison between Escherichia coli, Pseudomonas aeruginosa, and Staphylococcus pseudintermedius of canine origin","Shimizu T, Harada K, Kataoka Y. Mutant prevention concentration of orbifloxacin: comparison between Escherichia coli, Pseudomonas aeruginosa, and Staphylococcus pseudintermedius of canine origin. Acta Vet Scand. 2013 May 1;55(1):37. doi: 10.1186/1751-0147-55-37. PMID: 23634902; PMCID: PMC3646708."
PMC3646708,MIC (+EPI)b,0.25,μg/ml,Table - PMC,Isolate 30,E. coli,EM5 (1),domestic dogs,S83L,NaN,orbifloxacin PAβN,"Mutant prevention concentration of orbifloxacin: comparison between Escherichia coli, Pseudomonas aeruginosa, and Staphylococcus pseudintermedius of canine origin","Shimizu T, Harada K, Kataoka Y. Mutant prevention concentration of orbifloxacin: comparison between Escherichia coli, Pseudomonas aeruginosa, and Staphylococcus pseudintermedius of canine origin. Acta Vet Scand. 2013 May 1;55(1):37. doi: 10.1186/1751-0147-55-37. PMID: 23634902; PMCID: PMC3646708."
PMC3646708,MIC,2,μg/ml,Table - PMC,Isolate 31,E. coli,EM6 (0.5),domestic dogs,S83L,NaN,orbifloxacin,"Mutant prevention concentration of orbifloxacin: comparison between Escherichia coli, Pseudomonas aeruginosa, and Staphylococcus pseudintermedius of canine origin","Shimizu T, Harada K, Kataoka Y. Mutant prevention concentration of orbifloxacin: comparison between Escherichia coli, Pseudomonas aeruginosa, and Staphylococcus pseudintermedius of canine origin. Acta Vet Scand. 2013 May 1;55(1):37. doi: 10.1186/1751-0147-55-37. PMID: 23634902; PMCID: PMC3646708."
PMC3646708,MIC (+EPI)b,0.125,μg/ml,Table - PMC,Isolate 32,E. coli,EM6 (0.5),domestic dogs,S83L,NaN,orbifloxacin PAβN,"Mutant prevention concentration of orbifloxacin: comparison between Escherichia coli, Pseudomonas aeruginosa, and Staphylococcus pseudintermedius of canine origin","Shimizu T, Harada K, Kataoka Y. Mutant prevention concentration of orbifloxacin: comparison between Escherichia coli, Pseudomonas aeruginosa, and Staphylococcus pseudintermedius of canine origin. Acta Vet Scand. 2013 May 1;55(1):37. doi: 10.1186/1751-0147-55-37. PMID: 23634902; PMCID: PMC3646708."
PMC3646708,MIC,4,μg/ml,Table - PMC,Isolate 33,E. coli,EM7 (8),domestic dogs,S83L,NaN,orbifloxacin,"Mutant prevention concentration of orbifloxacin: comparison between Escherichia coli, Pseudomonas aeruginosa, and Staphylococcus pseudintermedius of canine origin","Shimizu T, Harada K, Kataoka Y. Mutant prevention concentration of orbifloxacin: comparison between Escherichia coli, Pseudomonas aeruginosa, and Staphylococcus pseudintermedius of canine origin. Acta Vet Scand. 2013 May 1;55(1):37. doi: 10.1186/1751-0147-55-37. PMID: 23634902; PMCID: PMC3646708."
PMC3646708,MIC (+EPI)b,0.125,μg/ml,Table - PMC,Isolate 34,E. coli,EM7 (8),domestic dogs,S83L,NaN,orbifloxacin PAβN,"Mutant prevention concentration of orbifloxacin: comparison between Escherichia coli, Pseudomonas aeruginosa, and Staphylococcus pseudintermedius of canine origin","Shimizu T, Harada K, Kataoka Y. Mutant prevention concentration of orbifloxacin: comparison between Escherichia coli, Pseudomonas aeruginosa, and Staphylococcus pseudintermedius of canine origin. Acta Vet Scand. 2013 May 1;55(1):37. doi: 10.1186/1751-0147-55-37. PMID: 23634902; PMCID: PMC3646708."
PMC3646708,MIC,4,μg/ml,Table - PMC,Isolate 35,E. coli,EM8 (4),domestic dogs,D87N,NaN,orbifloxacin,"Mutant prevention concentration of orbifloxacin: comparison between Escherichia coli, Pseudomonas aeruginosa, and Staphylococcus pseudintermedius of canine origin","Shimizu T, Harada K, Kataoka Y. Mutant prevention concentration of orbifloxacin: comparison between Escherichia coli, Pseudomonas aeruginosa, and Staphylococcus pseudintermedius of canine origin. Acta Vet Scand. 2013 May 1;55(1):37. doi: 10.1186/1751-0147-55-37. PMID: 23634902; PMCID: PMC3646708."
PMC3646708,MIC (+EPI)b,0.25,μg/ml,Table - PMC,Isolate 36,E. coli,EM8 (4),domestic dogs,D87N,NaN,orbifloxacin PAβN,"Mutant prevention concentration of orbifloxacin: comparison between Escherichia coli, Pseudomonas aeruginosa, and Staphylococcus pseudintermedius of canine origin","Shimizu T, Harada K, Kataoka Y. Mutant prevention concentration of orbifloxacin: comparison between Escherichia coli, Pseudomonas aeruginosa, and Staphylococcus pseudintermedius of canine origin. Acta Vet Scand. 2013 May 1;55(1):37. doi: 10.1186/1751-0147-55-37. PMID: 23634902; PMCID: PMC3646708."
PMC3646708,MIC,8,μg/ml,Table - PMC,Isolate 37,E. coli,EM9 (4),domestic dogs,D87N,NaN,orbifloxacin,"Mutant prevention concentration of orbifloxacin: comparison between Escherichia coli, Pseudomonas aeruginosa, and Staphylococcus pseudintermedius of canine origin","Shimizu T, Harada K, Kataoka Y. Mutant prevention concentration of orbifloxacin: comparison between Escherichia coli, Pseudomonas aeruginosa, and Staphylococcus pseudintermedius of canine origin. Acta Vet Scand. 2013 May 1;55(1):37. doi: 10.1186/1751-0147-55-37. PMID: 23634902; PMCID: PMC3646708."
PMC3646708,MIC (+EPI)b,0.25,μg/ml,Table - PMC,Isolate 38,E. coli,EM9 (4),domestic dogs,D87N,NaN,orbifloxacin PAβN,"Mutant prevention concentration of orbifloxacin: comparison between Escherichia coli, Pseudomonas aeruginosa, and Staphylococcus pseudintermedius of canine origin","Shimizu T, Harada K, Kataoka Y. Mutant prevention concentration of orbifloxacin: comparison between Escherichia coli, Pseudomonas aeruginosa, and Staphylococcus pseudintermedius of canine origin. Acta Vet Scand. 2013 May 1;55(1):37. doi: 10.1186/1751-0147-55-37. PMID: 23634902; PMCID: PMC3646708."
PMC3646708,MIC,4,μg/ml,Table - PMC,Isolate 39,E. coli,EM10 (16),domestic dogs,S83L,NaN,orbifloxacin,"Mutant prevention concentration of orbifloxacin: comparison between Escherichia coli, Pseudomonas aeruginosa, and Staphylococcus pseudintermedius of canine origin","Shimizu T, Harada K, Kataoka Y. Mutant prevention concentration of orbifloxacin: comparison between Escherichia coli, Pseudomonas aeruginosa, and Staphylococcus pseudintermedius of canine origin. Acta Vet Scand. 2013 May 1;55(1):37. doi: 10.1186/1751-0147-55-37. PMID: 23634902; PMCID: PMC3646708."
PMC3646708,MIC (+EPI)b,0.125,μg/ml,Table - PMC,Isolate 40,E. coli,EM10 (16),domestic dogs,S83L,NaN,orbifloxacin PAβN,"Mutant prevention concentration of orbifloxacin: comparison between Escherichia coli, Pseudomonas aeruginosa, and Staphylococcus pseudintermedius of canine origin","Shimizu T, Harada K, Kataoka Y. Mutant prevention concentration of orbifloxacin: comparison between Escherichia coli, Pseudomonas aeruginosa, and Staphylococcus pseudintermedius of canine origin. Acta Vet Scand. 2013 May 1;55(1):37. doi: 10.1186/1751-0147-55-37. PMID: 23634902; PMCID: PMC3646708."
PMC3646708,MIC,1,μg/ml,Table - PMC,Isolate 41,P. aeruginosa,P1,domestic dogs,wt,NaN,orbifloxacin,"Mutant prevention concentration of orbifloxacin: comparison between Escherichia coli, Pseudomonas aeruginosa, and Staphylococcus pseudintermedius of canine origin","Shimizu T, Harada K, Kataoka Y. Mutant prevention concentration of orbifloxacin: comparison between Escherichia coli, Pseudomonas aeruginosa, and Staphylococcus pseudintermedius of canine origin. Acta Vet Scand. 2013 May 1;55(1):37. doi: 10.1186/1751-0147-55-37. PMID: 23634902; PMCID: PMC3646708."
PMC3646708,MIC (+EPI)b,0.015,μg/ml,Table - PMC,Isolate 42,P. aeruginosa,P1,domestic dogs,wt,NaN,orbifloxacin PAβN,"Mutant prevention concentration of orbifloxacin: comparison between Escherichia coli, Pseudomonas aeruginosa, and Staphylococcus pseudintermedius of canine origin","Shimizu T, Harada K, Kataoka Y. Mutant prevention concentration of orbifloxacin: comparison between Escherichia coli, Pseudomonas aeruginosa, and Staphylococcus pseudintermedius of canine origin. Acta Vet Scand. 2013 May 1;55(1):37. doi: 10.1186/1751-0147-55-37. PMID: 23634902; PMCID: PMC3646708."
PMC3646708,MPC,32,μg/ml,Table - PMC,Isolate 41,P. aeruginosa,P1,domestic dogs,wt,NaN,orbifloxacin,"Mutant prevention concentration of orbifloxacin: comparison between Escherichia coli, Pseudomonas aeruginosa, and Staphylococcus pseudintermedius of canine origin","Shimizu T, Harada K, Kataoka Y. Mutant prevention concentration of orbifloxacin: comparison between Escherichia coli, Pseudomonas aeruginosa, and Staphylococcus pseudintermedius of canine origin. Acta Vet Scand. 2013 May 1;55(1):37. doi: 10.1186/1751-0147-55-37. PMID: 23634902; PMCID: PMC3646708."
PMC3646708,MIC,1,μg/ml,Table - PMC,Isolate 43,P. aeruginosa,P2,domestic dogs,wt,NaN,orbifloxacin,"Mutant prevention concentration of orbifloxacin: comparison between Escherichia coli, Pseudomonas aeruginosa, and Staphylococcus pseudintermedius of canine origin","Shimizu T, Harada K, Kataoka Y. Mutant prevention concentration of orbifloxacin: comparison between Escherichia coli, Pseudomonas aeruginosa, and Staphylococcus pseudintermedius of canine origin. Acta Vet Scand. 2013 May 1;55(1):37. doi: 10.1186/1751-0147-55-37. PMID: 23634902; PMCID: PMC3646708."
PMC3646708,MIC (+EPI)b,0.031,μg/ml,Table - PMC,Isolate 44,P. aeruginosa,P2,domestic dogs,wt,NaN,orbifloxacin PAβN,"Mutant prevention concentration of orbifloxacin: comparison between Escherichia coli, Pseudomonas aeruginosa, and Staphylococcus pseudintermedius of canine origin","Shimizu T, Harada K, Kataoka Y. Mutant prevention concentration of orbifloxacin: comparison between Escherichia coli, Pseudomonas aeruginosa, and Staphylococcus pseudintermedius of canine origin. Acta Vet Scand. 2013 May 1;55(1):37. doi: 10.1186/1751-0147-55-37. PMID: 23634902; PMCID: PMC3646708."
PMC3646708,MPC,16,μg/ml,Table - PMC,Isolate 43,P. aeruginosa,P2,domestic dogs,wt,NaN,orbifloxacin,"Mutant prevention concentration of orbifloxacin: comparison between Escherichia coli, Pseudomonas aeruginosa, and Staphylococcus pseudintermedius of canine origin","Shimizu T, Harada K, Kataoka Y. Mutant prevention concentration of orbifloxacin: comparison between Escherichia coli, Pseudomonas aeruginosa, and Staphylococcus pseudintermedius of canine origin. Acta Vet Scand. 2013 May 1;55(1):37. doi: 10.1186/1751-0147-55-37. PMID: 23634902; PMCID: PMC3646708."
PMC3646708,MIC,1,μg/ml,Table - PMC,Isolate 45,P. aeruginosa,P3,domestic dogs,wt,NaN,orbifloxacin,"Mutant prevention concentration of orbifloxacin: comparison between Escherichia coli, Pseudomonas aeruginosa, and Staphylococcus pseudintermedius of canine origin","Shimizu T, Harada K, Kataoka Y. Mutant prevention concentration of orbifloxacin: comparison between Escherichia coli, Pseudomonas aeruginosa, and Staphylococcus pseudintermedius of canine origin. Acta Vet Scand. 2013 May 1;55(1):37. doi: 10.1186/1751-0147-55-37. PMID: 23634902; PMCID: PMC3646708."
PMC3646708,MIC (+EPI)b,0.063,μg/ml,Table - PMC,Isolate 46,P. aeruginosa,P3,domestic dogs,wt,NaN,orbifloxacin PAβN,"Mutant prevention concentration of orbifloxacin: comparison between Escherichia coli, Pseudomonas aeruginosa, and Staphylococcus pseudintermedius of canine origin","Shimizu T, Harada K, Kataoka Y. Mutant prevention concentration of orbifloxacin: comparison between Escherichia coli, Pseudomonas aeruginosa, and Staphylococcus pseudintermedius of canine origin. Acta Vet Scand. 2013 May 1;55(1):37. doi: 10.1186/1751-0147-55-37. PMID: 23634902; PMCID: PMC3646708."
PMC3646708,MPC,32,μg/ml,Table - PMC,Isolate 45,P. aeruginosa,P3,domestic dogs,wt,NaN,orbifloxacin,"Mutant prevention concentration of orbifloxacin: comparison between Escherichia coli, Pseudomonas aeruginosa, and Staphylococcus pseudintermedius of canine origin","Shimizu T, Harada K, Kataoka Y. Mutant prevention concentration of orbifloxacin: comparison between Escherichia coli, Pseudomonas aeruginosa, and Staphylococcus pseudintermedius of canine origin. Acta Vet Scand. 2013 May 1;55(1):37. doi: 10.1186/1751-0147-55-37. PMID: 23634902; PMCID: PMC3646708."
PMC3646708,MIC,2,μg/ml,Table - PMC,Isolate 47,P. aeruginosa,P4,domestic dogs,wt,NaN,orbifloxacin,"Mutant prevention concentration of orbifloxacin: comparison between Escherichia coli, Pseudomonas aeruginosa, and Staphylococcus pseudintermedius of canine origin","Shimizu T, Harada K, Kataoka Y. Mutant prevention concentration of orbifloxacin: comparison between Escherichia coli, Pseudomonas aeruginosa, and Staphylococcus pseudintermedius of canine origin. Acta Vet Scand. 2013 May 1;55(1):37. doi: 10.1186/1751-0147-55-37. PMID: 23634902; PMCID: PMC3646708."
PMC3646708,MIC (+EPI)b,0.125,μg/ml,Table - PMC,Isolate 48,P. aeruginosa,P4,domestic dogs,wt,NaN,orbifloxacin PAβN,"Mutant prevention concentration of orbifloxacin: comparison between Escherichia coli, Pseudomonas aeruginosa, and Staphylococcus pseudintermedius of canine origin","Shimizu T, Harada K, Kataoka Y. Mutant prevention concentration of orbifloxacin: comparison between Escherichia coli, Pseudomonas aeruginosa, and Staphylococcus pseudintermedius of canine origin. Acta Vet Scand. 2013 May 1;55(1):37. doi: 10.1186/1751-0147-55-37. PMID: 23634902; PMCID: PMC3646708."
PMC3646708,MPC,64,μg/ml,Table - PMC,Isolate 47,P. aeruginosa,P4,domestic dogs,wt,NaN,orbifloxacin,"Mutant prevention concentration of orbifloxacin: comparison between Escherichia coli, Pseudomonas aeruginosa, and Staphylococcus pseudintermedius of canine origin","Shimizu T, Harada K, Kataoka Y. Mutant prevention concentration of orbifloxacin: comparison between Escherichia coli, Pseudomonas aeruginosa, and Staphylococcus pseudintermedius of canine origin. Acta Vet Scand. 2013 May 1;55(1):37. doi: 10.1186/1751-0147-55-37. PMID: 23634902; PMCID: PMC3646708."
PMC3646708,MIC,2,μg/ml,Table - PMC,Isolate 49,P. aeruginosa,P5,domestic dogs,wt,NaN,orbifloxacin,"Mutant prevention concentration of orbifloxacin: comparison between Escherichia coli, Pseudomonas aeruginosa, and Staphylococcus pseudintermedius of canine origin","Shimizu T, Harada K, Kataoka Y. Mutant prevention concentration of orbifloxacin: comparison between Escherichia coli, Pseudomonas aeruginosa, and Staphylococcus pseudintermedius of canine origin. Acta Vet Scand. 2013 May 1;55(1):37. doi: 10.1186/1751-0147-55-37. PMID: 23634902; PMCID: PMC3646708."
PMC3646708,MIC (+EPI)b,0.063,μg/ml,Table - PMC,Isolate 50,P. aeruginosa,P5,domestic dogs,wt,NaN,orbifloxacin PAβN,"Mutant prevention concentration of orbifloxacin: comparison between Escherichia coli, Pseudomonas aeruginosa, and Staphylococcus pseudintermedius of canine origin","Shimizu T, Harada K, Kataoka Y. Mutant prevention concentration of orbifloxacin: comparison between Escherichia coli, Pseudomonas aeruginosa, and Staphylococcus pseudintermedius of canine origin. Acta Vet Scand. 2013 May 1;55(1):37. doi: 10.1186/1751-0147-55-37. PMID: 23634902; PMCID: PMC3646708."
PMC3646708,MPC,32,μg/ml,Table - PMC,Isolate 49,P. aeruginosa,P5,domestic dogs,wt,NaN,orbifloxacin,"Mutant prevention concentration of orbifloxacin: comparison between Escherichia coli, Pseudomonas aeruginosa, and Staphylococcus pseudintermedius of canine origin","Shimizu T, Harada K, Kataoka Y. Mutant prevention concentration of orbifloxacin: comparison between Escherichia coli, Pseudomonas aeruginosa, and Staphylococcus pseudintermedius of canine origin. Acta Vet Scand. 2013 May 1;55(1):37. doi: 10.1186/1751-0147-55-37. PMID: 23634902; PMCID: PMC3646708."
PMC3646708,MIC,2,μg/ml,Table - PMC,Isolate 51,P. aeruginosa,P6,domestic dogs,wt,NaN,orbifloxacin,"Mutant prevention concentration of orbifloxacin: comparison between Escherichia coli, Pseudomonas aeruginosa, and Staphylococcus pseudintermedius of canine origin","Shimizu T, Harada K, Kataoka Y. Mutant prevention concentration of orbifloxacin: comparison between Escherichia coli, Pseudomonas aeruginosa, and Staphylococcus pseudintermedius of canine origin. Acta Vet Scand. 2013 May 1;55(1):37. doi: 10.1186/1751-0147-55-37. PMID: 23634902; PMCID: PMC3646708."
PMC3646708,MIC (+EPI)b,0.125,μg/ml,Table - PMC,Isolate 52,P. aeruginosa,P6,domestic dogs,wt,NaN,orbifloxacin PAβN,"Mutant prevention concentration of orbifloxacin: comparison between Escherichia coli, Pseudomonas aeruginosa, and Staphylococcus pseudintermedius of canine origin","Shimizu T, Harada K, Kataoka Y. Mutant prevention concentration of orbifloxacin: comparison between Escherichia coli, Pseudomonas aeruginosa, and Staphylococcus pseudintermedius of canine origin. Acta Vet Scand. 2013 May 1;55(1):37. doi: 10.1186/1751-0147-55-37. PMID: 23634902; PMCID: PMC3646708."
PMC3646708,MPC,32,μg/ml,Table - PMC,Isolate 51,P. aeruginosa,P6,domestic dogs,wt,NaN,orbifloxacin,"Mutant prevention concentration of orbifloxacin: comparison between Escherichia coli, Pseudomonas aeruginosa, and Staphylococcus pseudintermedius of canine origin","Shimizu T, Harada K, Kataoka Y. Mutant prevention concentration of orbifloxacin: comparison between Escherichia coli, Pseudomonas aeruginosa, and Staphylococcus pseudintermedius of canine origin. Acta Vet Scand. 2013 May 1;55(1):37. doi: 10.1186/1751-0147-55-37. PMID: 23634902; PMCID: PMC3646708."
PMC3646708,MIC,2,μg/ml,Table - PMC,Isolate 53,P. aeruginosa,P7,domestic dogs,wt,NaN,orbifloxacin,"Mutant prevention concentration of orbifloxacin: comparison between Escherichia coli, Pseudomonas aeruginosa, and Staphylococcus pseudintermedius of canine origin","Shimizu T, Harada K, Kataoka Y. Mutant prevention concentration of orbifloxacin: comparison between Escherichia coli, Pseudomonas aeruginosa, and Staphylococcus pseudintermedius of canine origin. Acta Vet Scand. 2013 May 1;55(1):37. doi: 10.1186/1751-0147-55-37. PMID: 23634902; PMCID: PMC3646708."
PMC3646708,MIC (+EPI)b,0.031,μg/ml,Table - PMC,Isolate 54,P. aeruginosa,P7,domestic dogs,wt,NaN,orbifloxacin PAβN,"Mutant prevention concentration of orbifloxacin: comparison between Escherichia coli, Pseudomonas aeruginosa, and Staphylococcus pseudintermedius of canine origin","Shimizu T, Harada K, Kataoka Y. Mutant prevention concentration of orbifloxacin: comparison between Escherichia coli, Pseudomonas aeruginosa, and Staphylococcus pseudintermedius of canine origin. Acta Vet Scand. 2013 May 1;55(1):37. doi: 10.1186/1751-0147-55-37. PMID: 23634902; PMCID: PMC3646708."
PMC3646708,MPC,64,μg/ml,Table - PMC,Isolate 53,P. aeruginosa,P7,domestic dogs,wt,NaN,orbifloxacin,"Mutant prevention concentration of orbifloxacin: comparison between Escherichia coli, Pseudomonas aeruginosa, and Staphylococcus pseudintermedius of canine origin","Shimizu T, Harada K, Kataoka Y. Mutant prevention concentration of orbifloxacin: comparison between Escherichia coli, Pseudomonas aeruginosa, and Staphylococcus pseudintermedius of canine origin. Acta Vet Scand. 2013 May 1;55(1):37. doi: 10.1186/1751-0147-55-37. PMID: 23634902; PMCID: PMC3646708."
PMC3646708,MIC,2,μg/ml,Table - PMC,Isolate 55,P. aeruginosa,P8,domestic dogs,wt,NaN,orbifloxacin,"Mutant prevention concentration of orbifloxacin: comparison between Escherichia coli, Pseudomonas aeruginosa, and Staphylococcus pseudintermedius of canine origin","Shimizu T, Harada K, Kataoka Y. Mutant prevention concentration of orbifloxacin: comparison between Escherichia coli, Pseudomonas aeruginosa, and Staphylococcus pseudintermedius of canine origin. Acta Vet Scand. 2013 May 1;55(1):37. doi: 10.1186/1751-0147-55-37. PMID: 23634902; PMCID: PMC3646708."
PMC3646708,MIC (+EPI)b,0.063,μg/ml,Table - PMC,Isolate 56,P. aeruginosa,P8,domestic dogs,wt,NaN,orbifloxacin PAβN,"Mutant prevention concentration of orbifloxacin: comparison between Escherichia coli, Pseudomonas aeruginosa, and Staphylococcus pseudintermedius of canine origin","Shimizu T, Harada K, Kataoka Y. Mutant prevention concentration of orbifloxacin: comparison between Escherichia coli, Pseudomonas aeruginosa, and Staphylococcus pseudintermedius of canine origin. Acta Vet Scand. 2013 May 1;55(1):37. doi: 10.1186/1751-0147-55-37. PMID: 23634902; PMCID: PMC3646708."
PMC3646708,MPC,128,μg/ml,Table - PMC,Isolate 55,P. aeruginosa,P8,domestic dogs,wt,NaN,orbifloxacin,"Mutant prevention concentration of orbifloxacin: comparison between Escherichia coli, Pseudomonas aeruginosa, and Staphylococcus pseudintermedius of canine origin","Shimizu T, Harada K, Kataoka Y. Mutant prevention concentration of orbifloxacin: comparison between Escherichia coli, Pseudomonas aeruginosa, and Staphylococcus pseudintermedius of canine origin. Acta Vet Scand. 2013 May 1;55(1):37. doi: 10.1186/1751-0147-55-37. PMID: 23634902; PMCID: PMC3646708."
PMC3646708,MIC,4,μg/ml,Table - PMC,Isolate 57,P. aeruginosa,P9,domestic dogs,wt,NaN,orbifloxacin,"Mutant prevention concentration of orbifloxacin: comparison between Escherichia coli, Pseudomonas aeruginosa, and Staphylococcus pseudintermedius of canine origin","Shimizu T, Harada K, Kataoka Y. Mutant prevention concentration of orbifloxacin: comparison between Escherichia coli, Pseudomonas aeruginosa, and Staphylococcus pseudintermedius of canine origin. Acta Vet Scand. 2013 May 1;55(1):37. doi: 10.1186/1751-0147-55-37. PMID: 23634902; PMCID: PMC3646708."
PMC3646708,MIC (+EPI)b,0.25,μg/ml,Table - PMC,Isolate 58,P. aeruginosa,P9,domestic dogs,wt,NaN,orbifloxacin PAβN,"Mutant prevention concentration of orbifloxacin: comparison between Escherichia coli, Pseudomonas aeruginosa, and Staphylococcus pseudintermedius of canine origin","Shimizu T, Harada K, Kataoka Y. Mutant prevention concentration of orbifloxacin: comparison between Escherichia coli, Pseudomonas aeruginosa, and Staphylococcus pseudintermedius of canine origin. Acta Vet Scand. 2013 May 1;55(1):37. doi: 10.1186/1751-0147-55-37. PMID: 23634902; PMCID: PMC3646708."
PMC3646708,MPC,64,μg/ml,Table - PMC,Isolate 57,P. aeruginosa,P9,domestic dogs,wt,NaN,orbifloxacin,"Mutant prevention concentration of orbifloxacin: comparison between Escherichia coli, Pseudomonas aeruginosa, and Staphylococcus pseudintermedius of canine origin","Shimizu T, Harada K, Kataoka Y. Mutant prevention concentration of orbifloxacin: comparison between Escherichia coli, Pseudomonas aeruginosa, and Staphylococcus pseudintermedius of canine origin. Acta Vet Scand. 2013 May 1;55(1):37. doi: 10.1186/1751-0147-55-37. PMID: 23634902; PMCID: PMC3646708."
PMC3646708,MIC,4,μg/ml,Table - PMC,Isolate 59,P. aeruginosa,P10,domestic dogs,wt,NaN,orbifloxacin,"Mutant prevention concentration of orbifloxacin: comparison between Escherichia coli, Pseudomonas aeruginosa, and Staphylococcus pseudintermedius of canine origin","Shimizu T, Harada K, Kataoka Y. Mutant prevention concentration of orbifloxacin: comparison between Escherichia coli, Pseudomonas aeruginosa, and Staphylococcus pseudintermedius of canine origin. Acta Vet Scand. 2013 May 1;55(1):37. doi: 10.1186/1751-0147-55-37. PMID: 23634902; PMCID: PMC3646708."
PMC3646708,MIC (+EPI)b,0.125,μg/ml,Table - PMC,Isolate 60,P. aeruginosa,P10,domestic dogs,wt,NaN,orbifloxacin PAβN,"Mutant prevention concentration of orbifloxacin: comparison between Escherichia coli, Pseudomonas aeruginosa, and Staphylococcus pseudintermedius of canine origin","Shimizu T, Harada K, Kataoka Y. Mutant prevention concentration of orbifloxacin: comparison between Escherichia coli, Pseudomonas aeruginosa, and Staphylococcus pseudintermedius of canine origin. Acta Vet Scand. 2013 May 1;55(1):37. doi: 10.1186/1751-0147-55-37. PMID: 23634902; PMCID: PMC3646708."
PMC3646708,MPC,64,μg/ml,Table - PMC,Isolate 59,P. aeruginosa,P10,domestic dogs,wt,NaN,orbifloxacin,"Mutant prevention concentration of orbifloxacin: comparison between Escherichia coli, Pseudomonas aeruginosa, and Staphylococcus pseudintermedius of canine origin","Shimizu T, Harada K, Kataoka Y. Mutant prevention concentration of orbifloxacin: comparison between Escherichia coli, Pseudomonas aeruginosa, and Staphylococcus pseudintermedius of canine origin. Acta Vet Scand. 2013 May 1;55(1):37. doi: 10.1186/1751-0147-55-37. PMID: 23634902; PMCID: PMC3646708."
PMC3646708,MIC,32,μg/ml,Table - PMC,Isolate 61,P. aeruginosa,PM1 (16),domestic dogs,wt,NaN,orbifloxacin,"Mutant prevention concentration of orbifloxacin: comparison between Escherichia coli, Pseudomonas aeruginosa, and Staphylococcus pseudintermedius of canine origin","Shimizu T, Harada K, Kataoka Y. Mutant prevention concentration of orbifloxacin: comparison between Escherichia coli, Pseudomonas aeruginosa, and Staphylococcus pseudintermedius of canine origin. Acta Vet Scand. 2013 May 1;55(1):37. doi: 10.1186/1751-0147-55-37. PMID: 23634902; PMCID: PMC3646708."
PMC3646708,MIC (+EPI)b,0.063,μg/ml,Table - PMC,Isolate 62,P. aeruginosa,PM1 (16),domestic dogs,wt,NaN,orbifloxacin PAβN,"Mutant prevention concentration of orbifloxacin: comparison between Escherichia coli, Pseudomonas aeruginosa, and Staphylococcus pseudintermedius of canine origin","Shimizu T, Harada K, Kataoka Y. Mutant prevention concentration of orbifloxacin: comparison between Escherichia coli, Pseudomonas aeruginosa, and Staphylococcus pseudintermedius of canine origin. Acta Vet Scand. 2013 May 1;55(1):37. doi: 10.1186/1751-0147-55-37. PMID: 23634902; PMCID: PMC3646708."
PMC3646708,MIC,16,μg/ml,Table - PMC,Isolate 63,P. aeruginosa,PM2 (8),domestic dogs,wt,NaN,orbifloxacin,"Mutant prevention concentration of orbifloxacin: comparison between Escherichia coli, Pseudomonas aeruginosa, and Staphylococcus pseudintermedius of canine origin","Shimizu T, Harada K, Kataoka Y. Mutant prevention concentration of orbifloxacin: comparison between Escherichia coli, Pseudomonas aeruginosa, and Staphylococcus pseudintermedius of canine origin. Acta Vet Scand. 2013 May 1;55(1):37. doi: 10.1186/1751-0147-55-37. PMID: 23634902; PMCID: PMC3646708."
PMC3646708,MIC (+EPI)b,0.25,μg/ml,Table - PMC,Isolate 64,P. aeruginosa,PM2 (8),domestic dogs,wt,NaN,orbifloxacin PAβN,"Mutant prevention concentration of orbifloxacin: comparison between Escherichia coli, Pseudomonas aeruginosa, and Staphylococcus pseudintermedius of canine origin","Shimizu T, Harada K, Kataoka Y. Mutant prevention concentration of orbifloxacin: comparison between Escherichia coli, Pseudomonas aeruginosa, and Staphylococcus pseudintermedius of canine origin. Acta Vet Scand. 2013 May 1;55(1):37. doi: 10.1186/1751-0147-55-37. PMID: 23634902; PMCID: PMC3646708."
PMC3646708,MIC,16,μg/ml,Table - PMC,Isolate 65,P. aeruginosa,PM3 (16),domestic dogs,wt,NaN,orbifloxacin,"Mutant prevention concentration of orbifloxacin: comparison between Escherichia coli, Pseudomonas aeruginosa, and Staphylococcus pseudintermedius of canine origin","Shimizu T, Harada K, Kataoka Y. Mutant prevention concentration of orbifloxacin: comparison between Escherichia coli, Pseudomonas aeruginosa, and Staphylococcus pseudintermedius of canine origin. Acta Vet Scand. 2013 May 1;55(1):37. doi: 10.1186/1751-0147-55-37. PMID: 23634902; PMCID: PMC3646708."
PMC3646708,MIC (+EPI)b,0.5,μg/ml,Table - PMC,Isolate 66,P. aeruginosa,PM3 (16),domestic dogs,wt,NaN,orbifloxacin PAβN,"Mutant prevention concentration of orbifloxacin: comparison between Escherichia coli, Pseudomonas aeruginosa, and Staphylococcus pseudintermedius of canine origin","Shimizu T, Harada K, Kataoka Y. Mutant prevention concentration of orbifloxacin: comparison between Escherichia coli, Pseudomonas aeruginosa, and Staphylococcus pseudintermedius of canine origin. Acta Vet Scand. 2013 May 1;55(1):37. doi: 10.1186/1751-0147-55-37. PMID: 23634902; PMCID: PMC3646708."
PMC3646708,MIC,32,μg/ml,Table - PMC,Isolate 67,P. aeruginosa,PM4 (32),domestic dogs,T83I,NaN,orbifloxacin,"Mutant prevention concentration of orbifloxacin: comparison between Escherichia coli, Pseudomonas aeruginosa, and Staphylococcus pseudintermedius of canine origin","Shimizu T, Harada K, Kataoka Y. Mutant prevention concentration of orbifloxacin: comparison between Escherichia coli, Pseudomonas aeruginosa, and Staphylococcus pseudintermedius of canine origin. Acta Vet Scand. 2013 May 1;55(1):37. doi: 10.1186/1751-0147-55-37. PMID: 23634902; PMCID: PMC3646708."
PMC3646708,MIC (+EPI)b,1,μg/ml,Table - PMC,Isolate 68,P. aeruginosa,PM4 (32),domestic dogs,T83I,NaN,orbifloxacin PAβN,"Mutant prevention concentration of orbifloxacin: comparison between Escherichia coli, Pseudomonas aeruginosa, and Staphylococcus pseudintermedius of canine origin","Shimizu T, Harada K, Kataoka Y. Mutant prevention concentration of orbifloxacin: comparison between Escherichia coli, Pseudomonas aeruginosa, and Staphylococcus pseudintermedius of canine origin. Acta Vet Scand. 2013 May 1;55(1):37. doi: 10.1186/1751-0147-55-37. PMID: 23634902; PMCID: PMC3646708."
PMC3646708,MIC,32,μg/ml,Table - PMC,Isolate 69,P. aeruginosa,PM5 (16),domestic dogs,wt,NaN,orbifloxacin,"Mutant prevention concentration of orbifloxacin: comparison between Escherichia coli, Pseudomonas aeruginosa, and Staphylococcus pseudintermedius of canine origin","Shimizu T, Harada K, Kataoka Y. Mutant prevention concentration of orbifloxacin: comparison between Escherichia coli, Pseudomonas aeruginosa, and Staphylococcus pseudintermedius of canine origin. Acta Vet Scand. 2013 May 1;55(1):37. doi: 10.1186/1751-0147-55-37. PMID: 23634902; PMCID: PMC3646708."
PMC3646708,MIC (+EPI)b,0.25,μg/ml,Table - PMC,Isolate 70,P. aeruginosa,PM5 (16),domestic dogs,wt,NaN,orbifloxacin PAβN,"Mutant prevention concentration of orbifloxacin: comparison between Escherichia coli, Pseudomonas aeruginosa, and Staphylococcus pseudintermedius of canine origin","Shimizu T, Harada K, Kataoka Y. Mutant prevention concentration of orbifloxacin: comparison between Escherichia coli, Pseudomonas aeruginosa, and Staphylococcus pseudintermedius of canine origin. Acta Vet Scand. 2013 May 1;55(1):37. doi: 10.1186/1751-0147-55-37. PMID: 23634902; PMCID: PMC3646708."
PMC3646708,MIC,64,μg/ml,Table - PMC,Isolate 71,P. aeruginosa,PM6 (16),domestic dogs,wt,NaN,orbifloxacin,"Mutant prevention concentration of orbifloxacin: comparison between Escherichia coli, Pseudomonas aeruginosa, and Staphylococcus pseudintermedius of canine origin","Shimizu T, Harada K, Kataoka Y. Mutant prevention concentration of orbifloxacin: comparison between Escherichia coli, Pseudomonas aeruginosa, and Staphylococcus pseudintermedius of canine origin. Acta Vet Scand. 2013 May 1;55(1):37. doi: 10.1186/1751-0147-55-37. PMID: 23634902; PMCID: PMC3646708."
PMC3646708,MIC (+EPI)b,0.125,μg/ml,Table - PMC,Isolate 72,P. aeruginosa,PM6 (16),domestic dogs,wt,NaN,orbifloxacin PAβN,"Mutant prevention concentration of orbifloxacin: comparison between Escherichia coli, Pseudomonas aeruginosa, and Staphylococcus pseudintermedius of canine origin","Shimizu T, Harada K, Kataoka Y. Mutant prevention concentration of orbifloxacin: comparison between Escherichia coli, Pseudomonas aeruginosa, and Staphylococcus pseudintermedius of canine origin. Acta Vet Scand. 2013 May 1;55(1):37. doi: 10.1186/1751-0147-55-37. PMID: 23634902; PMCID: PMC3646708."
PMC3646708,MIC,64,μg/ml,Table - PMC,Isolate 73,P. aeruginosa,PM7 (32),domestic dogs,T83I,NaN,orbifloxacin,"Mutant prevention concentration of orbifloxacin: comparison between Escherichia coli, Pseudomonas aeruginosa, and Staphylococcus pseudintermedius of canine origin","Shimizu T, Harada K, Kataoka Y. Mutant prevention concentration of orbifloxacin: comparison between Escherichia coli, Pseudomonas aeruginosa, and Staphylococcus pseudintermedius of canine origin. Acta Vet Scand. 2013 May 1;55(1):37. doi: 10.1186/1751-0147-55-37. PMID: 23634902; PMCID: PMC3646708."
PMC3646708,MIC (+EPI)b,1,μg/ml,Table - PMC,Isolate 74,P. aeruginosa,PM7 (32),domestic dogs,T83I,NaN,orbifloxacin PAβN,"Mutant prevention concentration of orbifloxacin: comparison between Escherichia coli, Pseudomonas aeruginosa, and Staphylococcus pseudintermedius of canine origin","Shimizu T, Harada K, Kataoka Y. Mutant prevention concentration of orbifloxacin: comparison between Escherichia coli, Pseudomonas aeruginosa, and Staphylococcus pseudintermedius of canine origin. Acta Vet Scand. 2013 May 1;55(1):37. doi: 10.1186/1751-0147-55-37. PMID: 23634902; PMCID: PMC3646708."
PMC3646708,MIC,64,μg/ml,Table - PMC,Isolate 75,P. aeruginosa,PM8 (64),domestic dogs,T83I,NaN,orbifloxacin,"Mutant prevention concentration of orbifloxacin: comparison between Escherichia coli, Pseudomonas aeruginosa, and Staphylococcus pseudintermedius of canine origin","Shimizu T, Harada K, Kataoka Y. Mutant prevention concentration of orbifloxacin: comparison between Escherichia coli, Pseudomonas aeruginosa, and Staphylococcus pseudintermedius of canine origin. Acta Vet Scand. 2013 May 1;55(1):37. doi: 10.1186/1751-0147-55-37. PMID: 23634902; PMCID: PMC3646708."
PMC3646708,MIC (+EPI)b,0.125,μg/ml,Table - PMC,Isolate 76,P. aeruginosa,PM8 (64),domestic dogs,T83I,NaN,orbifloxacin PAβN,"Mutant prevention concentration of orbifloxacin: comparison between Escherichia coli, Pseudomonas aeruginosa, and Staphylococcus pseudintermedius of canine origin","Shimizu T, Harada K, Kataoka Y. Mutant prevention concentration of orbifloxacin: comparison between Escherichia coli, Pseudomonas aeruginosa, and Staphylococcus pseudintermedius of canine origin. Acta Vet Scand. 2013 May 1;55(1):37. doi: 10.1186/1751-0147-55-37. PMID: 23634902; PMCID: PMC3646708."
PMC3646708,MIC,128,μg/ml,Table - PMC,Isolate 77,P. aeruginosa,PM9 (32),domestic dogs,T83I,NaN,orbifloxacin,"Mutant prevention concentration of orbifloxacin: comparison between Escherichia coli, Pseudomonas aeruginosa, and Staphylococcus pseudintermedius of canine origin","Shimizu T, Harada K, Kataoka Y. Mutant prevention concentration of orbifloxacin: comparison between Escherichia coli, Pseudomonas aeruginosa, and Staphylococcus pseudintermedius of canine origin. Acta Vet Scand. 2013 May 1;55(1):37. doi: 10.1186/1751-0147-55-37. PMID: 23634902; PMCID: PMC3646708."
PMC3646708,MIC (+EPI)b,2,μg/ml,Table - PMC,Isolate 78,P. aeruginosa,PM9 (32),domestic dogs,T83I,NaN,orbifloxacin PAβN,"Mutant prevention concentration of orbifloxacin: comparison between Escherichia coli, Pseudomonas aeruginosa, and Staphylococcus pseudintermedius of canine origin","Shimizu T, Harada K, Kataoka Y. Mutant prevention concentration of orbifloxacin: comparison between Escherichia coli, Pseudomonas aeruginosa, and Staphylococcus pseudintermedius of canine origin. Acta Vet Scand. 2013 May 1;55(1):37. doi: 10.1186/1751-0147-55-37. PMID: 23634902; PMCID: PMC3646708."
PMC3646708,MIC,16,μg/ml,Table - PMC,Isolate 79,P. aeruginosa,PM10 (32),domestic dogs,wt,NaN,orbifloxacin,"Mutant prevention concentration of orbifloxacin: comparison between Escherichia coli, Pseudomonas aeruginosa, and Staphylococcus pseudintermedius of canine origin","Shimizu T, Harada K, Kataoka Y. Mutant prevention concentration of orbifloxacin: comparison between Escherichia coli, Pseudomonas aeruginosa, and Staphylococcus pseudintermedius of canine origin. Acta Vet Scand. 2013 May 1;55(1):37. doi: 10.1186/1751-0147-55-37. PMID: 23634902; PMCID: PMC3646708."
PMC3646708,MIC (+EPI)b,0.25,μg/ml,Table - PMC,Isolate 80,P. aeruginosa,PM10 (32),domestic dogs,wt,NaN,orbifloxacin PAβN,"Mutant prevention concentration of orbifloxacin: comparison between Escherichia coli, Pseudomonas aeruginosa, and Staphylococcus pseudintermedius of canine origin","Shimizu T, Harada K, Kataoka Y. Mutant prevention concentration of orbifloxacin: comparison between Escherichia coli, Pseudomonas aeruginosa, and Staphylococcus pseudintermedius of canine origin. Acta Vet Scand. 2013 May 1;55(1):37. doi: 10.1186/1751-0147-55-37. PMID: 23634902; PMCID: PMC3646708."
PMC3646708,MIC,0.25,μg/ml,Table - PMC,Isolate 81,S. pseudintermedius,S1,dogs with canine pyoderma,wt,NaN,orbifloxacin,"Mutant prevention concentration of orbifloxacin: comparison between Escherichia coli, Pseudomonas aeruginosa, and Staphylococcus pseudintermedius of canine origin","Shimizu T, Harada K, Kataoka Y. Mutant prevention concentration of orbifloxacin: comparison between Escherichia coli, Pseudomonas aeruginosa, and Staphylococcus pseudintermedius of canine origin. Acta Vet Scand. 2013 May 1;55(1):37. doi: 10.1186/1751-0147-55-37. PMID: 23634902; PMCID: PMC3646708."
PMC3646708,MIC (+EPI)b,0.25,μg/ml,Table - PMC,Isolate 82,S. pseudintermedius,S1,dogs with canine pyoderma,wt,NaN,orbifloxacin reserpine,"Mutant prevention concentration of orbifloxacin: comparison between Escherichia coli, Pseudomonas aeruginosa, and Staphylococcus pseudintermedius of canine origin","Shimizu T, Harada K, Kataoka Y. Mutant prevention concentration of orbifloxacin: comparison between Escherichia coli, Pseudomonas aeruginosa, and Staphylococcus pseudintermedius of canine origin. Acta Vet Scand. 2013 May 1;55(1):37. doi: 10.1186/1751-0147-55-37. PMID: 23634902; PMCID: PMC3646708."
PMC3646708,MPC,2,μg/ml,Table - PMC,Isolate 81,S. pseudintermedius,S1,dogs with canine pyoderma,wt,NaN,orbifloxacin,"Mutant prevention concentration of orbifloxacin: comparison between Escherichia coli, Pseudomonas aeruginosa, and Staphylococcus pseudintermedius of canine origin","Shimizu T, Harada K, Kataoka Y. Mutant prevention concentration of orbifloxacin: comparison between Escherichia coli, Pseudomonas aeruginosa, and Staphylococcus pseudintermedius of canine origin. Acta Vet Scand. 2013 May 1;55(1):37. doi: 10.1186/1751-0147-55-37. PMID: 23634902; PMCID: PMC3646708."
PMC3646708,MIC,0.25,μg/ml,Table - PMC,Isolate 83,S. pseudintermedius,S2,dogs with canine pyoderma,wt,NaN,orbifloxacin,"Mutant prevention concentration of orbifloxacin: comparison between Escherichia coli, Pseudomonas aeruginosa, and Staphylococcus pseudintermedius of canine origin","Shimizu T, Harada K, Kataoka Y. Mutant prevention concentration of orbifloxacin: comparison between Escherichia coli, Pseudomonas aeruginosa, and Staphylococcus pseudintermedius of canine origin. Acta Vet Scand. 2013 May 1;55(1):37. doi: 10.1186/1751-0147-55-37. PMID: 23634902; PMCID: PMC3646708."
PMC3646708,MIC (+EPI)b,0.5,μg/ml,Table - PMC,Isolate 84,S. pseudintermedius,S2,dogs with canine pyoderma,wt,NaN,orbifloxacin reserpine,"Mutant prevention concentration of orbifloxacin: comparison between Escherichia coli, Pseudomonas aeruginosa, and Staphylococcus pseudintermedius of canine origin","Shimizu T, Harada K, Kataoka Y. Mutant prevention concentration of orbifloxacin: comparison between Escherichia coli, Pseudomonas aeruginosa, and Staphylococcus pseudintermedius of canine origin. Acta Vet Scand. 2013 May 1;55(1):37. doi: 10.1186/1751-0147-55-37. PMID: 23634902; PMCID: PMC3646708."
PMC3646708,MPC,2,μg/ml,Table - PMC,Isolate 83,S. pseudintermedius,S2,dogs with canine pyoderma,wt,NaN,orbifloxacin,"Mutant prevention concentration of orbifloxacin: comparison between Escherichia coli, Pseudomonas aeruginosa, and Staphylococcus pseudintermedius of canine origin","Shimizu T, Harada K, Kataoka Y. Mutant prevention concentration of orbifloxacin: comparison between Escherichia coli, Pseudomonas aeruginosa, and Staphylococcus pseudintermedius of canine origin. Acta Vet Scand. 2013 May 1;55(1):37. doi: 10.1186/1751-0147-55-37. PMID: 23634902; PMCID: PMC3646708."
PMC3646708,MIC,0.25,μg/ml,Table - PMC,Isolate 85,S. pseudintermedius,S3,dogs with canine pyoderma,wt,NaN,orbifloxacin,"Mutant prevention concentration of orbifloxacin: comparison between Escherichia coli, Pseudomonas aeruginosa, and Staphylococcus pseudintermedius of canine origin","Shimizu T, Harada K, Kataoka Y. Mutant prevention concentration of orbifloxacin: comparison between Escherichia coli, Pseudomonas aeruginosa, and Staphylococcus pseudintermedius of canine origin. Acta Vet Scand. 2013 May 1;55(1):37. doi: 10.1186/1751-0147-55-37. PMID: 23634902; PMCID: PMC3646708."
PMC3646708,MIC (+EPI)b,0.5,μg/ml,Table - PMC,Isolate 86,S. pseudintermedius,S3,dogs with canine pyoderma,wt,NaN,orbifloxacin reserpine,"Mutant prevention concentration of orbifloxacin: comparison between Escherichia coli, Pseudomonas aeruginosa, and Staphylococcus pseudintermedius of canine origin","Shimizu T, Harada K, Kataoka Y. Mutant prevention concentration of orbifloxacin: comparison between Escherichia coli, Pseudomonas aeruginosa, and Staphylococcus pseudintermedius of canine origin. Acta Vet Scand. 2013 May 1;55(1):37. doi: 10.1186/1751-0147-55-37. PMID: 23634902; PMCID: PMC3646708."
PMC3646708,MPC,8,μg/ml,Table - PMC,Isolate 85,S. pseudintermedius,S3,dogs with canine pyoderma,wt,NaN,orbifloxacin,"Mutant prevention concentration of orbifloxacin: comparison between Escherichia coli, Pseudomonas aeruginosa, and Staphylococcus pseudintermedius of canine origin","Shimizu T, Harada K, Kataoka Y. Mutant prevention concentration of orbifloxacin: comparison between Escherichia coli, Pseudomonas aeruginosa, and Staphylococcus pseudintermedius of canine origin. Acta Vet Scand. 2013 May 1;55(1):37. doi: 10.1186/1751-0147-55-37. PMID: 23634902; PMCID: PMC3646708."
PMC3646708,MIC,0.5,μg/ml,Table - PMC,Isolate 87,S. pseudintermedius,S4,dogs with canine pyoderma,wt,NaN,orbifloxacin,"Mutant prevention concentration of orbifloxacin: comparison between Escherichia coli, Pseudomonas aeruginosa, and Staphylococcus pseudintermedius of canine origin","Shimizu T, Harada K, Kataoka Y. Mutant prevention concentration of orbifloxacin: comparison between Escherichia coli, Pseudomonas aeruginosa, and Staphylococcus pseudintermedius of canine origin. Acta Vet Scand. 2013 May 1;55(1):37. doi: 10.1186/1751-0147-55-37. PMID: 23634902; PMCID: PMC3646708."
PMC3646708,MIC (+EPI)b,0.5,μg/ml,Table - PMC,Isolate 88,S. pseudintermedius,S4,dogs with canine pyoderma,wt,NaN,orbifloxacin reserpine,"Mutant prevention concentration of orbifloxacin: comparison between Escherichia coli, Pseudomonas aeruginosa, and Staphylococcus pseudintermedius of canine origin","Shimizu T, Harada K, Kataoka Y. Mutant prevention concentration of orbifloxacin: comparison between Escherichia coli, Pseudomonas aeruginosa, and Staphylococcus pseudintermedius of canine origin. Acta Vet Scand. 2013 May 1;55(1):37. doi: 10.1186/1751-0147-55-37. PMID: 23634902; PMCID: PMC3646708."
PMC3646708,MPC,2,μg/ml,Table - PMC,Isolate 87,S. pseudintermedius,S4,dogs with canine pyoderma,wt,NaN,orbifloxacin,"Mutant prevention concentration of orbifloxacin: comparison between Escherichia coli, Pseudomonas aeruginosa, and Staphylococcus pseudintermedius of canine origin","Shimizu T, Harada K, Kataoka Y. Mutant prevention concentration of orbifloxacin: comparison between Escherichia coli, Pseudomonas aeruginosa, and Staphylococcus pseudintermedius of canine origin. Acta Vet Scand. 2013 May 1;55(1):37. doi: 10.1186/1751-0147-55-37. PMID: 23634902; PMCID: PMC3646708."
PMC3646708,MIC,0.5,μg/ml,Table - PMC,Isolate 89,S. pseudintermedius,S5,dogs with canine pyoderma,wt,NaN,orbifloxacin,"Mutant prevention concentration of orbifloxacin: comparison between Escherichia coli, Pseudomonas aeruginosa, and Staphylococcus pseudintermedius of canine origin","Shimizu T, Harada K, Kataoka Y. Mutant prevention concentration of orbifloxacin: comparison between Escherichia coli, Pseudomonas aeruginosa, and Staphylococcus pseudintermedius of canine origin. Acta Vet Scand. 2013 May 1;55(1):37. doi: 10.1186/1751-0147-55-37. PMID: 23634902; PMCID: PMC3646708."
PMC3646708,MIC (+EPI)b,0.5,μg/ml,Table - PMC,Isolate 90,S. pseudintermedius,S5,dogs with canine pyoderma,wt,NaN,orbifloxacin reserpine,"Mutant prevention concentration of orbifloxacin: comparison between Escherichia coli, Pseudomonas aeruginosa, and Staphylococcus pseudintermedius of canine origin","Shimizu T, Harada K, Kataoka Y. Mutant prevention concentration of orbifloxacin: comparison between Escherichia coli, Pseudomonas aeruginosa, and Staphylococcus pseudintermedius of canine origin. Acta Vet Scand. 2013 May 1;55(1):37. doi: 10.1186/1751-0147-55-37. PMID: 23634902; PMCID: PMC3646708."
PMC3646708,MPC,4,μg/ml,Table - PMC,Isolate 89,S. pseudintermedius,S5,dogs with canine pyoderma,wt,NaN,orbifloxacin,"Mutant prevention concentration of orbifloxacin: comparison between Escherichia coli, Pseudomonas aeruginosa, and Staphylococcus pseudintermedius of canine origin","Shimizu T, Harada K, Kataoka Y. Mutant prevention concentration of orbifloxacin: comparison between Escherichia coli, Pseudomonas aeruginosa, and Staphylococcus pseudintermedius of canine origin. Acta Vet Scand. 2013 May 1;55(1):37. doi: 10.1186/1751-0147-55-37. PMID: 23634902; PMCID: PMC3646708."
PMC3646708,MIC,0.5,μg/ml,Table - PMC,Isolate 91,S. pseudintermedius,S6,dogs with canine pyoderma,wt,NaN,orbifloxacin,"Mutant prevention concentration of orbifloxacin: comparison between Escherichia coli, Pseudomonas aeruginosa, and Staphylococcus pseudintermedius of canine origin","Shimizu T, Harada K, Kataoka Y. Mutant prevention concentration of orbifloxacin: comparison between Escherichia coli, Pseudomonas aeruginosa, and Staphylococcus pseudintermedius of canine origin. Acta Vet Scand. 2013 May 1;55(1):37. doi: 10.1186/1751-0147-55-37. PMID: 23634902; PMCID: PMC3646708."
PMC3646708,MIC (+EPI)b,0.5,μg/ml,Table - PMC,Isolate 92,S. pseudintermedius,S6,dogs with canine pyoderma,wt,NaN,orbifloxacin reserpine,"Mutant prevention concentration of orbifloxacin: comparison between Escherichia coli, Pseudomonas aeruginosa, and Staphylococcus pseudintermedius of canine origin","Shimizu T, Harada K, Kataoka Y. Mutant prevention concentration of orbifloxacin: comparison between Escherichia coli, Pseudomonas aeruginosa, and Staphylococcus pseudintermedius of canine origin. Acta Vet Scand. 2013 May 1;55(1):37. doi: 10.1186/1751-0147-55-37. PMID: 23634902; PMCID: PMC3646708."
PMC3646708,MPC,4,μg/ml,Table - PMC,Isolate 91,S. pseudintermedius,S6,dogs with canine pyoderma,wt,NaN,orbifloxacin,"Mutant prevention concentration of orbifloxacin: comparison between Escherichia coli, Pseudomonas aeruginosa, and Staphylococcus pseudintermedius of canine origin","Shimizu T, Harada K, Kataoka Y. Mutant prevention concentration of orbifloxacin: comparison between Escherichia coli, Pseudomonas aeruginosa, and Staphylococcus pseudintermedius of canine origin. Acta Vet Scand. 2013 May 1;55(1):37. doi: 10.1186/1751-0147-55-37. PMID: 23634902; PMCID: PMC3646708."
PMC3646708,MIC,1,μg/ml,Table - PMC,Isolate 93,S. pseudintermedius,S7,dogs with canine pyoderma,S80I,NaN,orbifloxacin,"Mutant prevention concentration of orbifloxacin: comparison between Escherichia coli, Pseudomonas aeruginosa, and Staphylococcus pseudintermedius of canine origin","Shimizu T, Harada K, Kataoka Y. Mutant prevention concentration of orbifloxacin: comparison between Escherichia coli, Pseudomonas aeruginosa, and Staphylococcus pseudintermedius of canine origin. Acta Vet Scand. 2013 May 1;55(1):37. doi: 10.1186/1751-0147-55-37. PMID: 23634902; PMCID: PMC3646708."
PMC3646708,MIC (+EPI)b,1,μg/ml,Table - PMC,Isolate 94,S. pseudintermedius,S7,dogs with canine pyoderma,S80I,NaN,orbifloxacin reserpine,"Mutant prevention concentration of orbifloxacin: comparison between Escherichia coli, Pseudomonas aeruginosa, and Staphylococcus pseudintermedius of canine origin","Shimizu T, Harada K, Kataoka Y. Mutant prevention concentration of orbifloxacin: comparison between Escherichia coli, Pseudomonas aeruginosa, and Staphylococcus pseudintermedius of canine origin. Acta Vet Scand. 2013 May 1;55(1):37. doi: 10.1186/1751-0147-55-37. PMID: 23634902; PMCID: PMC3646708."
PMC3646708,MPC,128,μg/ml,Table - PMC,Isolate 93,S. pseudintermedius,S7,dogs with canine pyoderma,S80I,NaN,orbifloxacin,"Mutant prevention concentration of orbifloxacin: comparison between Escherichia coli, Pseudomonas aeruginosa, and Staphylococcus pseudintermedius of canine origin","Shimizu T, Harada K, Kataoka Y. Mutant prevention concentration of orbifloxacin: comparison between Escherichia coli, Pseudomonas aeruginosa, and Staphylococcus pseudintermedius of canine origin. Acta Vet Scand. 2013 May 1;55(1):37. doi: 10.1186/1751-0147-55-37. PMID: 23634902; PMCID: PMC3646708."
PMC3646708,MIC,1,μg/ml,Table - PMC,Isolate 95,S. pseudintermedius,S8,dogs with canine pyoderma,S80I,NaN,orbifloxacin,"Mutant prevention concentration of orbifloxacin: comparison between Escherichia coli, Pseudomonas aeruginosa, and Staphylococcus pseudintermedius of canine origin","Shimizu T, Harada K, Kataoka Y. Mutant prevention concentration of orbifloxacin: comparison between Escherichia coli, Pseudomonas aeruginosa, and Staphylococcus pseudintermedius of canine origin. Acta Vet Scand. 2013 May 1;55(1):37. doi: 10.1186/1751-0147-55-37. PMID: 23634902; PMCID: PMC3646708."
PMC3646708,MIC (+EPI)b,1,μg/ml,Table - PMC,Isolate 96,S. pseudintermedius,S8,dogs with canine pyoderma,S80I,NaN,orbifloxacin reserpine,"Mutant prevention concentration of orbifloxacin: comparison between Escherichia coli, Pseudomonas aeruginosa, and Staphylococcus pseudintermedius of canine origin","Shimizu T, Harada K, Kataoka Y. Mutant prevention concentration of orbifloxacin: comparison between Escherichia coli, Pseudomonas aeruginosa, and Staphylococcus pseudintermedius of canine origin. Acta Vet Scand. 2013 May 1;55(1):37. doi: 10.1186/1751-0147-55-37. PMID: 23634902; PMCID: PMC3646708."
PMC3646708,MPC,128,μg/ml,Table - PMC,Isolate 95,S. pseudintermedius,S8,dogs with canine pyoderma,S80I,NaN,orbifloxacin,"Mutant prevention concentration of orbifloxacin: comparison between Escherichia coli, Pseudomonas aeruginosa, and Staphylococcus pseudintermedius of canine origin","Shimizu T, Harada K, Kataoka Y. Mutant prevention concentration of orbifloxacin: comparison between Escherichia coli, Pseudomonas aeruginosa, and Staphylococcus pseudintermedius of canine origin. Acta Vet Scand. 2013 May 1;55(1):37. doi: 10.1186/1751-0147-55-37. PMID: 23634902; PMCID: PMC3646708."
PMC3646708,MIC,1,μg/ml,Table - PMC,Isolate 97,S. pseudintermedius,S9,dogs with canine pyoderma,S80I,NaN,orbifloxacin,"Mutant prevention concentration of orbifloxacin: comparison between Escherichia coli, Pseudomonas aeruginosa, and Staphylococcus pseudintermedius of canine origin","Shimizu T, Harada K, Kataoka Y. Mutant prevention concentration of orbifloxacin: comparison between Escherichia coli, Pseudomonas aeruginosa, and Staphylococcus pseudintermedius of canine origin. Acta Vet Scand. 2013 May 1;55(1):37. doi: 10.1186/1751-0147-55-37. PMID: 23634902; PMCID: PMC3646708."
PMC3646708,MIC (+EPI)b,1,μg/ml,Table - PMC,Isolate 98,S. pseudintermedius,S9,dogs with canine pyoderma,S80I,NaN,orbifloxacin reserpine,"Mutant prevention concentration of orbifloxacin: comparison between Escherichia coli, Pseudomonas aeruginosa, and Staphylococcus pseudintermedius of canine origin","Shimizu T, Harada K, Kataoka Y. Mutant prevention concentration of orbifloxacin: comparison between Escherichia coli, Pseudomonas aeruginosa, and Staphylococcus pseudintermedius of canine origin. Acta Vet Scand. 2013 May 1;55(1):37. doi: 10.1186/1751-0147-55-37. PMID: 23634902; PMCID: PMC3646708."
PMC3646708,MPC,64,μg/ml,Table - PMC,Isolate 97,S. pseudintermedius,S9,dogs with canine pyoderma,S80I,NaN,orbifloxacin,"Mutant prevention concentration of orbifloxacin: comparison between Escherichia coli, Pseudomonas aeruginosa, and Staphylococcus pseudintermedius of canine origin","Shimizu T, Harada K, Kataoka Y. Mutant prevention concentration of orbifloxacin: comparison between Escherichia coli, Pseudomonas aeruginosa, and Staphylococcus pseudintermedius of canine origin. Acta Vet Scand. 2013 May 1;55(1):37. doi: 10.1186/1751-0147-55-37. PMID: 23634902; PMCID: PMC3646708."
PMC3646708,MIC,1,μg/ml,Table - PMC,Isolate 99,S. pseudintermedius,S10,dogs with canine pyoderma,S80I,NaN,orbifloxacin,"Mutant prevention concentration of orbifloxacin: comparison between Escherichia coli, Pseudomonas aeruginosa, and Staphylococcus pseudintermedius of canine origin","Shimizu T, Harada K, Kataoka Y. Mutant prevention concentration of orbifloxacin: comparison between Escherichia coli, Pseudomonas aeruginosa, and Staphylococcus pseudintermedius of canine origin. Acta Vet Scand. 2013 May 1;55(1):37. doi: 10.1186/1751-0147-55-37. PMID: 23634902; PMCID: PMC3646708."
PMC3646708,MIC (+EPI)b,1,μg/ml,Table - PMC,Isolate 100,S. pseudintermedius,S10,dogs with canine pyoderma,S80I,NaN,orbifloxacin reserpine,"Mutant prevention concentration of orbifloxacin: comparison between Escherichia coli, Pseudomonas aeruginosa, and Staphylococcus pseudintermedius of canine origin","Shimizu T, Harada K, Kataoka Y. Mutant prevention concentration of orbifloxacin: comparison between Escherichia coli, Pseudomonas aeruginosa, and Staphylococcus pseudintermedius of canine origin. Acta Vet Scand. 2013 May 1;55(1):37. doi: 10.1186/1751-0147-55-37. PMID: 23634902; PMCID: PMC3646708."
PMC3646708,MPC,16,μg/ml,Table - PMC,Isolate 99,S. pseudintermedius,S10,dogs with canine pyoderma,S80I,NaN,orbifloxacin,"Mutant prevention concentration of orbifloxacin: comparison between Escherichia coli, Pseudomonas aeruginosa, and Staphylococcus pseudintermedius of canine origin","Shimizu T, Harada K, Kataoka Y. Mutant prevention concentration of orbifloxacin: comparison between Escherichia coli, Pseudomonas aeruginosa, and Staphylococcus pseudintermedius of canine origin. Acta Vet Scand. 2013 May 1;55(1):37. doi: 10.1186/1751-0147-55-37. PMID: 23634902; PMCID: PMC3646708."
PMC3646708,MIC,1,μg/ml,Table - PMC,Isolate 101,S. pseudintermedius,SM1 (1),dogs with canine pyoderma,wt,NaN,orbifloxacin,"Mutant prevention concentration of orbifloxacin: comparison between Escherichia coli, Pseudomonas aeruginosa, and Staphylococcus pseudintermedius of canine origin","Shimizu T, Harada K, Kataoka Y. Mutant prevention concentration of orbifloxacin: comparison between Escherichia coli, Pseudomonas aeruginosa, and Staphylococcus pseudintermedius of canine origin. Acta Vet Scand. 2013 May 1;55(1):37. doi: 10.1186/1751-0147-55-37. PMID: 23634902; PMCID: PMC3646708."
PMC3646708,MIC (+EPI)b,1,μg/ml,Table - PMC,Isolate 102,S. pseudintermedius,SM1 (1),dogs with canine pyoderma,wt,NaN,orbifloxacin reserpine,"Mutant prevention concentration of orbifloxacin: comparison between Escherichia coli, Pseudomonas aeruginosa, and Staphylococcus pseudintermedius of canine origin","Shimizu T, Harada K, Kataoka Y. Mutant prevention concentration of orbifloxacin: comparison between Escherichia coli, Pseudomonas aeruginosa, and Staphylococcus pseudintermedius of canine origin. Acta Vet Scand. 2013 May 1;55(1):37. doi: 10.1186/1751-0147-55-37. PMID: 23634902; PMCID: PMC3646708."
PMC3646708,MIC,0.5,μg/ml,Table - PMC,Isolate 103,S. pseudintermedius,SM2 (1),dogs with canine pyoderma,wt,NaN,orbifloxacin,"Mutant prevention concentration of orbifloxacin: comparison between Escherichia coli, Pseudomonas aeruginosa, and Staphylococcus pseudintermedius of canine origin","Shimizu T, Harada K, Kataoka Y. Mutant prevention concentration of orbifloxacin: comparison between Escherichia coli, Pseudomonas aeruginosa, and Staphylococcus pseudintermedius of canine origin. Acta Vet Scand. 2013 May 1;55(1):37. doi: 10.1186/1751-0147-55-37. PMID: 23634902; PMCID: PMC3646708."
PMC3646708,MIC (+EPI)b,0.5,μg/ml,Table - PMC,Isolate 104,S. pseudintermedius,SM2 (1),dogs with canine pyoderma,wt,NaN,orbifloxacin reserpine,"Mutant prevention concentration of orbifloxacin: comparison between Escherichia coli, Pseudomonas aeruginosa, and Staphylococcus pseudintermedius of canine origin","Shimizu T, Harada K, Kataoka Y. Mutant prevention concentration of orbifloxacin: comparison between Escherichia coli, Pseudomonas aeruginosa, and Staphylococcus pseudintermedius of canine origin. Acta Vet Scand. 2013 May 1;55(1):37. doi: 10.1186/1751-0147-55-37. PMID: 23634902; PMCID: PMC3646708."
PMC3646708,MIC,1,μg/ml,Table - PMC,Isolate 105,S. pseudintermedius,SM3 (4),dogs with canine pyoderma,wt,NaN,orbifloxacin,"Mutant prevention concentration of orbifloxacin: comparison between Escherichia coli, Pseudomonas aeruginosa, and Staphylococcus pseudintermedius of canine origin","Shimizu T, Harada K, Kataoka Y. Mutant prevention concentration of orbifloxacin: comparison between Escherichia coli, Pseudomonas aeruginosa, and Staphylococcus pseudintermedius of canine origin. Acta Vet Scand. 2013 May 1;55(1):37. doi: 10.1186/1751-0147-55-37. PMID: 23634902; PMCID: PMC3646708."
PMC3646708,MIC (+EPI)b,1,μg/ml,Table - PMC,Isolate 106,S. pseudintermedius,SM3 (4),dogs with canine pyoderma,wt,NaN,orbifloxacin reserpine,"Mutant prevention concentration of orbifloxacin: comparison between Escherichia coli, Pseudomonas aeruginosa, and Staphylococcus pseudintermedius of canine origin","Shimizu T, Harada K, Kataoka Y. Mutant prevention concentration of orbifloxacin: comparison between Escherichia coli, Pseudomonas aeruginosa, and Staphylococcus pseudintermedius of canine origin. Acta Vet Scand. 2013 May 1;55(1):37. doi: 10.1186/1751-0147-55-37. PMID: 23634902; PMCID: PMC3646708."
PMC3646708,MIC,2,μg/ml,Table - PMC,Isolate 107,S. pseudintermedius,SM4 (1),dogs with canine pyoderma,wt,NaN,orbifloxacin,"Mutant prevention concentration of orbifloxacin: comparison between Escherichia coli, Pseudomonas aeruginosa, and Staphylococcus pseudintermedius of canine origin","Shimizu T, Harada K, Kataoka Y. Mutant prevention concentration of orbifloxacin: comparison between Escherichia coli, Pseudomonas aeruginosa, and Staphylococcus pseudintermedius of canine origin. Acta Vet Scand. 2013 May 1;55(1):37. doi: 10.1186/1751-0147-55-37. PMID: 23634902; PMCID: PMC3646708."
PMC3646708,MIC (+EPI)b,1,μg/ml,Table - PMC,Isolate 108,S. pseudintermedius,SM4 (1),dogs with canine pyoderma,wt,NaN,orbifloxacin reserpine,"Mutant prevention concentration of orbifloxacin: comparison between Escherichia coli, Pseudomonas aeruginosa, and Staphylococcus pseudintermedius of canine origin","Shimizu T, Harada K, Kataoka Y. Mutant prevention concentration of orbifloxacin: comparison between Escherichia coli, Pseudomonas aeruginosa, and Staphylococcus pseudintermedius of canine origin. Acta Vet Scand. 2013 May 1;55(1):37. doi: 10.1186/1751-0147-55-37. PMID: 23634902; PMCID: PMC3646708."
PMC3646708,MIC,0.5,μg/ml,Table - PMC,Isolate 109,S. pseudintermedius,SM5 (2),dogs with canine pyoderma,wt,NaN,orbifloxacin,"Mutant prevention concentration of orbifloxacin: comparison between Escherichia coli, Pseudomonas aeruginosa, and Staphylococcus pseudintermedius of canine origin","Shimizu T, Harada K, Kataoka Y. Mutant prevention concentration of orbifloxacin: comparison between Escherichia coli, Pseudomonas aeruginosa, and Staphylococcus pseudintermedius of canine origin. Acta Vet Scand. 2013 May 1;55(1):37. doi: 10.1186/1751-0147-55-37. PMID: 23634902; PMCID: PMC3646708."
PMC3646708,MIC (+EPI)b,0.5,μg/ml,Table - PMC,Isolate 110,S. pseudintermedius,SM5 (2),dogs with canine pyoderma,wt,NaN,orbifloxacin reserpine,"Mutant prevention concentration of orbifloxacin: comparison between Escherichia coli, Pseudomonas aeruginosa, and Staphylococcus pseudintermedius of canine origin","Shimizu T, Harada K, Kataoka Y. Mutant prevention concentration of orbifloxacin: comparison between Escherichia coli, Pseudomonas aeruginosa, and Staphylococcus pseudintermedius of canine origin. Acta Vet Scand. 2013 May 1;55(1):37. doi: 10.1186/1751-0147-55-37. PMID: 23634902; PMCID: PMC3646708."
PMC3646708,MIC,1,μg/ml,Table - PMC,Isolate 111,S. pseudintermedius,SM6 (2),dogs with canine pyoderma,S80I,NaN,orbifloxacin,"Mutant prevention concentration of orbifloxacin: comparison between Escherichia coli, Pseudomonas aeruginosa, and Staphylococcus pseudintermedius of canine origin","Shimizu T, Harada K, Kataoka Y. Mutant prevention concentration of orbifloxacin: comparison between Escherichia coli, Pseudomonas aeruginosa, and Staphylococcus pseudintermedius of canine origin. Acta Vet Scand. 2013 May 1;55(1):37. doi: 10.1186/1751-0147-55-37. PMID: 23634902; PMCID: PMC3646708."
PMC3646708,MIC (+EPI)b,2,μg/ml,Table - PMC,Isolate 112,S. pseudintermedius,SM6 (2),dogs with canine pyoderma,S80I,NaN,orbifloxacin reserpine,"Mutant prevention concentration of orbifloxacin: comparison between Escherichia coli, Pseudomonas aeruginosa, and Staphylococcus pseudintermedius of canine origin","Shimizu T, Harada K, Kataoka Y. Mutant prevention concentration of orbifloxacin: comparison between Escherichia coli, Pseudomonas aeruginosa, and Staphylococcus pseudintermedius of canine origin. Acta Vet Scand. 2013 May 1;55(1):37. doi: 10.1186/1751-0147-55-37. PMID: 23634902; PMCID: PMC3646708."
PMC3646708,MIC,64,μg/ml,Table - PMC,Isolate 113,S. pseudintermedius,SM7 (64),dogs with canine pyoderma,S84W,NaN,orbifloxacin,"Mutant prevention concentration of orbifloxacin: comparison between Escherichia coli, Pseudomonas aeruginosa, and Staphylococcus pseudintermedius of canine origin","Shimizu T, Harada K, Kataoka Y. Mutant prevention concentration of orbifloxacin: comparison between Escherichia coli, Pseudomonas aeruginosa, and Staphylococcus pseudintermedius of canine origin. Acta Vet Scand. 2013 May 1;55(1):37. doi: 10.1186/1751-0147-55-37. PMID: 23634902; PMCID: PMC3646708."
PMC3646708,MIC (+EPI)b,128,μg/ml,Table - PMC,Isolate 114,S. pseudintermedius,SM7 (64),dogs with canine pyoderma,S84W,NaN,orbifloxacin reserpine,"Mutant prevention concentration of orbifloxacin: comparison between Escherichia coli, Pseudomonas aeruginosa, and Staphylococcus pseudintermedius of canine origin","Shimizu T, Harada K, Kataoka Y. Mutant prevention concentration of orbifloxacin: comparison between Escherichia coli, Pseudomonas aeruginosa, and Staphylococcus pseudintermedius of canine origin. Acta Vet Scand. 2013 May 1;55(1):37. doi: 10.1186/1751-0147-55-37. PMID: 23634902; PMCID: PMC3646708."
PMC3646708,MIC,64,μg/ml,Table - PMC,Isolate 115,S. pseudintermedius,SM8 (64),dogs with canine pyoderma,S84L,NaN,orbifloxacin,"Mutant prevention concentration of orbifloxacin: comparison between Escherichia coli, Pseudomonas aeruginosa, and Staphylococcus pseudintermedius of canine origin","Shimizu T, Harada K, Kataoka Y. Mutant prevention concentration of orbifloxacin: comparison between Escherichia coli, Pseudomonas aeruginosa, and Staphylococcus pseudintermedius of canine origin. Acta Vet Scand. 2013 May 1;55(1):37. doi: 10.1186/1751-0147-55-37. PMID: 23634902; PMCID: PMC3646708."
PMC3646708,MIC (+EPI)b,128,μg/ml,Table - PMC,Isolate 116,S. pseudintermedius,SM8 (64),dogs with canine pyoderma,S84L,NaN,orbifloxacin reserpine,"Mutant prevention concentration of orbifloxacin: comparison between Escherichia coli, Pseudomonas aeruginosa, and Staphylococcus pseudintermedius of canine origin","Shimizu T, Harada K, Kataoka Y. Mutant prevention concentration of orbifloxacin: comparison between Escherichia coli, Pseudomonas aeruginosa, and Staphylococcus pseudintermedius of canine origin. Acta Vet Scand. 2013 May 1;55(1):37. doi: 10.1186/1751-0147-55-37. PMID: 23634902; PMCID: PMC3646708."
PMC3646708,MIC,8,μg/ml,Table - PMC,Isolate 117,S. pseudintermedius,SM9 (32),dogs with canine pyoderma,S80I,NaN,orbifloxacin,"Mutant prevention concentration of orbifloxacin: comparison between Escherichia coli, Pseudomonas aeruginosa, and Staphylococcus pseudintermedius of canine origin","Shimizu T, Harada K, Kataoka Y. Mutant prevention concentration of orbifloxacin: comparison between Escherichia coli, Pseudomonas aeruginosa, and Staphylococcus pseudintermedius of canine origin. Acta Vet Scand. 2013 May 1;55(1):37. doi: 10.1186/1751-0147-55-37. PMID: 23634902; PMCID: PMC3646708."
PMC3646708,MIC (+EPI)b,8,μg/ml,Table - PMC,Isolate 118,S. pseudintermedius,SM9 (32),dogs with canine pyoderma,S80I,NaN,orbifloxacin reserpine,"Mutant prevention concentration of orbifloxacin: comparison between Escherichia coli, Pseudomonas aeruginosa, and Staphylococcus pseudintermedius of canine origin","Shimizu T, Harada K, Kataoka Y. Mutant prevention concentration of orbifloxacin: comparison between Escherichia coli, Pseudomonas aeruginosa, and Staphylococcus pseudintermedius of canine origin. Acta Vet Scand. 2013 May 1;55(1):37. doi: 10.1186/1751-0147-55-37. PMID: 23634902; PMCID: PMC3646708."
PMC3646708,MIC,32,μg/ml,Table - PMC,Isolate 119,S. pseudintermedius,SM10 (8),dogs with canine pyoderma,S84L,NaN,orbifloxacin,"Mutant prevention concentration of orbifloxacin: comparison between Escherichia coli, Pseudomonas aeruginosa, and Staphylococcus pseudintermedius of canine origin","Shimizu T, Harada K, Kataoka Y. Mutant prevention concentration of orbifloxacin: comparison between Escherichia coli, Pseudomonas aeruginosa, and Staphylococcus pseudintermedius of canine origin. Acta Vet Scand. 2013 May 1;55(1):37. doi: 10.1186/1751-0147-55-37. PMID: 23634902; PMCID: PMC3646708."
PMC3646708,MIC (+EPI)b,32,μg/ml,Table - PMC,Isolate 120,S. pseudintermedius,SM10 (8),dogs with canine pyoderma,S84L,NaN,orbifloxacin reserpine,"Mutant prevention concentration of orbifloxacin: comparison between Escherichia coli, Pseudomonas aeruginosa, and Staphylococcus pseudintermedius of canine origin","Shimizu T, Harada K, Kataoka Y. Mutant prevention concentration of orbifloxacin: comparison between Escherichia coli, Pseudomonas aeruginosa, and Staphylococcus pseudintermedius of canine origin. Acta Vet Scand. 2013 May 1;55(1):37. doi: 10.1186/1751-0147-55-37. PMID: 23634902; PMCID: PMC3646708."
PMC3646708,MICs,0.063–2,μg/ml,"The MICs of orbifloxacin against the original strains and mutants were 0.063–2 μg/ml and 1–8 μg/ml, respectively, for E. coli, and 1–4 μg/ml and 16–128 μg/ml, respectively, for P. aeruginosa.",Isolate 121,E. coli,NaN,domestic dogs,original strains,NaN,orbifloxacin,"Mutant prevention concentration of orbifloxacin: comparison between Escherichia coli, Pseudomonas aeruginosa, and Staphylococcus pseudintermedius of canine origin","Shimizu T, Harada K, Kataoka Y. Mutant prevention concentration of orbifloxacin: comparison between Escherichia coli, Pseudomonas aeruginosa, and Staphylococcus pseudintermedius of canine origin. Acta Vet Scand. 2013 May 1;55(1):37. doi: 10.1186/1751-0147-55-37. PMID: 23634902; PMCID: PMC3646708."
PMC3646708,MICs,1–8,μg/ml,"The MICs of orbifloxacin against the original strains and mutants were 0.063–2 μg/ml and 1–8 μg/ml, respectively, for E. coli, and 1–4 μg/ml and 16–128 μg/ml, respectively, for P. aeruginosa.",Isolate 122,E. coli,NaN,domestic dogs,mutants,NaN,orbifloxacin,"Mutant prevention concentration of orbifloxacin: comparison between Escherichia coli, Pseudomonas aeruginosa, and Staphylococcus pseudintermedius of canine origin","Shimizu T, Harada K, Kataoka Y. Mutant prevention concentration of orbifloxacin: comparison between Escherichia coli, Pseudomonas aeruginosa, and Staphylococcus pseudintermedius of canine origin. Acta Vet Scand. 2013 May 1;55(1):37. doi: 10.1186/1751-0147-55-37. PMID: 23634902; PMCID: PMC3646708."
PMC3646708,MICs,1–4,μg/ml,"The MICs of orbifloxacin against the original strains and mutants were 0.063–2 μg/ml and 1–8 μg/ml, respectively, for E. coli, and 1–4 μg/ml and 16–128 μg/ml, respectively, for P. aeruginosa.",Isolate 123,P. aeruginosa,NaN,domestic dogs,original strains,NaN,orbifloxacin,"Mutant prevention concentration of orbifloxacin: comparison between Escherichia coli, Pseudomonas aeruginosa, and Staphylococcus pseudintermedius of canine origin","Shimizu T, Harada K, Kataoka Y. Mutant prevention concentration of orbifloxacin: comparison between Escherichia coli, Pseudomonas aeruginosa, and Staphylococcus pseudintermedius of canine origin. Acta Vet Scand. 2013 May 1;55(1):37. doi: 10.1186/1751-0147-55-37. PMID: 23634902; PMCID: PMC3646708."
PMC3646708,MICs,16–128,μg/ml,"The MICs of orbifloxacin against the original strains and mutants were 0.063–2 μg/ml and 1–8 μg/ml, respectively, for E. coli, and 1–4 μg/ml and 16–128 μg/ml, respectively, for P. aeruginosa.",Isolate 124,P. aeruginosa,NaN,domestic dogs,mutants,NaN,orbifloxacin,"Mutant prevention concentration of orbifloxacin: comparison between Escherichia coli, Pseudomonas aeruginosa, and Staphylococcus pseudintermedius of canine origin","Shimizu T, Harada K, Kataoka Y. Mutant prevention concentration of orbifloxacin: comparison between Escherichia coli, Pseudomonas aeruginosa, and Staphylococcus pseudintermedius of canine origin. Acta Vet Scand. 2013 May 1;55(1):37. doi: 10.1186/1751-0147-55-37. PMID: 23634902; PMCID: PMC3646708."
PMC3646708,MICs,4- to 32-fold,NaN,"Thus, the orbifloxacin MICs against the original strains of P. aeruginosa were significantly increased by drug exposure compared with those of the E. coli original strains (4- to 32-fold vs. 2- to 16-fold, P < 0.05).",Isolate 125,P. aeruginosa,NaN,domestic dogs,original strains,NaN,orbifloxacin,"Mutant prevention concentration of orbifloxacin: comparison between Escherichia coli, Pseudomonas aeruginosa, and Staphylococcus pseudintermedius of canine origin","Shimizu T, Harada K, Kataoka Y. Mutant prevention concentration of orbifloxacin: comparison between Escherichia coli, Pseudomonas aeruginosa, and Staphylococcus pseudintermedius of canine origin. Acta Vet Scand. 2013 May 1;55(1):37. doi: 10.1186/1751-0147-55-37. PMID: 23634902; PMCID: PMC3646708."
PMC3646708,MICs,2- to 16-fold,NaN,"Thus, the orbifloxacin MICs against the original strains of P. aeruginosa were significantly increased by drug exposure compared with those of the E. coli original strains (4- to 32-fold vs. 2- to 16-fold, P < 0.05).",Isolate 126,E. coli,NaN,domestic dogs,original strains,NaN,orbifloxacin,"Mutant prevention concentration of orbifloxacin: comparison between Escherichia coli, Pseudomonas aeruginosa, and Staphylococcus pseudintermedius of canine origin","Shimizu T, Harada K, Kataoka Y. Mutant prevention concentration of orbifloxacin: comparison between Escherichia coli, Pseudomonas aeruginosa, and Staphylococcus pseudintermedius of canine origin. Acta Vet Scand. 2013 May 1;55(1):37. doi: 10.1186/1751-0147-55-37. PMID: 23634902; PMCID: PMC3646708."
PMC3646708,MICs,0.25–1,μg/ml,"For S. pseudintermedius, the MICs of orbifloxacin against the original strains were 0.25–1 μg/ml.",Isolate 127,S. pseudintermedius,NaN,dogs with canine pyoderma,original strains,NaN,orbifloxacin,"Mutant prevention concentration of orbifloxacin: comparison between Escherichia coli, Pseudomonas aeruginosa, and Staphylococcus pseudintermedius of canine origin","Shimizu T, Harada K, Kataoka Y. Mutant prevention concentration of orbifloxacin: comparison between Escherichia coli, Pseudomonas aeruginosa, and Staphylococcus pseudintermedius of canine origin. Acta Vet Scand. 2013 May 1;55(1):37. doi: 10.1186/1751-0147-55-37. PMID: 23634902; PMCID: PMC3646708."
PMC3646708,MICs,1- to 4-fold,NaN,"After drug exposure, the MICs of the high-susceptible strains (S1–S6) increased 1- to 4-fold, whereas those of the low-susceptible strains (S7–S10) increased 8- to 64-fold.",Isolate 128,S. pseudintermedius,S1–S6,dogs with canine pyoderma,high-susceptible strains,NaN,orbifloxacin,"Mutant prevention concentration of orbifloxacin: comparison between Escherichia coli, Pseudomonas aeruginosa, and Staphylococcus pseudintermedius of canine origin","Shimizu T, Harada K, Kataoka Y. Mutant prevention concentration of orbifloxacin: comparison between Escherichia coli, Pseudomonas aeruginosa, and Staphylococcus pseudintermedius of canine origin. Acta Vet Scand. 2013 May 1;55(1):37. doi: 10.1186/1751-0147-55-37. PMID: 23634902; PMCID: PMC3646708."
PMC3646708,MICs,8- to 64-fold,NaN,"After drug exposure, the MICs of the high-susceptible strains (S1–S6) increased 1- to 4-fold, whereas those of the low-susceptible strains (S7–S10) increased 8- to 64-fold.",Isolate 129,S. pseudintermedius,S7–S10,dogs with canine pyoderma,low-susceptible strains,NaN,orbifloxacin,"Mutant prevention concentration of orbifloxacin: comparison between Escherichia coli, Pseudomonas aeruginosa, and Staphylococcus pseudintermedius of canine origin","Shimizu T, Harada K, Kataoka Y. Mutant prevention concentration of orbifloxacin: comparison between Escherichia coli, Pseudomonas aeruginosa, and Staphylococcus pseudintermedius of canine origin. Acta Vet Scand. 2013 May 1;55(1):37. doi: 10.1186/1751-0147-55-37. PMID: 23634902; PMCID: PMC3646708."
PMC3646708,MICs,0.5–64,μg/ml,The MICs of orbifloxacin against the mutants of this species were widely distributed (0.5–64 μg/ml).,Isolate 130,S. pseudintermedius,NaN,dogs with canine pyoderma,mutants,NaN,orbifloxacin,"Mutant prevention concentration of orbifloxacin: comparison between Escherichia coli, Pseudomonas aeruginosa, and Staphylococcus pseudintermedius of canine origin","Shimizu T, Harada K, Kataoka Y. Mutant prevention concentration of orbifloxacin: comparison between Escherichia coli, Pseudomonas aeruginosa, and Staphylococcus pseudintermedius of canine origin. Acta Vet Scand. 2013 May 1;55(1):37. doi: 10.1186/1751-0147-55-37. PMID: 23634902; PMCID: PMC3646708."
PMC3646708,MICs,8- to 32-fold,NaN,"Addition of PAβN, an EPI, resulted in a decrease in the MICs of orbifloxacin against the mutants and original strains of E. coli and P. aeruginosa (P < 0.05) by 8- to 32-fold and 32- to 512-fold, respectively.",Isolate 131,E. coli,NaN,domestic dogs,mutants and original strains,NaN,orbifloxacin PAβN,"Mutant prevention concentration of orbifloxacin: comparison between Escherichia coli, Pseudomonas aeruginosa, and Staphylococcus pseudintermedius of canine origin","Shimizu T, Harada K, Kataoka Y. Mutant prevention concentration of orbifloxacin: comparison between Escherichia coli, Pseudomonas aeruginosa, and Staphylococcus pseudintermedius of canine origin. Acta Vet Scand. 2013 May 1;55(1):37. doi: 10.1186/1751-0147-55-37. PMID: 23634902; PMCID: PMC3646708."
PMC3646708,MICs,32- to 512-fold,NaN,"Addition of PAβN, an EPI, resulted in a decrease in the MICs of orbifloxacin against the mutants and original strains of E. coli and P. aeruginosa (P < 0.05) by 8- to 32-fold and 32- to 512-fold, respectively.",Isolate 132,P. aeruginosa,NaN,domestic dogs,mutants and original strains,NaN,orbifloxacin PAβN,"Mutant prevention concentration of orbifloxacin: comparison between Escherichia coli, Pseudomonas aeruginosa, and Staphylococcus pseudintermedius of canine origin","Shimizu T, Harada K, Kataoka Y. Mutant prevention concentration of orbifloxacin: comparison between Escherichia coli, Pseudomonas aeruginosa, and Staphylococcus pseudintermedius of canine origin. Acta Vet Scand. 2013 May 1;55(1):37. doi: 10.1186/1751-0147-55-37. PMID: 23634902; PMCID: PMC3646708."
PMC3646708,MIC,0.5–2,μg/ml,Sequence analysis of QRDRs revealed that four low-susceptible original strains (E7–E10; MIC: 0.5–2 μg/ml) and all the mutants of E. coli harboured one point mutation (Ser-83 → Leu or Asp-87 → Asn) in gyrA.,Isolate 133,E. coli,E7–E10,domestic dogs,low-susceptible original strains,NaN,orbifloxacin,"Mutant prevention concentration of orbifloxacin: comparison between Escherichia coli, Pseudomonas aeruginosa, and Staphylococcus pseudintermedius of canine origin","Shimizu T, Harada K, Kataoka Y. Mutant prevention concentration of orbifloxacin: comparison between Escherichia coli, Pseudomonas aeruginosa, and Staphylococcus pseudintermedius of canine origin. Acta Vet Scand. 2013 May 1;55(1):37. doi: 10.1186/1751-0147-55-37. PMID: 23634902; PMCID: PMC3646708."
PMC3646708,MIC,1,μg/ml,"In S. pseudintermedius, four low-susceptible original strains (S7–S10; MIC: 1 μg/ml) and four mutants (SM6–SM10) harboured one point mutation (i.e. Ser-80 → Ile) in grlA.",Isolate 134,S. pseudintermedius,S7–S10,dogs with canine pyoderma,low-susceptible original strains,NaN,orbifloxacin,"Mutant prevention concentration of orbifloxacin: comparison between Escherichia coli, Pseudomonas aeruginosa, and Staphylococcus pseudintermedius of canine origin","Shimizu T, Harada K, Kataoka Y. Mutant prevention concentration of orbifloxacin: comparison between Escherichia coli, Pseudomonas aeruginosa, and Staphylococcus pseudintermedius of canine origin. Acta Vet Scand. 2013 May 1;55(1):37. doi: 10.1186/1751-0147-55-37. PMID: 23634902; PMCID: PMC3646708."
PMC3646708,MPCs,0.5–32,μg/ml,"The MPCs and MPC/MIC ratios for the original strains of E. coli were 0.5–32 μg/ml and 4–32, respectively.",Isolate 135,E. coli,NaN,domestic dogs,original strains,NaN,orbifloxacin,"Mutant prevention concentration of orbifloxacin: comparison between Escherichia coli, Pseudomonas aeruginosa, and Staphylococcus pseudintermedius of canine origin","Shimizu T, Harada K, Kataoka Y. Mutant prevention concentration of orbifloxacin: comparison between Escherichia coli, Pseudomonas aeruginosa, and Staphylococcus pseudintermedius of canine origin. Acta Vet Scand. 2013 May 1;55(1):37. doi: 10.1186/1751-0147-55-37. PMID: 23634902; PMCID: PMC3646708."
PMC3646708,MPCs,8–32,μg/ml,"In this species, low-susceptible strains with one QRDR mutation (strains E7–E10) had relatively higher MPCs (8–32 μg/ml), compared with high-susceptible strains (0.5–2 μg/ml).",Isolate 136,E. coli,E7–E10,domestic dogs,low-susceptible strains with one QRDR mutation,NaN,orbifloxacin,"Mutant prevention concentration of orbifloxacin: comparison between Escherichia coli, Pseudomonas aeruginosa, and Staphylococcus pseudintermedius of canine origin","Shimizu T, Harada K, Kataoka Y. Mutant prevention concentration of orbifloxacin: comparison between Escherichia coli, Pseudomonas aeruginosa, and Staphylococcus pseudintermedius of canine origin. Acta Vet Scand. 2013 May 1;55(1):37. doi: 10.1186/1751-0147-55-37. PMID: 23634902; PMCID: PMC3646708."
PMC3646708,MPCs,0.5–2,μg/ml,"In this species, low-susceptible strains with one QRDR mutation (strains E7–E10) had relatively higher MPCs (8–32 μg/ml), compared with high-susceptible strains (0.5–2 μg/ml).",Isolate 137,E. coli,NaN,domestic dogs,high-susceptible strains,NaN,orbifloxacin,"Mutant prevention concentration of orbifloxacin: comparison between Escherichia coli, Pseudomonas aeruginosa, and Staphylococcus pseudintermedius of canine origin","Shimizu T, Harada K, Kataoka Y. Mutant prevention concentration of orbifloxacin: comparison between Escherichia coli, Pseudomonas aeruginosa, and Staphylococcus pseudintermedius of canine origin. Acta Vet Scand. 2013 May 1;55(1):37. doi: 10.1186/1751-0147-55-37. PMID: 23634902; PMCID: PMC3646708."
PMC3646708,MPCs,16–128,μg/ml,P. aeruginosa exhibited similar MPCs (16–128 μg/ml) and MPC/MIC ratios (16–64) for all original strains.,Isolate 138,P. aeruginosa,NaN,domestic dogs,all original strains,NaN,orbifloxacin,"Mutant prevention concentration of orbifloxacin: comparison between Escherichia coli, Pseudomonas aeruginosa, and Staphylococcus pseudintermedius of canine origin","Shimizu T, Harada K, Kataoka Y. Mutant prevention concentration of orbifloxacin: comparison between Escherichia coli, Pseudomonas aeruginosa, and Staphylococcus pseudintermedius of canine origin. Acta Vet Scand. 2013 May 1;55(1):37. doi: 10.1186/1751-0147-55-37. PMID: 23634902; PMCID: PMC3646708."
PMC3646708,MPCs,16–128,μg/ml,"In S. pseudintermedius, the MPCs (16–128 μg/ml) and MPC/MIC ratios (16–128) in low-susceptible strains (S7–S10) with one QRDR mutation were higher than those in high-susceptible strains without QRDR mutations (S1–S6; MPC: 2–8 μg/ml and MPC/MIC: 4–16).",Isolate 139,S. pseudintermedius,S7–S10,dogs with canine pyoderma,low-susceptible strains (S7–S10) with one QRDR mutation,NaN,orbifloxacin,"Mutant prevention concentration of orbifloxacin: comparison between Escherichia coli, Pseudomonas aeruginosa, and Staphylococcus pseudintermedius of canine origin","Shimizu T, Harada K, Kataoka Y. Mutant prevention concentration of orbifloxacin: comparison between Escherichia coli, Pseudomonas aeruginosa, and Staphylococcus pseudintermedius of canine origin. Acta Vet Scand. 2013 May 1;55(1):37. doi: 10.1186/1751-0147-55-37. PMID: 23634902; PMCID: PMC3646708."
PMC3646708,MPC,2–8,μg/ml,"In S. pseudintermedius, the MPCs (16–128 μg/ml) and MPC/MIC ratios (16–128) in low-susceptible strains (S7–S10) with one QRDR mutation were higher than those in high-susceptible strains without QRDR mutations (S1–S6; MPC: 2–8 μg/ml and MPC/MIC: 4–16).",Isolate 140,S. pseudintermedius,S1–S6,dogs with canine pyoderma,high-susceptible strains without QRDR mutations,NaN,orbifloxacin,"Mutant prevention concentration of orbifloxacin: comparison between Escherichia coli, Pseudomonas aeruginosa, and Staphylococcus pseudintermedius of canine origin","Shimizu T, Harada K, Kataoka Y. Mutant prevention concentration of orbifloxacin: comparison between Escherichia coli, Pseudomonas aeruginosa, and Staphylococcus pseudintermedius of canine origin. Acta Vet Scand. 2013 May 1;55(1):37. doi: 10.1186/1751-0147-55-37. PMID: 23634902; PMCID: PMC3646708."
PMC4293862,MIC,2,μg/mL,Table - PMC,Isolate 1,Acinetobacter baumannii,A1,clinical isolates,S,NaN,Imipenem,Mutant Prevention Concentrations of Imipenem and Meropenem against Pseudomonas aeruginosa and Acinetobacter baumannii,"Dahdouh E, Shoucair SH, Salem SE, Daoud Z. Mutant prevention concentrations of imipenem and meropenem against Pseudomonas aeruginosa and Acinetobacter baumannii. ScientificWorldJournal. 2014;2014:979648. doi: 10.1155/2014/979648. Epub 2014 Dec 30. PMID: 25610915; PMCID: PMC4293862."
PMC4293862,Average MIC,35.6 ± 52.92,μg/mL,Table - PMC,Isolate 1,Acinetobacter baumannii,A1,clinical isolates,S,NaN,Imipenem,Mutant Prevention Concentrations of Imipenem and Meropenem against Pseudomonas aeruginosa and Acinetobacter baumannii,"Dahdouh E, Shoucair SH, Salem SE, Daoud Z. Mutant prevention concentrations of imipenem and meropenem against Pseudomonas aeruginosa and Acinetobacter baumannii. ScientificWorldJournal. 2014;2014:979648. doi: 10.1155/2014/979648. Epub 2014 Dec 30. PMID: 25610915; PMCID: PMC4293862."
PMC4293862,MPC,4,μg/mL,Table - PMC,Isolate 1,Acinetobacter baumannii,A1,clinical isolates,S,NaN,Imipenem,Mutant Prevention Concentrations of Imipenem and Meropenem against Pseudomonas aeruginosa and Acinetobacter baumannii,"Dahdouh E, Shoucair SH, Salem SE, Daoud Z. Mutant prevention concentrations of imipenem and meropenem against Pseudomonas aeruginosa and Acinetobacter baumannii. ScientificWorldJournal. 2014;2014:979648. doi: 10.1155/2014/979648. Epub 2014 Dec 30. PMID: 25610915; PMCID: PMC4293862."
PMC4293862,Average MPC,255.2 ± 324.47,μg/mL,Table - PMC,Isolate 1,Acinetobacter baumannii,A1,clinical isolates,S,NaN,Imipenem,Mutant Prevention Concentrations of Imipenem and Meropenem against Pseudomonas aeruginosa and Acinetobacter baumannii,"Dahdouh E, Shoucair SH, Salem SE, Daoud Z. Mutant prevention concentrations of imipenem and meropenem against Pseudomonas aeruginosa and Acinetobacter baumannii. ScientificWorldJournal. 2014;2014:979648. doi: 10.1155/2014/979648. Epub 2014 Dec 30. PMID: 25610915; PMCID: PMC4293862."
PMC4293862,MSW,2,μg/mL,Table - PMC,Isolate 1,Acinetobacter baumannii,A1,clinical isolates,S,NaN,Imipenem,Mutant Prevention Concentrations of Imipenem and Meropenem against Pseudomonas aeruginosa and Acinetobacter baumannii,"Dahdouh E, Shoucair SH, Salem SE, Daoud Z. Mutant prevention concentrations of imipenem and meropenem against Pseudomonas aeruginosa and Acinetobacter baumannii. ScientificWorldJournal. 2014;2014:979648. doi: 10.1155/2014/979648. Epub 2014 Dec 30. PMID: 25610915; PMCID: PMC4293862."
PMC4293862,Average MSW,219.6 ± 274.19,μg/mL,Table - PMC,Isolate 1,Acinetobacter baumannii,A1,clinical isolates,S,NaN,Imipenem,Mutant Prevention Concentrations of Imipenem and Meropenem against Pseudomonas aeruginosa and Acinetobacter baumannii,"Dahdouh E, Shoucair SH, Salem SE, Daoud Z. Mutant prevention concentrations of imipenem and meropenem against Pseudomonas aeruginosa and Acinetobacter baumannii. ScientificWorldJournal. 2014;2014:979648. doi: 10.1155/2014/979648. Epub 2014 Dec 30. PMID: 25610915; PMCID: PMC4293862."
PMC4293862,MIC,32,μg/mL,Table - PMC,Isolate 2,Acinetobacter baumannii,A2,clinical isolates,R,NaN,Imipenem,Mutant Prevention Concentrations of Imipenem and Meropenem against Pseudomonas aeruginosa and Acinetobacter baumannii,"Dahdouh E, Shoucair SH, Salem SE, Daoud Z. Mutant prevention concentrations of imipenem and meropenem against Pseudomonas aeruginosa and Acinetobacter baumannii. ScientificWorldJournal. 2014;2014:979648. doi: 10.1155/2014/979648. Epub 2014 Dec 30. PMID: 25610915; PMCID: PMC4293862."
PMC4293862,MPC,210,μg/mL,Table - PMC,Isolate 2,Acinetobacter baumannii,A2,clinical isolates,R,NaN,Imipenem,Mutant Prevention Concentrations of Imipenem and Meropenem against Pseudomonas aeruginosa and Acinetobacter baumannii,"Dahdouh E, Shoucair SH, Salem SE, Daoud Z. Mutant prevention concentrations of imipenem and meropenem against Pseudomonas aeruginosa and Acinetobacter baumannii. ScientificWorldJournal. 2014;2014:979648. doi: 10.1155/2014/979648. Epub 2014 Dec 30. PMID: 25610915; PMCID: PMC4293862."
PMC4293862,MSW,178,μg/mL,Table - PMC,Isolate 2,Acinetobacter baumannii,A2,clinical isolates,R,NaN,Imipenem,Mutant Prevention Concentrations of Imipenem and Meropenem against Pseudomonas aeruginosa and Acinetobacter baumannii,"Dahdouh E, Shoucair SH, Salem SE, Daoud Z. Mutant prevention concentrations of imipenem and meropenem against Pseudomonas aeruginosa and Acinetobacter baumannii. ScientificWorldJournal. 2014;2014:979648. doi: 10.1155/2014/979648. Epub 2014 Dec 30. PMID: 25610915; PMCID: PMC4293862."
PMC4293862,MIC,8,μg/mL,Table - PMC,Isolate 3,Acinetobacter baumannii,A3,clinical isolates,I,NaN,Imipenem,Mutant Prevention Concentrations of Imipenem and Meropenem against Pseudomonas aeruginosa and Acinetobacter baumannii,"Dahdouh E, Shoucair SH, Salem SE, Daoud Z. Mutant prevention concentrations of imipenem and meropenem against Pseudomonas aeruginosa and Acinetobacter baumannii. ScientificWorldJournal. 2014;2014:979648. doi: 10.1155/2014/979648. Epub 2014 Dec 30. PMID: 25610915; PMCID: PMC4293862."
PMC4293862,MPC,12,μg/mL,Table - PMC,Isolate 3,Acinetobacter baumannii,A3,clinical isolates,I,NaN,Imipenem,Mutant Prevention Concentrations of Imipenem and Meropenem against Pseudomonas aeruginosa and Acinetobacter baumannii,"Dahdouh E, Shoucair SH, Salem SE, Daoud Z. Mutant prevention concentrations of imipenem and meropenem against Pseudomonas aeruginosa and Acinetobacter baumannii. ScientificWorldJournal. 2014;2014:979648. doi: 10.1155/2014/979648. Epub 2014 Dec 30. PMID: 25610915; PMCID: PMC4293862."
PMC4293862,MSW,4,μg/mL,Table - PMC,Isolate 3,Acinetobacter baumannii,A3,clinical isolates,I,NaN,Imipenem,Mutant Prevention Concentrations of Imipenem and Meropenem against Pseudomonas aeruginosa and Acinetobacter baumannii,"Dahdouh E, Shoucair SH, Salem SE, Daoud Z. Mutant prevention concentrations of imipenem and meropenem against Pseudomonas aeruginosa and Acinetobacter baumannii. ScientificWorldJournal. 2014;2014:979648. doi: 10.1155/2014/979648. Epub 2014 Dec 30. PMID: 25610915; PMCID: PMC4293862."
PMC4293862,MIC,128,μg/mL,Table - PMC,Isolate 4,Acinetobacter baumannii,A4,clinical isolates,R,NaN,Imipenem,Mutant Prevention Concentrations of Imipenem and Meropenem against Pseudomonas aeruginosa and Acinetobacter baumannii,"Dahdouh E, Shoucair SH, Salem SE, Daoud Z. Mutant prevention concentrations of imipenem and meropenem against Pseudomonas aeruginosa and Acinetobacter baumannii. ScientificWorldJournal. 2014;2014:979648. doi: 10.1155/2014/979648. Epub 2014 Dec 30. PMID: 25610915; PMCID: PMC4293862."
PMC4293862,MPC,800,μg/mL,Table - PMC,Isolate 4,Acinetobacter baumannii,A4,clinical isolates,R,NaN,Imipenem,Mutant Prevention Concentrations of Imipenem and Meropenem against Pseudomonas aeruginosa and Acinetobacter baumannii,"Dahdouh E, Shoucair SH, Salem SE, Daoud Z. Mutant prevention concentrations of imipenem and meropenem against Pseudomonas aeruginosa and Acinetobacter baumannii. ScientificWorldJournal. 2014;2014:979648. doi: 10.1155/2014/979648. Epub 2014 Dec 30. PMID: 25610915; PMCID: PMC4293862."
PMC4293862,MSW,672,μg/mL,Table - PMC,Isolate 4,Acinetobacter baumannii,A4,clinical isolates,R,NaN,Imipenem,Mutant Prevention Concentrations of Imipenem and Meropenem against Pseudomonas aeruginosa and Acinetobacter baumannii,"Dahdouh E, Shoucair SH, Salem SE, Daoud Z. Mutant prevention concentrations of imipenem and meropenem against Pseudomonas aeruginosa and Acinetobacter baumannii. ScientificWorldJournal. 2014;2014:979648. doi: 10.1155/2014/979648. Epub 2014 Dec 30. PMID: 25610915; PMCID: PMC4293862."
PMC4293862,MIC,8,μg/mL,Table - PMC,Isolate 5,Acinetobacter baumannii,A5,clinical isolates,I,NaN,Imipenem,Mutant Prevention Concentrations of Imipenem and Meropenem against Pseudomonas aeruginosa and Acinetobacter baumannii,"Dahdouh E, Shoucair SH, Salem SE, Daoud Z. Mutant prevention concentrations of imipenem and meropenem against Pseudomonas aeruginosa and Acinetobacter baumannii. ScientificWorldJournal. 2014;2014:979648. doi: 10.1155/2014/979648. Epub 2014 Dec 30. PMID: 25610915; PMCID: PMC4293862."
PMC4293862,MPC,250,μg/mL,Table - PMC,Isolate 5,Acinetobacter baumannii,A5,clinical isolates,I,NaN,Imipenem,Mutant Prevention Concentrations of Imipenem and Meropenem against Pseudomonas aeruginosa and Acinetobacter baumannii,"Dahdouh E, Shoucair SH, Salem SE, Daoud Z. Mutant prevention concentrations of imipenem and meropenem against Pseudomonas aeruginosa and Acinetobacter baumannii. ScientificWorldJournal. 2014;2014:979648. doi: 10.1155/2014/979648. Epub 2014 Dec 30. PMID: 25610915; PMCID: PMC4293862."
PMC4293862,MSW,242,μg/mL,Table - PMC,Isolate 5,Acinetobacter baumannii,A5,clinical isolates,I,NaN,Imipenem,Mutant Prevention Concentrations of Imipenem and Meropenem against Pseudomonas aeruginosa and Acinetobacter baumannii,"Dahdouh E, Shoucair SH, Salem SE, Daoud Z. Mutant prevention concentrations of imipenem and meropenem against Pseudomonas aeruginosa and Acinetobacter baumannii. ScientificWorldJournal. 2014;2014:979648. doi: 10.1155/2014/979648. Epub 2014 Dec 30. PMID: 25610915; PMCID: PMC4293862."
PMC4293862,MIC,4,μg/mL,Table - PMC,Isolate 6,Pseudomonas spp.,P1,clinical isolates,S,NaN,Imipenem,Mutant Prevention Concentrations of Imipenem and Meropenem against Pseudomonas aeruginosa and Acinetobacter baumannii,"Dahdouh E, Shoucair SH, Salem SE, Daoud Z. Mutant prevention concentrations of imipenem and meropenem against Pseudomonas aeruginosa and Acinetobacter baumannii. ScientificWorldJournal. 2014;2014:979648. doi: 10.1155/2014/979648. Epub 2014 Dec 30. PMID: 25610915; PMCID: PMC4293862."
PMC4293862,Average MIC,7.5 ± 7.87,μg/mL,Table - PMC,Isolate 6,Pseudomonas spp.,P1,clinical isolates,S,NaN,Imipenem,Mutant Prevention Concentrations of Imipenem and Meropenem against Pseudomonas aeruginosa and Acinetobacter baumannii,"Dahdouh E, Shoucair SH, Salem SE, Daoud Z. Mutant prevention concentrations of imipenem and meropenem against Pseudomonas aeruginosa and Acinetobacter baumannii. ScientificWorldJournal. 2014;2014:979648. doi: 10.1155/2014/979648. Epub 2014 Dec 30. PMID: 25610915; PMCID: PMC4293862."
PMC4293862,MPC,30,μg/mL,Table - PMC,Isolate 6,Pseudomonas spp.,P1,clinical isolates,S,NaN,Imipenem,Mutant Prevention Concentrations of Imipenem and Meropenem against Pseudomonas aeruginosa and Acinetobacter baumannii,"Dahdouh E, Shoucair SH, Salem SE, Daoud Z. Mutant prevention concentrations of imipenem and meropenem against Pseudomonas aeruginosa and Acinetobacter baumannii. ScientificWorldJournal. 2014;2014:979648. doi: 10.1155/2014/979648. Epub 2014 Dec 30. PMID: 25610915; PMCID: PMC4293862."
PMC4293862,Average MPC,48 ± 45.14,μg/mL,Table - PMC,Isolate 6,Pseudomonas spp.,P1,clinical isolates,S,NaN,Imipenem,Mutant Prevention Concentrations of Imipenem and Meropenem against Pseudomonas aeruginosa and Acinetobacter baumannii,"Dahdouh E, Shoucair SH, Salem SE, Daoud Z. Mutant prevention concentrations of imipenem and meropenem against Pseudomonas aeruginosa and Acinetobacter baumannii. ScientificWorldJournal. 2014;2014:979648. doi: 10.1155/2014/979648. Epub 2014 Dec 30. PMID: 25610915; PMCID: PMC4293862."
PMC4293862,MSW,26,μg/mL,Table - PMC,Isolate 6,Pseudomonas spp.,P1,clinical isolates,S,NaN,Imipenem,Mutant Prevention Concentrations of Imipenem and Meropenem against Pseudomonas aeruginosa and Acinetobacter baumannii,"Dahdouh E, Shoucair SH, Salem SE, Daoud Z. Mutant prevention concentrations of imipenem and meropenem against Pseudomonas aeruginosa and Acinetobacter baumannii. ScientificWorldJournal. 2014;2014:979648. doi: 10.1155/2014/979648. Epub 2014 Dec 30. PMID: 25610915; PMCID: PMC4293862."
PMC4293862,Average MSW,40.5 ± 37.56,μg/mL,Table - PMC,Isolate 6,Pseudomonas spp.,P1,clinical isolates,S,NaN,Imipenem,Mutant Prevention Concentrations of Imipenem and Meropenem against Pseudomonas aeruginosa and Acinetobacter baumannii,"Dahdouh E, Shoucair SH, Salem SE, Daoud Z. Mutant prevention concentrations of imipenem and meropenem against Pseudomonas aeruginosa and Acinetobacter baumannii. ScientificWorldJournal. 2014;2014:979648. doi: 10.1155/2014/979648. Epub 2014 Dec 30. PMID: 25610915; PMCID: PMC4293862."
PMC4293862,MIC,1,μg/mL,Table - PMC,Isolate 7,Pseudomonas spp.,P2,clinical isolates,S,NaN,Imipenem,Mutant Prevention Concentrations of Imipenem and Meropenem against Pseudomonas aeruginosa and Acinetobacter baumannii,"Dahdouh E, Shoucair SH, Salem SE, Daoud Z. Mutant prevention concentrations of imipenem and meropenem against Pseudomonas aeruginosa and Acinetobacter baumannii. ScientificWorldJournal. 2014;2014:979648. doi: 10.1155/2014/979648. Epub 2014 Dec 30. PMID: 25610915; PMCID: PMC4293862."
PMC4293862,MPC,16,μg/mL,Table - PMC,Isolate 7,Pseudomonas spp.,P2,clinical isolates,S,NaN,Imipenem,Mutant Prevention Concentrations of Imipenem and Meropenem against Pseudomonas aeruginosa and Acinetobacter baumannii,"Dahdouh E, Shoucair SH, Salem SE, Daoud Z. Mutant prevention concentrations of imipenem and meropenem against Pseudomonas aeruginosa and Acinetobacter baumannii. ScientificWorldJournal. 2014;2014:979648. doi: 10.1155/2014/979648. Epub 2014 Dec 30. PMID: 25610915; PMCID: PMC4293862."
PMC4293862,MSW,15,μg/mL,Table - PMC,Isolate 7,Pseudomonas spp.,P2,clinical isolates,S,NaN,Imipenem,Mutant Prevention Concentrations of Imipenem and Meropenem against Pseudomonas aeruginosa and Acinetobacter baumannii,"Dahdouh E, Shoucair SH, Salem SE, Daoud Z. Mutant prevention concentrations of imipenem and meropenem against Pseudomonas aeruginosa and Acinetobacter baumannii. ScientificWorldJournal. 2014;2014:979648. doi: 10.1155/2014/979648. Epub 2014 Dec 30. PMID: 25610915; PMCID: PMC4293862."
PMC4293862,MIC,0.5,μg/mL,Table - PMC,Isolate 8,Pseudomonas spp.,P3,clinical isolates,S,NaN,Imipenem,Mutant Prevention Concentrations of Imipenem and Meropenem against Pseudomonas aeruginosa and Acinetobacter baumannii,"Dahdouh E, Shoucair SH, Salem SE, Daoud Z. Mutant prevention concentrations of imipenem and meropenem against Pseudomonas aeruginosa and Acinetobacter baumannii. ScientificWorldJournal. 2014;2014:979648. doi: 10.1155/2014/979648. Epub 2014 Dec 30. PMID: 25610915; PMCID: PMC4293862."
PMC4293862,MPC,4,μg/mL,Table - PMC,Isolate 8,Pseudomonas spp.,P3,clinical isolates,S,NaN,Imipenem,Mutant Prevention Concentrations of Imipenem and Meropenem against Pseudomonas aeruginosa and Acinetobacter baumannii,"Dahdouh E, Shoucair SH, Salem SE, Daoud Z. Mutant prevention concentrations of imipenem and meropenem against Pseudomonas aeruginosa and Acinetobacter baumannii. ScientificWorldJournal. 2014;2014:979648. doi: 10.1155/2014/979648. Epub 2014 Dec 30. PMID: 25610915; PMCID: PMC4293862."
PMC4293862,MSW,3.5,μg/mL,Table - PMC,Isolate 8,Pseudomonas spp.,P3,clinical isolates,S,NaN,Imipenem,Mutant Prevention Concentrations of Imipenem and Meropenem against Pseudomonas aeruginosa and Acinetobacter baumannii,"Dahdouh E, Shoucair SH, Salem SE, Daoud Z. Mutant prevention concentrations of imipenem and meropenem against Pseudomonas aeruginosa and Acinetobacter baumannii. ScientificWorldJournal. 2014;2014:979648. doi: 10.1155/2014/979648. Epub 2014 Dec 30. PMID: 25610915; PMCID: PMC4293862."
PMC4293862,MIC,16,μg/mL,Table - PMC,Isolate 9,Pseudomonas spp.,P4,clinical isolates,R,NaN,Imipenem,Mutant Prevention Concentrations of Imipenem and Meropenem against Pseudomonas aeruginosa and Acinetobacter baumannii,"Dahdouh E, Shoucair SH, Salem SE, Daoud Z. Mutant prevention concentrations of imipenem and meropenem against Pseudomonas aeruginosa and Acinetobacter baumannii. ScientificWorldJournal. 2014;2014:979648. doi: 10.1155/2014/979648. Epub 2014 Dec 30. PMID: 25610915; PMCID: PMC4293862."
PMC4293862,MPC,110,μg/mL,Table - PMC,Isolate 9,Pseudomonas spp.,P4,clinical isolates,R,NaN,Imipenem,Mutant Prevention Concentrations of Imipenem and Meropenem against Pseudomonas aeruginosa and Acinetobacter baumannii,"Dahdouh E, Shoucair SH, Salem SE, Daoud Z. Mutant prevention concentrations of imipenem and meropenem against Pseudomonas aeruginosa and Acinetobacter baumannii. ScientificWorldJournal. 2014;2014:979648. doi: 10.1155/2014/979648. Epub 2014 Dec 30. PMID: 25610915; PMCID: PMC4293862."
PMC4293862,MSW,94,μg/mL,Table - PMC,Isolate 9,Pseudomonas spp.,P4,clinical isolates,R,NaN,Imipenem,Mutant Prevention Concentrations of Imipenem and Meropenem against Pseudomonas aeruginosa and Acinetobacter baumannii,"Dahdouh E, Shoucair SH, Salem SE, Daoud Z. Mutant prevention concentrations of imipenem and meropenem against Pseudomonas aeruginosa and Acinetobacter baumannii. ScientificWorldJournal. 2014;2014:979648. doi: 10.1155/2014/979648. Epub 2014 Dec 30. PMID: 25610915; PMCID: PMC4293862."
PMC4293862,MIC,16,μg/mL,Table - PMC,Isolate 10,Pseudomonas spp.,P5,clinical isolates,R,NaN,Imipenem,Mutant Prevention Concentrations of Imipenem and Meropenem against Pseudomonas aeruginosa and Acinetobacter baumannii,"Dahdouh E, Shoucair SH, Salem SE, Daoud Z. Mutant prevention concentrations of imipenem and meropenem against Pseudomonas aeruginosa and Acinetobacter baumannii. ScientificWorldJournal. 2014;2014:979648. doi: 10.1155/2014/979648. Epub 2014 Dec 30. PMID: 25610915; PMCID: PMC4293862."
PMC4293862,MPC,80,μg/mL,Table - PMC,Isolate 10,Pseudomonas spp.,P5,clinical isolates,R,NaN,Imipenem,Mutant Prevention Concentrations of Imipenem and Meropenem against Pseudomonas aeruginosa and Acinetobacter baumannii,"Dahdouh E, Shoucair SH, Salem SE, Daoud Z. Mutant prevention concentrations of imipenem and meropenem against Pseudomonas aeruginosa and Acinetobacter baumannii. ScientificWorldJournal. 2014;2014:979648. doi: 10.1155/2014/979648. Epub 2014 Dec 30. PMID: 25610915; PMCID: PMC4293862."
PMC4293862,MSW,64,μg/mL,Table - PMC,Isolate 10,Pseudomonas spp.,P5,clinical isolates,R,NaN,Imipenem,Mutant Prevention Concentrations of Imipenem and Meropenem against Pseudomonas aeruginosa and Acinetobacter baumannii,"Dahdouh E, Shoucair SH, Salem SE, Daoud Z. Mutant prevention concentrations of imipenem and meropenem against Pseudomonas aeruginosa and Acinetobacter baumannii. ScientificWorldJournal. 2014;2014:979648. doi: 10.1155/2014/979648. Epub 2014 Dec 30. PMID: 25610915; PMCID: PMC4293862."
PMC4293862,MIC,4,μg/mL,Table - PMC,Isolate 11,Acinetobacter baumannii,A1,clinical isolates,S,NaN,Meropenem,Mutant Prevention Concentrations of Imipenem and Meropenem against Pseudomonas aeruginosa and Acinetobacter baumannii,"Dahdouh E, Shoucair SH, Salem SE, Daoud Z. Mutant prevention concentrations of imipenem and meropenem against Pseudomonas aeruginosa and Acinetobacter baumannii. ScientificWorldJournal. 2014;2014:979648. doi: 10.1155/2014/979648. Epub 2014 Dec 30. PMID: 25610915; PMCID: PMC4293862."
PMC4293862,Average MIC,23.2 ± 12.77,μg/mL,Table - PMC,Isolate 11,Acinetobacter baumannii,A1,clinical isolates,S,NaN,Meropenem,Mutant Prevention Concentrations of Imipenem and Meropenem against Pseudomonas aeruginosa and Acinetobacter baumannii,"Dahdouh E, Shoucair SH, Salem SE, Daoud Z. Mutant prevention concentrations of imipenem and meropenem against Pseudomonas aeruginosa and Acinetobacter baumannii. ScientificWorldJournal. 2014;2014:979648. doi: 10.1155/2014/979648. Epub 2014 Dec 30. PMID: 25610915; PMCID: PMC4293862."
PMC4293862,MPC,70,μg/mL,Table - PMC,Isolate 11,Acinetobacter baumannii,A1,clinical isolates,S,NaN,Meropenem,Mutant Prevention Concentrations of Imipenem and Meropenem against Pseudomonas aeruginosa and Acinetobacter baumannii,"Dahdouh E, Shoucair SH, Salem SE, Daoud Z. Mutant prevention concentrations of imipenem and meropenem against Pseudomonas aeruginosa and Acinetobacter baumannii. ScientificWorldJournal. 2014;2014:979648. doi: 10.1155/2014/979648. Epub 2014 Dec 30. PMID: 25610915; PMCID: PMC4293862."
PMC4293862,Average MPC,101 ± 61.68,μg/mL,Table - PMC,Isolate 11,Acinetobacter baumannii,A1,clinical isolates,S,NaN,Meropenem,Mutant Prevention Concentrations of Imipenem and Meropenem against Pseudomonas aeruginosa and Acinetobacter baumannii,"Dahdouh E, Shoucair SH, Salem SE, Daoud Z. Mutant prevention concentrations of imipenem and meropenem against Pseudomonas aeruginosa and Acinetobacter baumannii. ScientificWorldJournal. 2014;2014:979648. doi: 10.1155/2014/979648. Epub 2014 Dec 30. PMID: 25610915; PMCID: PMC4293862."
PMC4293862,MSW,66,μg/mL,Table - PMC,Isolate 11,Acinetobacter baumannii,A1,clinical isolates,S,NaN,Meropenem,Mutant Prevention Concentrations of Imipenem and Meropenem against Pseudomonas aeruginosa and Acinetobacter baumannii,"Dahdouh E, Shoucair SH, Salem SE, Daoud Z. Mutant prevention concentrations of imipenem and meropenem against Pseudomonas aeruginosa and Acinetobacter baumannii. ScientificWorldJournal. 2014;2014:979648. doi: 10.1155/2014/979648. Epub 2014 Dec 30. PMID: 25610915; PMCID: PMC4293862."
PMC4293862,Average MSW,77.8 ± 65.77,μg/mL,Table - PMC,Isolate 11,Acinetobacter baumannii,A1,clinical isolates,S,NaN,Meropenem,Mutant Prevention Concentrations of Imipenem and Meropenem against Pseudomonas aeruginosa and Acinetobacter baumannii,"Dahdouh E, Shoucair SH, Salem SE, Daoud Z. Mutant prevention concentrations of imipenem and meropenem against Pseudomonas aeruginosa and Acinetobacter baumannii. ScientificWorldJournal. 2014;2014:979648. doi: 10.1155/2014/979648. Epub 2014 Dec 30. PMID: 25610915; PMCID: PMC4293862."
PMC4293862,MIC,32,μg/mL,Table - PMC,Isolate 12,Acinetobacter baumannii,A2,clinical isolates,R,NaN,Meropenem,Mutant Prevention Concentrations of Imipenem and Meropenem against Pseudomonas aeruginosa and Acinetobacter baumannii,"Dahdouh E, Shoucair SH, Salem SE, Daoud Z. Mutant prevention concentrations of imipenem and meropenem against Pseudomonas aeruginosa and Acinetobacter baumannii. ScientificWorldJournal. 2014;2014:979648. doi: 10.1155/2014/979648. Epub 2014 Dec 30. PMID: 25610915; PMCID: PMC4293862."
PMC4293862,MPC,120,μg/mL,Table - PMC,Isolate 12,Acinetobacter baumannii,A2,clinical isolates,R,NaN,Meropenem,Mutant Prevention Concentrations of Imipenem and Meropenem against Pseudomonas aeruginosa and Acinetobacter baumannii,"Dahdouh E, Shoucair SH, Salem SE, Daoud Z. Mutant prevention concentrations of imipenem and meropenem against Pseudomonas aeruginosa and Acinetobacter baumannii. ScientificWorldJournal. 2014;2014:979648. doi: 10.1155/2014/979648. Epub 2014 Dec 30. PMID: 25610915; PMCID: PMC4293862."
PMC4293862,MSW,88,μg/mL,Table - PMC,Isolate 12,Acinetobacter baumannii,A2,clinical isolates,R,NaN,Meropenem,Mutant Prevention Concentrations of Imipenem and Meropenem against Pseudomonas aeruginosa and Acinetobacter baumannii,"Dahdouh E, Shoucair SH, Salem SE, Daoud Z. Mutant prevention concentrations of imipenem and meropenem against Pseudomonas aeruginosa and Acinetobacter baumannii. ScientificWorldJournal. 2014;2014:979648. doi: 10.1155/2014/979648. Epub 2014 Dec 30. PMID: 25610915; PMCID: PMC4293862."
PMC4293862,MIC,32,μg/mL,Table - PMC,Isolate 13,Acinetobacter baumannii,A3,clinical isolates,R,NaN,Meropenem,Mutant Prevention Concentrations of Imipenem and Meropenem against Pseudomonas aeruginosa and Acinetobacter baumannii,"Dahdouh E, Shoucair SH, Salem SE, Daoud Z. Mutant prevention concentrations of imipenem and meropenem against Pseudomonas aeruginosa and Acinetobacter baumannii. ScientificWorldJournal. 2014;2014:979648. doi: 10.1155/2014/979648. Epub 2014 Dec 30. PMID: 25610915; PMCID: PMC4293862."
PMC4293862,MPC,70,μg/mL,Table - PMC,Isolate 13,Acinetobacter baumannii,A3,clinical isolates,R,NaN,Meropenem,Mutant Prevention Concentrations of Imipenem and Meropenem against Pseudomonas aeruginosa and Acinetobacter baumannii,"Dahdouh E, Shoucair SH, Salem SE, Daoud Z. Mutant prevention concentrations of imipenem and meropenem against Pseudomonas aeruginosa and Acinetobacter baumannii. ScientificWorldJournal. 2014;2014:979648. doi: 10.1155/2014/979648. Epub 2014 Dec 30. PMID: 25610915; PMCID: PMC4293862."
PMC4293862,MSW,38,μg/mL,Table - PMC,Isolate 13,Acinetobacter baumannii,A3,clinical isolates,R,NaN,Meropenem,Mutant Prevention Concentrations of Imipenem and Meropenem against Pseudomonas aeruginosa and Acinetobacter baumannii,"Dahdouh E, Shoucair SH, Salem SE, Daoud Z. Mutant prevention concentrations of imipenem and meropenem against Pseudomonas aeruginosa and Acinetobacter baumannii. ScientificWorldJournal. 2014;2014:979648. doi: 10.1155/2014/979648. Epub 2014 Dec 30. PMID: 25610915; PMCID: PMC4293862."
PMC4293862,MIC,16,μg/mL,Table - PMC,Isolate 14,Acinetobacter baumannii,A4,clinical isolates,R,NaN,Meropenem,Mutant Prevention Concentrations of Imipenem and Meropenem against Pseudomonas aeruginosa and Acinetobacter baumannii,"Dahdouh E, Shoucair SH, Salem SE, Daoud Z. Mutant prevention concentrations of imipenem and meropenem against Pseudomonas aeruginosa and Acinetobacter baumannii. ScientificWorldJournal. 2014;2014:979648. doi: 10.1155/2014/979648. Epub 2014 Dec 30. PMID: 25610915; PMCID: PMC4293862."
PMC4293862,MPC,200,μg/mL,Table - PMC,Isolate 14,Acinetobacter baumannii,A4,clinical isolates,R,NaN,Meropenem,Mutant Prevention Concentrations of Imipenem and Meropenem against Pseudomonas aeruginosa and Acinetobacter baumannii,"Dahdouh E, Shoucair SH, Salem SE, Daoud Z. Mutant prevention concentrations of imipenem and meropenem against Pseudomonas aeruginosa and Acinetobacter baumannii. ScientificWorldJournal. 2014;2014:979648. doi: 10.1155/2014/979648. Epub 2014 Dec 30. PMID: 25610915; PMCID: PMC4293862."
PMC4293862,MSW,184,μg/mL,Table - PMC,Isolate 14,Acinetobacter baumannii,A4,clinical isolates,R,NaN,Meropenem,Mutant Prevention Concentrations of Imipenem and Meropenem against Pseudomonas aeruginosa and Acinetobacter baumannii,"Dahdouh E, Shoucair SH, Salem SE, Daoud Z. Mutant prevention concentrations of imipenem and meropenem against Pseudomonas aeruginosa and Acinetobacter baumannii. ScientificWorldJournal. 2014;2014:979648. doi: 10.1155/2014/979648. Epub 2014 Dec 30. PMID: 25610915; PMCID: PMC4293862."
PMC4293862,MIC,32,μg/mL,Table - PMC,Isolate 15,Acinetobacter baumannii,A5,clinical isolates,R,NaN,Meropenem,Mutant Prevention Concentrations of Imipenem and Meropenem against Pseudomonas aeruginosa and Acinetobacter baumannii,"Dahdouh E, Shoucair SH, Salem SE, Daoud Z. Mutant prevention concentrations of imipenem and meropenem against Pseudomonas aeruginosa and Acinetobacter baumannii. ScientificWorldJournal. 2014;2014:979648. doi: 10.1155/2014/979648. Epub 2014 Dec 30. PMID: 25610915; PMCID: PMC4293862."
PMC4293862,MPC,45,μg/mL,Table - PMC,Isolate 15,Acinetobacter baumannii,A5,clinical isolates,R,NaN,Meropenem,Mutant Prevention Concentrations of Imipenem and Meropenem against Pseudomonas aeruginosa and Acinetobacter baumannii,"Dahdouh E, Shoucair SH, Salem SE, Daoud Z. Mutant prevention concentrations of imipenem and meropenem against Pseudomonas aeruginosa and Acinetobacter baumannii. ScientificWorldJournal. 2014;2014:979648. doi: 10.1155/2014/979648. Epub 2014 Dec 30. PMID: 25610915; PMCID: PMC4293862."
PMC4293862,MSW,13,μg/mL,Table - PMC,Isolate 15,Acinetobacter baumannii,A5,clinical isolates,R,NaN,Meropenem,Mutant Prevention Concentrations of Imipenem and Meropenem against Pseudomonas aeruginosa and Acinetobacter baumannii,"Dahdouh E, Shoucair SH, Salem SE, Daoud Z. Mutant prevention concentrations of imipenem and meropenem against Pseudomonas aeruginosa and Acinetobacter baumannii. ScientificWorldJournal. 2014;2014:979648. doi: 10.1155/2014/979648. Epub 2014 Dec 30. PMID: 25610915; PMCID: PMC4293862."
PMC4293862,MIC,2,μg/mL,Table - PMC,Isolate 16,Pseudomonas spp.,P1,clinical isolates,S,NaN,Meropenem,Mutant Prevention Concentrations of Imipenem and Meropenem against Pseudomonas aeruginosa and Acinetobacter baumannii,"Dahdouh E, Shoucair SH, Salem SE, Daoud Z. Mutant prevention concentrations of imipenem and meropenem against Pseudomonas aeruginosa and Acinetobacter baumannii. ScientificWorldJournal. 2014;2014:979648. doi: 10.1155/2014/979648. Epub 2014 Dec 30. PMID: 25610915; PMCID: PMC4293862."
PMC4293862,Average MIC,3.8 ± 3.88,μg/mL,Table - PMC,Isolate 16,Pseudomonas spp.,P1,clinical isolates,S,NaN,Meropenem,Mutant Prevention Concentrations of Imipenem and Meropenem against Pseudomonas aeruginosa and Acinetobacter baumannii,"Dahdouh E, Shoucair SH, Salem SE, Daoud Z. Mutant prevention concentrations of imipenem and meropenem against Pseudomonas aeruginosa and Acinetobacter baumannii. ScientificWorldJournal. 2014;2014:979648. doi: 10.1155/2014/979648. Epub 2014 Dec 30. PMID: 25610915; PMCID: PMC4293862."
PMC4293862,MPC,14,μg/mL,Table - PMC,Isolate 16,Pseudomonas spp.,P1,clinical isolates,S,NaN,Meropenem,Mutant Prevention Concentrations of Imipenem and Meropenem against Pseudomonas aeruginosa and Acinetobacter baumannii,"Dahdouh E, Shoucair SH, Salem SE, Daoud Z. Mutant prevention concentrations of imipenem and meropenem against Pseudomonas aeruginosa and Acinetobacter baumannii. ScientificWorldJournal. 2014;2014:979648. doi: 10.1155/2014/979648. Epub 2014 Dec 30. PMID: 25610915; PMCID: PMC4293862."
PMC4293862,Average MPC,13.5 ± 11.48,μg/mL,Table - PMC,Isolate 16,Pseudomonas spp.,P1,clinical isolates,S,NaN,Meropenem,Mutant Prevention Concentrations of Imipenem and Meropenem against Pseudomonas aeruginosa and Acinetobacter baumannii,"Dahdouh E, Shoucair SH, Salem SE, Daoud Z. Mutant prevention concentrations of imipenem and meropenem against Pseudomonas aeruginosa and Acinetobacter baumannii. ScientificWorldJournal. 2014;2014:979648. doi: 10.1155/2014/979648. Epub 2014 Dec 30. PMID: 25610915; PMCID: PMC4293862."
PMC4293862,MSW,12,μg/mL,Table - PMC,Isolate 16,Pseudomonas spp.,P1,clinical isolates,S,NaN,Meropenem,Mutant Prevention Concentrations of Imipenem and Meropenem against Pseudomonas aeruginosa and Acinetobacter baumannii,"Dahdouh E, Shoucair SH, Salem SE, Daoud Z. Mutant prevention concentrations of imipenem and meropenem against Pseudomonas aeruginosa and Acinetobacter baumannii. ScientificWorldJournal. 2014;2014:979648. doi: 10.1155/2014/979648. Epub 2014 Dec 30. PMID: 25610915; PMCID: PMC4293862."
PMC4293862,Average MSW,9.7 ± 8.23,μg/mL,Table - PMC,Isolate 16,Pseudomonas spp.,P1,clinical isolates,S,NaN,Meropenem,Mutant Prevention Concentrations of Imipenem and Meropenem against Pseudomonas aeruginosa and Acinetobacter baumannii,"Dahdouh E, Shoucair SH, Salem SE, Daoud Z. Mutant prevention concentrations of imipenem and meropenem against Pseudomonas aeruginosa and Acinetobacter baumannii. ScientificWorldJournal. 2014;2014:979648. doi: 10.1155/2014/979648. Epub 2014 Dec 30. PMID: 25610915; PMCID: PMC4293862."
PMC4293862,MIC,0.5,μg/mL,Table - PMC,Isolate 17,Pseudomonas spp.,P2,clinical isolates,S,NaN,Meropenem,Mutant Prevention Concentrations of Imipenem and Meropenem against Pseudomonas aeruginosa and Acinetobacter baumannii,"Dahdouh E, Shoucair SH, Salem SE, Daoud Z. Mutant prevention concentrations of imipenem and meropenem against Pseudomonas aeruginosa and Acinetobacter baumannii. ScientificWorldJournal. 2014;2014:979648. doi: 10.1155/2014/979648. Epub 2014 Dec 30. PMID: 25610915; PMCID: PMC4293862."
PMC4293862,MPC,1.5,μg/mL,Table - PMC,Isolate 17,Pseudomonas spp.,P2,clinical isolates,S,NaN,Meropenem,Mutant Prevention Concentrations of Imipenem and Meropenem against Pseudomonas aeruginosa and Acinetobacter baumannii,"Dahdouh E, Shoucair SH, Salem SE, Daoud Z. Mutant prevention concentrations of imipenem and meropenem against Pseudomonas aeruginosa and Acinetobacter baumannii. ScientificWorldJournal. 2014;2014:979648. doi: 10.1155/2014/979648. Epub 2014 Dec 30. PMID: 25610915; PMCID: PMC4293862."
PMC4293862,MSW,1,μg/mL,Table - PMC,Isolate 17,Pseudomonas spp.,P2,clinical isolates,S,NaN,Meropenem,Mutant Prevention Concentrations of Imipenem and Meropenem against Pseudomonas aeruginosa and Acinetobacter baumannii,"Dahdouh E, Shoucair SH, Salem SE, Daoud Z. Mutant prevention concentrations of imipenem and meropenem against Pseudomonas aeruginosa and Acinetobacter baumannii. ScientificWorldJournal. 2014;2014:979648. doi: 10.1155/2014/979648. Epub 2014 Dec 30. PMID: 25610915; PMCID: PMC4293862."
PMC4293862,MIC,0.5,μg/mL,Table - PMC,Isolate 18,Pseudomonas spp.,P3,clinical isolates,S,NaN,Meropenem,Mutant Prevention Concentrations of Imipenem and Meropenem against Pseudomonas aeruginosa and Acinetobacter baumannii,"Dahdouh E, Shoucair SH, Salem SE, Daoud Z. Mutant prevention concentrations of imipenem and meropenem against Pseudomonas aeruginosa and Acinetobacter baumannii. ScientificWorldJournal. 2014;2014:979648. doi: 10.1155/2014/979648. Epub 2014 Dec 30. PMID: 25610915; PMCID: PMC4293862."
PMC4293862,MPC,4,μg/mL,Table - PMC,Isolate 18,Pseudomonas spp.,P3,clinical isolates,S,NaN,Meropenem,Mutant Prevention Concentrations of Imipenem and Meropenem against Pseudomonas aeruginosa and Acinetobacter baumannii,"Dahdouh E, Shoucair SH, Salem SE, Daoud Z. Mutant prevention concentrations of imipenem and meropenem against Pseudomonas aeruginosa and Acinetobacter baumannii. ScientificWorldJournal. 2014;2014:979648. doi: 10.1155/2014/979648. Epub 2014 Dec 30. PMID: 25610915; PMCID: PMC4293862."
PMC4293862,MSW,3.5,μg/mL,Table - PMC,Isolate 18,Pseudomonas spp.,P3,clinical isolates,S,NaN,Meropenem,Mutant Prevention Concentrations of Imipenem and Meropenem against Pseudomonas aeruginosa and Acinetobacter baumannii,"Dahdouh E, Shoucair SH, Salem SE, Daoud Z. Mutant prevention concentrations of imipenem and meropenem against Pseudomonas aeruginosa and Acinetobacter baumannii. ScientificWorldJournal. 2014;2014:979648. doi: 10.1155/2014/979648. Epub 2014 Dec 30. PMID: 25610915; PMCID: PMC4293862."
PMC4293862,MIC,8,μg/mL,Table - PMC,Isolate 19,Pseudomonas spp.,P4,clinical isolates,I,NaN,Meropenem,Mutant Prevention Concentrations of Imipenem and Meropenem against Pseudomonas aeruginosa and Acinetobacter baumannii,"Dahdouh E, Shoucair SH, Salem SE, Daoud Z. Mutant prevention concentrations of imipenem and meropenem against Pseudomonas aeruginosa and Acinetobacter baumannii. ScientificWorldJournal. 2014;2014:979648. doi: 10.1155/2014/979648. Epub 2014 Dec 30. PMID: 25610915; PMCID: PMC4293862."
PMC4293862,MPC,30,μg/mL,Table - PMC,Isolate 19,Pseudomonas spp.,P4,clinical isolates,I,NaN,Meropenem,Mutant Prevention Concentrations of Imipenem and Meropenem against Pseudomonas aeruginosa and Acinetobacter baumannii,"Dahdouh E, Shoucair SH, Salem SE, Daoud Z. Mutant prevention concentrations of imipenem and meropenem against Pseudomonas aeruginosa and Acinetobacter baumannii. ScientificWorldJournal. 2014;2014:979648. doi: 10.1155/2014/979648. Epub 2014 Dec 30. PMID: 25610915; PMCID: PMC4293862."
PMC4293862,MSW,22,μg/mL,Table - PMC,Isolate 19,Pseudomonas spp.,P4,clinical isolates,I,NaN,Meropenem,Mutant Prevention Concentrations of Imipenem and Meropenem against Pseudomonas aeruginosa and Acinetobacter baumannii,"Dahdouh E, Shoucair SH, Salem SE, Daoud Z. Mutant prevention concentrations of imipenem and meropenem against Pseudomonas aeruginosa and Acinetobacter baumannii. ScientificWorldJournal. 2014;2014:979648. doi: 10.1155/2014/979648. Epub 2014 Dec 30. PMID: 25610915; PMCID: PMC4293862."
PMC4293862,MIC,8,μg/mL,Table - PMC,Isolate 20,Pseudomonas spp.,P5,clinical isolates,I,NaN,Meropenem,Mutant Prevention Concentrations of Imipenem and Meropenem against Pseudomonas aeruginosa and Acinetobacter baumannii,"Dahdouh E, Shoucair SH, Salem SE, Daoud Z. Mutant prevention concentrations of imipenem and meropenem against Pseudomonas aeruginosa and Acinetobacter baumannii. ScientificWorldJournal. 2014;2014:979648. doi: 10.1155/2014/979648. Epub 2014 Dec 30. PMID: 25610915; PMCID: PMC4293862."
PMC4293862,MPC,18,μg/mL,Table - PMC,Isolate 20,Pseudomonas spp.,P5,clinical isolates,I,NaN,Meropenem,Mutant Prevention Concentrations of Imipenem and Meropenem against Pseudomonas aeruginosa and Acinetobacter baumannii,"Dahdouh E, Shoucair SH, Salem SE, Daoud Z. Mutant prevention concentrations of imipenem and meropenem against Pseudomonas aeruginosa and Acinetobacter baumannii. ScientificWorldJournal. 2014;2014:979648. doi: 10.1155/2014/979648. Epub 2014 Dec 30. PMID: 25610915; PMCID: PMC4293862."
PMC4293862,MSW,10,μg/mL,Table - PMC,Isolate 20,Pseudomonas spp.,P5,clinical isolates,I,NaN,Meropenem,Mutant Prevention Concentrations of Imipenem and Meropenem against Pseudomonas aeruginosa and Acinetobacter baumannii,"Dahdouh E, Shoucair SH, Salem SE, Daoud Z. Mutant prevention concentrations of imipenem and meropenem against Pseudomonas aeruginosa and Acinetobacter baumannii. ScientificWorldJournal. 2014;2014:979648. doi: 10.1155/2014/979648. Epub 2014 Dec 30. PMID: 25610915; PMCID: PMC4293862."
PMC4293862,average MPC,255.2,μg/mL,The data using Imipenem shows that Acinetobacter baumannii strains had a higher average MPC (255.2 μg/mL) and MSW (219.6 μg/mL) than Pseudomonas spp. (48 μg/mL and 40.5 μg/mL resp.).,Isolate 21,Acinetobacter baumannii,NaN,clinical isolates,NaN,NaN,Imipenem,Mutant Prevention Concentrations of Imipenem and Meropenem against Pseudomonas aeruginosa and Acinetobacter baumannii,"Dahdouh E, Shoucair SH, Salem SE, Daoud Z. Mutant prevention concentrations of imipenem and meropenem against Pseudomonas aeruginosa and Acinetobacter baumannii. ScientificWorldJournal. 2014;2014:979648. doi: 10.1155/2014/979648. Epub 2014 Dec 30. PMID: 25610915; PMCID: PMC4293862."
PMC4293862,MSW,219.6,μg/mL,The data using Imipenem shows that Acinetobacter baumannii strains had a higher average MPC (255.2 μg/mL) and MSW (219.6 μg/mL) than Pseudomonas spp. (48 μg/mL and 40.5 μg/mL resp.).,Isolate 21,Acinetobacter baumannii,NaN,clinical isolates,NaN,NaN,Imipenem,Mutant Prevention Concentrations of Imipenem and Meropenem against Pseudomonas aeruginosa and Acinetobacter baumannii,"Dahdouh E, Shoucair SH, Salem SE, Daoud Z. Mutant prevention concentrations of imipenem and meropenem against Pseudomonas aeruginosa and Acinetobacter baumannii. ScientificWorldJournal. 2014;2014:979648. doi: 10.1155/2014/979648. Epub 2014 Dec 30. PMID: 25610915; PMCID: PMC4293862."
PMC4293862,average MPC,48,μg/mL,The data using Imipenem shows that Acinetobacter baumannii strains had a higher average MPC (255.2 μg/mL) and MSW (219.6 μg/mL) than Pseudomonas spp. (48 μg/mL and 40.5 μg/mL resp.).,Isolate 22,Pseudomonas spp.,NaN,clinical isolates,NaN,NaN,Imipenem,Mutant Prevention Concentrations of Imipenem and Meropenem against Pseudomonas aeruginosa and Acinetobacter baumannii,"Dahdouh E, Shoucair SH, Salem SE, Daoud Z. Mutant prevention concentrations of imipenem and meropenem against Pseudomonas aeruginosa and Acinetobacter baumannii. ScientificWorldJournal. 2014;2014:979648. doi: 10.1155/2014/979648. Epub 2014 Dec 30. PMID: 25610915; PMCID: PMC4293862."
PMC4293862,MSW,40.5,μg/mL,The data using Imipenem shows that Acinetobacter baumannii strains had a higher average MPC (255.2 μg/mL) and MSW (219.6 μg/mL) than Pseudomonas spp. (48 μg/mL and 40.5 μg/mL resp.).,Isolate 22,Pseudomonas spp.,NaN,clinical isolates,NaN,NaN,Imipenem,Mutant Prevention Concentrations of Imipenem and Meropenem against Pseudomonas aeruginosa and Acinetobacter baumannii,"Dahdouh E, Shoucair SH, Salem SE, Daoud Z. Mutant prevention concentrations of imipenem and meropenem against Pseudomonas aeruginosa and Acinetobacter baumannii. ScientificWorldJournal. 2014;2014:979648. doi: 10.1155/2014/979648. Epub 2014 Dec 30. PMID: 25610915; PMCID: PMC4293862."
PMC4293862,MSW,672,μg/mL,Strain A4 had the highest MSW (672 μg/mL) while strain A1 showed the lowest MSW (2 μg/mL).,Isolate 4,Acinetobacter baumannii,A4,clinical isolates,R,NaN,Imipenem,Mutant Prevention Concentrations of Imipenem and Meropenem against Pseudomonas aeruginosa and Acinetobacter baumannii,"Dahdouh E, Shoucair SH, Salem SE, Daoud Z. Mutant prevention concentrations of imipenem and meropenem against Pseudomonas aeruginosa and Acinetobacter baumannii. ScientificWorldJournal. 2014;2014:979648. doi: 10.1155/2014/979648. Epub 2014 Dec 30. PMID: 25610915; PMCID: PMC4293862."
PMC4293862,MSW,2,μg/mL,Strain A4 had the highest MSW (672 μg/mL) while strain A1 showed the lowest MSW (2 μg/mL).,Isolate 1,Acinetobacter baumannii,A1,clinical isolates,S,NaN,Imipenem,Mutant Prevention Concentrations of Imipenem and Meropenem against Pseudomonas aeruginosa and Acinetobacter baumannii,"Dahdouh E, Shoucair SH, Salem SE, Daoud Z. Mutant prevention concentrations of imipenem and meropenem against Pseudomonas aeruginosa and Acinetobacter baumannii. ScientificWorldJournal. 2014;2014:979648. doi: 10.1155/2014/979648. Epub 2014 Dec 30. PMID: 25610915; PMCID: PMC4293862."
PMC4293862,average MSW,274,μg/mL,The average MSW of resistant Acinetobacter baumannii strains (274 μg/mL) was much higher than that of susceptible strains (2 μg/mL).,Isolate 23,Acinetobacter baumannii,NaN,clinical isolates,resistant,NaN,Imipenem,Mutant Prevention Concentrations of Imipenem and Meropenem against Pseudomonas aeruginosa and Acinetobacter baumannii,"Dahdouh E, Shoucair SH, Salem SE, Daoud Z. Mutant prevention concentrations of imipenem and meropenem against Pseudomonas aeruginosa and Acinetobacter baumannii. ScientificWorldJournal. 2014;2014:979648. doi: 10.1155/2014/979648. Epub 2014 Dec 30. PMID: 25610915; PMCID: PMC4293862."
PMC4293862,average MSW,2,μg/mL,The average MSW of resistant Acinetobacter baumannii strains (274 μg/mL) was much higher than that of susceptible strains (2 μg/mL).,Isolate 24,Acinetobacter baumannii,NaN,clinical isolates,susceptible,NaN,Imipenem,Mutant Prevention Concentrations of Imipenem and Meropenem against Pseudomonas aeruginosa and Acinetobacter baumannii,"Dahdouh E, Shoucair SH, Salem SE, Daoud Z. Mutant prevention concentrations of imipenem and meropenem against Pseudomonas aeruginosa and Acinetobacter baumannii. ScientificWorldJournal. 2014;2014:979648. doi: 10.1155/2014/979648. Epub 2014 Dec 30. PMID: 25610915; PMCID: PMC4293862."
PMC4293862,average MSW,79,μg/mL,Resistant Pseudomonas spp. strains also had a higher average MSW (79 μg/mL) than susceptible strains (14.38 μg/mL).,Isolate 25,Pseudomonas spp.,NaN,clinical isolates,Resistant,NaN,Imipenem,Mutant Prevention Concentrations of Imipenem and Meropenem against Pseudomonas aeruginosa and Acinetobacter baumannii,"Dahdouh E, Shoucair SH, Salem SE, Daoud Z. Mutant prevention concentrations of imipenem and meropenem against Pseudomonas aeruginosa and Acinetobacter baumannii. ScientificWorldJournal. 2014;2014:979648. doi: 10.1155/2014/979648. Epub 2014 Dec 30. PMID: 25610915; PMCID: PMC4293862."
PMC4293862,average MSW,14.38,μg/mL,Resistant Pseudomonas spp. strains also had a higher average MSW (79 μg/mL) than susceptible strains (14.38 μg/mL).,Isolate 26,Pseudomonas spp.,NaN,clinical isolates,susceptible,NaN,Imipenem,Mutant Prevention Concentrations of Imipenem and Meropenem against Pseudomonas aeruginosa and Acinetobacter baumannii,"Dahdouh E, Shoucair SH, Salem SE, Daoud Z. Mutant prevention concentrations of imipenem and meropenem against Pseudomonas aeruginosa and Acinetobacter baumannii. ScientificWorldJournal. 2014;2014:979648. doi: 10.1155/2014/979648. Epub 2014 Dec 30. PMID: 25610915; PMCID: PMC4293862."
PMC4293862,average MPC,101,μg/mL,"Using Meropenem, Acinetobacter baumannii strains showed higher average MPC (101 μg/mL) and MSW (77.8 μg/mL) values than Pseudomonas spp. (13.5 μg/mL and 9.7 μg/mL resp.).",Isolate 27,Acinetobacter baumannii,NaN,clinical isolates,NaN,NaN,Meropenem,Mutant Prevention Concentrations of Imipenem and Meropenem against Pseudomonas aeruginosa and Acinetobacter baumannii,"Dahdouh E, Shoucair SH, Salem SE, Daoud Z. Mutant prevention concentrations of imipenem and meropenem against Pseudomonas aeruginosa and Acinetobacter baumannii. ScientificWorldJournal. 2014;2014:979648. doi: 10.1155/2014/979648. Epub 2014 Dec 30. PMID: 25610915; PMCID: PMC4293862."
PMC4293862,MSW,77.8,μg/mL,"Using Meropenem, Acinetobacter baumannii strains showed higher average MPC (101 μg/mL) and MSW (77.8 μg/mL) values than Pseudomonas spp. (13.5 μg/mL and 9.7 μg/mL resp.).",Isolate 27,Acinetobacter baumannii,NaN,clinical isolates,NaN,NaN,Meropenem,Mutant Prevention Concentrations of Imipenem and Meropenem against Pseudomonas aeruginosa and Acinetobacter baumannii,"Dahdouh E, Shoucair SH, Salem SE, Daoud Z. Mutant prevention concentrations of imipenem and meropenem against Pseudomonas aeruginosa and Acinetobacter baumannii. ScientificWorldJournal. 2014;2014:979648. doi: 10.1155/2014/979648. Epub 2014 Dec 30. PMID: 25610915; PMCID: PMC4293862."
PMC4293862,average MPC,13.5,μg/mL,"Using Meropenem, Acinetobacter baumannii strains showed higher average MPC (101 μg/mL) and MSW (77.8 μg/mL) values than Pseudomonas spp. (13.5 μg/mL and 9.7 μg/mL resp.).",Isolate 28,Pseudomonas spp.,NaN,clinical isolates,NaN,NaN,Meropenem,Mutant Prevention Concentrations of Imipenem and Meropenem against Pseudomonas aeruginosa and Acinetobacter baumannii,"Dahdouh E, Shoucair SH, Salem SE, Daoud Z. Mutant prevention concentrations of imipenem and meropenem against Pseudomonas aeruginosa and Acinetobacter baumannii. ScientificWorldJournal. 2014;2014:979648. doi: 10.1155/2014/979648. Epub 2014 Dec 30. PMID: 25610915; PMCID: PMC4293862."
PMC4293862,MSW,9.7,μg/mL,"Using Meropenem, Acinetobacter baumannii strains showed higher average MPC (101 μg/mL) and MSW (77.8 μg/mL) values than Pseudomonas spp. (13.5 μg/mL and 9.7 μg/mL resp.).",Isolate 28,Pseudomonas spp.,NaN,clinical isolates,NaN,NaN,Meropenem,Mutant Prevention Concentrations of Imipenem and Meropenem against Pseudomonas aeruginosa and Acinetobacter baumannii,"Dahdouh E, Shoucair SH, Salem SE, Daoud Z. Mutant prevention concentrations of imipenem and meropenem against Pseudomonas aeruginosa and Acinetobacter baumannii. ScientificWorldJournal. 2014;2014:979648. doi: 10.1155/2014/979648. Epub 2014 Dec 30. PMID: 25610915; PMCID: PMC4293862."
PMC4293862,MSW,184,μg/mL,The highest MSW observed was for strain A4 (184 μg/mL) and the smallest MSW observed was for strain P2 (1 μg/mL).,Isolate 14,Acinetobacter baumannii,A4,clinical isolates,R,NaN,Meropenem,Mutant Prevention Concentrations of Imipenem and Meropenem against Pseudomonas aeruginosa and Acinetobacter baumannii,"Dahdouh E, Shoucair SH, Salem SE, Daoud Z. Mutant prevention concentrations of imipenem and meropenem against Pseudomonas aeruginosa and Acinetobacter baumannii. ScientificWorldJournal. 2014;2014:979648. doi: 10.1155/2014/979648. Epub 2014 Dec 30. PMID: 25610915; PMCID: PMC4293862."
PMC4293862,MSW,1,μg/mL,The highest MSW observed was for strain A4 (184 μg/mL) and the smallest MSW observed was for strain P2 (1 μg/mL).,Isolate 17,Pseudomonas spp.,P2,clinical isolates,S,NaN,Meropenem,Mutant Prevention Concentrations of Imipenem and Meropenem against Pseudomonas aeruginosa and Acinetobacter baumannii,"Dahdouh E, Shoucair SH, Salem SE, Daoud Z. Mutant prevention concentrations of imipenem and meropenem against Pseudomonas aeruginosa and Acinetobacter baumannii. ScientificWorldJournal. 2014;2014:979648. doi: 10.1155/2014/979648. Epub 2014 Dec 30. PMID: 25610915; PMCID: PMC4293862."
PMC4293862,average MSW,80.75,μg/mL,A higher average MSW for resistant Acinetobacter strains (80.75 μg/mL) as compared to susceptible strains (66 μg/mL) was also observed for this antibiotic.,Isolate 29,Acinetobacter baumannii,NaN,clinical isolates,resistant,NaN,Meropenem,Mutant Prevention Concentrations of Imipenem and Meropenem against Pseudomonas aeruginosa and Acinetobacter baumannii,"Dahdouh E, Shoucair SH, Salem SE, Daoud Z. Mutant prevention concentrations of imipenem and meropenem against Pseudomonas aeruginosa and Acinetobacter baumannii. ScientificWorldJournal. 2014;2014:979648. doi: 10.1155/2014/979648. Epub 2014 Dec 30. PMID: 25610915; PMCID: PMC4293862."
PMC4293862,average MSW,66,μg/mL,A higher average MSW for resistant Acinetobacter strains (80.75 μg/mL) as compared to susceptible strains (66 μg/mL) was also observed for this antibiotic.,Isolate 30,Acinetobacter baumannii,NaN,clinical isolates,susceptible,NaN,Meropenem,Mutant Prevention Concentrations of Imipenem and Meropenem against Pseudomonas aeruginosa and Acinetobacter baumannii,"Dahdouh E, Shoucair SH, Salem SE, Daoud Z. Mutant prevention concentrations of imipenem and meropenem against Pseudomonas aeruginosa and Acinetobacter baumannii. ScientificWorldJournal. 2014;2014:979648. doi: 10.1155/2014/979648. Epub 2014 Dec 30. PMID: 25610915; PMCID: PMC4293862."
PMC4293862,MSW average,16,μg/mL,"Similarly, resistant Pseudomonas strains had a higher MSW average (16 μg/mL) than susceptible strains (5.5 μg/mL).",Isolate 31,Pseudomonas spp.,NaN,clinical isolates,resistant,NaN,Meropenem,Mutant Prevention Concentrations of Imipenem and Meropenem against Pseudomonas aeruginosa and Acinetobacter baumannii,"Dahdouh E, Shoucair SH, Salem SE, Daoud Z. Mutant prevention concentrations of imipenem and meropenem against Pseudomonas aeruginosa and Acinetobacter baumannii. ScientificWorldJournal. 2014;2014:979648. doi: 10.1155/2014/979648. Epub 2014 Dec 30. PMID: 25610915; PMCID: PMC4293862."
PMC4293862,MSW average,5.5,μg/mL,"Similarly, resistant Pseudomonas strains had a higher MSW average (16 μg/mL) than susceptible strains (5.5 μg/mL).",Isolate 32,Pseudomonas spp.,NaN,clinical isolates,susceptible,NaN,Meropenem,Mutant Prevention Concentrations of Imipenem and Meropenem against Pseudomonas aeruginosa and Acinetobacter baumannii,"Dahdouh E, Shoucair SH, Salem SE, Daoud Z. Mutant prevention concentrations of imipenem and meropenem against Pseudomonas aeruginosa and Acinetobacter baumannii. ScientificWorldJournal. 2014;2014:979648. doi: 10.1155/2014/979648. Epub 2014 Dec 30. PMID: 25610915; PMCID: PMC4293862."
PMC4293862,MIC,4-fold decrease,NaN,A 4-fold decrease in MIC upon NaCl addition was considered positive for OXA production.,Isolate 33,Pseudomonas spp.,NaN,clinical isolates,NaN,NaN,NaCl,Mutant Prevention Concentrations of Imipenem and Meropenem against Pseudomonas aeruginosa and Acinetobacter baumannii,"Dahdouh E, Shoucair SH, Salem SE, Daoud Z. Mutant prevention concentrations of imipenem and meropenem against Pseudomonas aeruginosa and Acinetobacter baumannii. ScientificWorldJournal. 2014;2014:979648. doi: 10.1155/2014/979648. Epub 2014 Dec 30. PMID: 25610915; PMCID: PMC4293862."
PMC4293862,MIC,4-fold decrease,NaN,A 4-fold decrease in MIC upon NaCl addition was considered positive for OXA production.,Isolate 34,Acinetobacter spp.,NaN,clinical isolates,NaN,NaN,NaCl,Mutant Prevention Concentrations of Imipenem and Meropenem against Pseudomonas aeruginosa and Acinetobacter baumannii,"Dahdouh E, Shoucair SH, Salem SE, Daoud Z. Mutant prevention concentrations of imipenem and meropenem against Pseudomonas aeruginosa and Acinetobacter baumannii. ScientificWorldJournal. 2014;2014:979648. doi: 10.1155/2014/979648. Epub 2014 Dec 30. PMID: 25610915; PMCID: PMC4293862."
,,,,,,,,,,,,,
,,,,,,,,,,,,,
,,,,,,,,,,,,,
,,,,,,,,,,,,,
,,,,,,,,,,,,,
,,,,,,,,,,,,,
,,,,,,,,,,,,,
,,,,,,,,,,,,,
,,,,,,,,,,,,,
,,,,,,,,,,,,,
,,,,,,,,,,,,,
,,,,,,,,,,,,,
,,,,,,,,,,,,,
,,,,,,,,,,,,,
,,,,,,,,,,,,,
,,,,,,,,,,,,,
,,,,,,,,,,,,,
,,,,,,,,,,,,,
,,,,,,,,,,,,,
,,,,,,,,,,,,,
,,,,,,,,,,,,,
,,,,,,,,,,,,,
,,,,,,,,,,,,,
,,,,,,,,,,,,,
,,,,,,,,,,,,,
,,,,,,,,,,,,,
,,,,,,,,,,,,,
,,,,,,,,,,,,,
,,,,,,,,,,,,,
,,,,,,,,,,,,,
,,,,,,,,,,,,,
,,,,,,,,,,,,,
,,,,,,,,,,,,,
,,,,,,,,,,,,,
,,,,,,,,,,,,,
,,,,,,,,,,,,,
,,,,,,,,,,,,,
,,,,,,,,,,,,,
,,,,,,,,,,,,,
,,,,,,,,,,,,,
,,,,,,,,,,,,,
,,,,,,,,,,,,,
,,,,,,,,,,,,,
,,,,,,,,,,,,,
,,,,,,,,,,,,,
,,,,,,,,,,,,,
,,,,,,,,,,,,,
,,,,,,,,,,,,,
,,,,,,,,,,,,,
,,,,,,,,,,,,,
,,,,,,,,,,,,,
,,,,,,,,,,,,,
,,,,,,,,,,,,,
,,,,,,,,,,,,,
,,,,,,,,,,,,,
,,,,,,,,,,,,,
,,,,,,,,,,,,,
,,,,,,,,,,,,,
,,,,,,,,,,,,,
,,,,,,,,,,,,,
,,,,,,,,,,,,,
,,,,,,,,,,,,,
,,,,,,,,,,,,,
,,,,,,,,,,,,,
,,,,,,,,,,,,,
,,,,,,,,,,,,,
,,,,,,,,,,,,,
,,,,,,,,,,,,,
,,,,,,,,,,,,,
,,,,,,,,,,,,,
,,,,,,,,,,,,,
,,,,,,,,,,,,,
,,,,,,,,,,,,,
,,,,,,,,,,,,,
,,,,,,,,,,,,,
,,,,,,,,,,,,,
,,,,,,,,,,,,,
,,,,,,,,,,,,,
,,,,,,,,,,,,,
,,,,,,,,,,,,,
,,,,,,,,,,,,,
,,,,,,,,,,,,,
,,,,,,,,,,,,,
,,,,,,,,,,,,,
,,,,,,,,,,,,,
,,,,,,,,,,,,,
,,,,,,,,,,,,,
,,,,,,,,,,,,,
,,,,,,,,,,,,,
,,,,,,,,,,,,,
,,,,,,,,,,,,,
,,,,,,,,,,,,,
,,,,,,,,,,,,,
,,,,,,,,,,,,,
,,,,,,,,,,,,,
,,,,,,,,,,,,,
,,,,,,,,,,,,,
,,,,,,,,,,,,,
,,,,,,,,,,,,,
,,,,,,,,,,,,,
,,,,,,,,,,,,,
,,,,,,,,,,,,,
,,,,,,,,,,,,,
,,,,,,,,,,,,,
,,,,,,,,,,,,,
,,,,,,,,,,,,,
,,,,,,,,,,,,,
